Category URL,Product Count
https://www.luckyvitamin.com/c-1680-clearance-priced-items,2586
https://www.luckyvitamin.com/c-1681-new-products-recently-added,1500
https://www.luckyvitamin.com/c-4721-spring-beauty-sale,1376
https://www.luckyvitamin.com/c-1743-lucky-deals-specials,1207
https://www.luckyvitamin.com/c-14887-vegan-sale,998
https://www.luckyvitamin.com/c-4762-teas,714
https://www.luckyvitamin.com/c-15059-all-easter-gift-items,676
https://www.luckyvitamin.com/c-11972-luxury-beauty,597
https://www.luckyvitamin.com/c-2326-anti-aging-skin-care,499
https://www.luckyvitamin.com/c-15047-pet-sale,484
https://www.luckyvitamin.com/c-1574-probiotics,464
https://www.luckyvitamin.com/c-578-bar-soaps,457
https://www.luckyvitamin.com/c-1127-multiple-vitamin-mineral-formulas,460
https://www.luckyvitamin.com/c-1016-essential-oils,416
https://www.luckyvitamin.com/c-1530-immune-support-formulas,394
https://www.luckyvitamin.com/c-1490-digestive-support,333
https://www.luckyvitamin.com/c-604-shampoos,347
https://www.luckyvitamin.com/c-1497-omega-3-fish-oil,289
https://www.luckyvitamin.com/c-1533-joint-inflammatory-support,304
https://www.luckyvitamin.com/c-1518-greens-supplements,295
https://www.luckyvitamin.com/c-1151-vitamin-d-formulas,297
https://www.luckyvitamin.com/c-14840-fitness-apparel-summer-sale,315
https://www.luckyvitamin.com/c-587-deodorants,293
https://www.luckyvitamin.com/c-580-body-lotions,298
https://www.luckyvitamin.com/c-574-facial-masks,296
https://www.luckyvitamin.com/c-572-conditioners,301
https://www.luckyvitamin.com/c-15060-women-owned-brands,308
https://www.luckyvitamin.com/c-1390-nutrition-bars,287
https://www.luckyvitamin.com/c-616-lip-balms,288
https://www.luckyvitamin.com/c-617-liquid-hand-soaps,280
https://www.luckyvitamin.com/c-1892-plant-protein,268
https://www.luckyvitamin.com/c-990-protein-bars,265
https://www.luckyvitamin.com/c-1489-digestive-enzymes,254
https://www.luckyvitamin.com/c-1032-scented-candles,248
https://www.luckyvitamin.com/c-1474-collagen,231
https://www.luckyvitamin.com/c-620-body-oils,246
https://www.luckyvitamin.com/c-570-body-washes,225
https://www.luckyvitamin.com/c-1145-vitamin-b-formulas,238
https://www.luckyvitamin.com/c-1893-plant-protein,252
https://www.luckyvitamin.com/c-1471-coq10,216
https://www.luckyvitamin.com/c-1120-magnesium,223
https://www.luckyvitamin.com/c-2228-candy,208
https://www.luckyvitamin.com/c-1421-antioxidants,199
https://www.luckyvitamin.com/c-1449-brain-health,209
https://www.luckyvitamin.com/c-14996-baby-and-child-gifts-sale,194
https://www.luckyvitamin.com/c-14756-women-s-tanks,203
https://www.luckyvitamin.com/c-15053-easter-gifts,223
https://www.luckyvitamin.com/c-484-baking,208
https://www.luckyvitamin.com/c-600-facial-cleansers,217
https://www.luckyvitamin.com/c-12028-facial-sheet-masks,194
https://www.luckyvitamin.com/c-1969-facial-creams,217
https://www.luckyvitamin.com/c-1150-vitamin-c-formulas,222
https://www.luckyvitamin.com/c-1906-whey-protein-blends,212
https://www.luckyvitamin.com/c-988-pre-workout-boosters,204
https://www.luckyvitamin.com/c-4742-bogo-deals,166
https://www.luckyvitamin.com/c-173-turmeric,169
https://www.luckyvitamin.com/c-1447-bone-support-formulas,162
https://www.luckyvitamin.com/c-1147-vitamin-b12,172
https://www.luckyvitamin.com/c-475-superfood-drinks-mixes,187
https://www.luckyvitamin.com/c-649-lipsticks,173
https://www.luckyvitamin.com/c-605-hair-coloring,183
https://www.luckyvitamin.com/c-15048-hydration-sale,180
https://www.luckyvitamin.com/c-460-tinctures,172
https://www.luckyvitamin.com/c-14590-plant-based-protein-bars,161
https://www.luckyvitamin.com/c-1959-facial-serums,166
https://www.luckyvitamin.com/c-983-whey-protein-isolate-powders,191
https://www.luckyvitamin.com/c-555-multiple-vitamins,149
https://www.luckyvitamin.com/c-48-green-teas,147
https://www.luckyvitamin.com/c-932-laundry-detergent,160
https://www.luckyvitamin.com/c-933-dishwashing-products,130
https://www.luckyvitamin.com/c-1156-women-s-multiples,129
https://www.luckyvitamin.com/c-1155-whole-food-vitamins,149
https://www.luckyvitamin.com/c-12027-gummy-vitamins,150
https://www.luckyvitamin.com/c-513-juices,141
https://www.luckyvitamin.com/c-500-chewing-gum,132
https://www.luckyvitamin.com/c-507-cookies,150
https://www.luckyvitamin.com/c-493-fruit-and-vegetable-snacks,136
https://www.luckyvitamin.com/c-477-gluten-free-baking,130
https://www.luckyvitamin.com/c-481-gluten-free-snack-bars,140
https://www.luckyvitamin.com/c-2319-sauces-marinades,129
https://www.luckyvitamin.com/c-1519-hair-skin-nail-formulas,159
https://www.luckyvitamin.com/c-618-foundations,131
https://www.luckyvitamin.com/c-2059-baby-toddler-food,135
https://www.luckyvitamin.com/c-602-hair-styling,143
https://www.luckyvitamin.com/c-2325-oral-health,147
https://www.luckyvitamin.com/c-641-sunscreens,153
https://www.luckyvitamin.com/c-1925-bcaa-formulas,145
https://www.luckyvitamin.com/c-943-kitchen-tools-gadgets,135
https://www.luckyvitamin.com/c-14836-k-beauty,136
https://www.luckyvitamin.com/c-1091-calcium,157
https://www.luckyvitamin.com/c-14569-seasonal-fragrance,106
https://www.luckyvitamin.com/c-993-protein-snacks,102
https://www.luckyvitamin.com/c-510-pasta,114
https://www.luckyvitamin.com/c-2339-top-100-best-sellers,100
https://www.luckyvitamin.com/c-1404-mushrooms,123
https://www.luckyvitamin.com/c-262-curcumin,100
https://www.luckyvitamin.com/c-45-black-teas,103
https://www.luckyvitamin.com/c-540-prostate-support,109
https://www.luckyvitamin.com/c-1546-melatonin,128
https://www.luckyvitamin.com/c-1552-multiple-formulas,101
https://www.luckyvitamin.com/c-1129-one-daily-multivitamin-formulas,110
https://www.luckyvitamin.com/c-1146-vitamin-b-complex-formulas,121
https://www.luckyvitamin.com/c-1153-vitamin-e-formulas,98
https://www.luckyvitamin.com/c-2029-calcium-magnesium,111
https://www.luckyvitamin.com/c-2257-water,111
https://www.luckyvitamin.com/c-533-granola,104
https://www.luckyvitamin.com/c-4663-soup,112
https://www.luckyvitamin.com/c-1722-crackers,113
https://www.luckyvitamin.com/c-478-gluten-free-natural-candy,104
https://www.luckyvitamin.com/c-506-jerky,110
https://www.luckyvitamin.com/c-1702-raw-foods,102
https://www.luckyvitamin.com/c-2331-coconut-body-care,98
https://www.luckyvitamin.com/c-14805-shop-all-men-s-apparel,125
https://www.luckyvitamin.com/c-14755-sports-bras,107
https://www.luckyvitamin.com/c-603-nail-polish,106
https://www.luckyvitamin.com/c-973-electrolytes,100
https://www.luckyvitamin.com/c-994-ready-to-drink-proteins,104
https://www.luckyvitamin.com/c-2092-mens-grooming,106
https://www.luckyvitamin.com/c-927-air-fresheners,98
https://www.luckyvitamin.com/c-937-hand-soaps-sanitizers,111
https://www.luckyvitamin.com/c-14567-holiday-body-care,115
https://www.luckyvitamin.com/c-607-hand-creams,104
https://www.luckyvitamin.com/c-1687-stainless-steel-aluminum-bottles-drinkware,106
https://www.luckyvitamin.com/c-1927-meal-replacements,106
https://www.luckyvitamin.com/c-1934-stevia,125
https://www.luckyvitamin.com/c-1789-wet-cat-food,103
https://www.luckyvitamin.com/c-549-hygiene,106
https://www.luckyvitamin.com/c-1929-energy-bars,76
https://www.luckyvitamin.com/c-353-immune-formulas,93
https://www.luckyvitamin.com/c-284-elderberry,83
https://www.luckyvitamin.com/c-120-fat-burners,76
https://www.luckyvitamin.com/c-1784-pure-encapsulations,87
https://www.luckyvitamin.com/c-552-menopause-support,73
https://www.luckyvitamin.com/c-563-urinary-tract-support,74
https://www.luckyvitamin.com/c-1015-diffusers,83
https://www.luckyvitamin.com/c-14679-luckyvitamin,87
https://www.luckyvitamin.com/c-1593-sleep-support,77
https://www.luckyvitamin.com/c-1600-stress-support,78
https://www.luckyvitamin.com/c-1482-dha,86
https://www.luckyvitamin.com/c-1445-blood-sugar-support,68
https://www.luckyvitamin.com/c-1475-colon-support-cleansing-laxatives,67
https://www.luckyvitamin.com/c-1500-eye-health,65
https://www.luckyvitamin.com/c-1501-fiber,75
https://www.luckyvitamin.com/c-1572-prebiotics,68
https://www.luckyvitamin.com/c-1840-women-s-health,65
https://www.luckyvitamin.com/c-1494-energy-enhancers,92
https://www.luckyvitamin.com/c-665-male-performance,74
https://www.luckyvitamin.com/c-1124-mens-multiples,91
https://www.luckyvitamin.com/c-1088-biotin,88
https://www.luckyvitamin.com/c-474-cereal,79
https://www.luckyvitamin.com/c-2176-oatmeal,66
https://www.luckyvitamin.com/c-1782-jelly-and-jams,66
https://www.luckyvitamin.com/c-516-nuts,82
https://www.luckyvitamin.com/c-530-gluten-free-crackers,68
https://www.luckyvitamin.com/c-2116-gluten-free-granola,68
https://www.luckyvitamin.com/c-2048-gluten-free-pasta,84
https://www.luckyvitamin.com/c-2361-bean-snacks,81
https://www.luckyvitamin.com/c-621-cosmetic-brushes,81
https://www.luckyvitamin.com/c-652-eyeshadows,73
https://www.luckyvitamin.com/c-1511-glucosamine-formulas,93
https://www.luckyvitamin.com/c-1431-energy-shots-drinks,69
https://www.luckyvitamin.com/c-14978-4-essentials-sale,77
https://www.luckyvitamin.com/c-1420-healthy-aging-formulas,70
https://www.luckyvitamin.com/c-1457-calming-relaxation-support,66
https://www.luckyvitamin.com/c-590-body-creams,76
https://www.luckyvitamin.com/c-1832-goat-s-milk-skin-care,66
https://www.luckyvitamin.com/c-1063-shampoos,87
https://www.luckyvitamin.com/c-1055-kids-multivitamins,72
https://www.luckyvitamin.com/c-14758-women-s-long-sleeve-tees,80
https://www.luckyvitamin.com/c-15057-for-the-little-ones,93
https://www.luckyvitamin.com/c-1157-zinc,74
https://www.luckyvitamin.com/c-495-flours,95
https://www.luckyvitamin.com/c-476-coffee,65
https://www.luckyvitamin.com/c-655-mouthwash,78
https://www.luckyvitamin.com/c-14792-sexual-health-gift-ideas,69
https://www.luckyvitamin.com/c-1825-body-scrubs,76
https://www.luckyvitamin.com/c-1777-castile-soaps,94
https://www.luckyvitamin.com/c-4743-ewg-top-sunscreens,70
https://www.luckyvitamin.com/c-981-meal-replacement-powders,65
https://www.luckyvitamin.com/c-970-amino-acid-complex,71
https://www.luckyvitamin.com/c-987-post-workout-recovery,89
https://www.luckyvitamin.com/c-14592-protein-cookies,72
https://www.luckyvitamin.com/c-992-whey-protein-concentrate-powders,77
https://www.luckyvitamin.com/c-976-fat-burners,70
https://www.luckyvitamin.com/c-1010-body-sprays,67
https://www.luckyvitamin.com/c-310-garlic,71
https://www.luckyvitamin.com/c-1986-juicers-blenders,67
https://www.luckyvitamin.com/c-14828-all-purpose-cleaners,90
https://www.luckyvitamin.com/c-1392-protein-cookies,82
https://www.luckyvitamin.com/c-1930-fruit-and-nut-bars,88
https://www.luckyvitamin.com/c-1798-shea-butters,78
https://www.luckyvitamin.com/c-576-acne-care,70
https://www.luckyvitamin.com/c-575-facial-lotions,89
https://www.luckyvitamin.com/c-1753-facial-wipes,70
https://www.luckyvitamin.com/c-599-toners,93
https://www.luckyvitamin.com/c-595-perfume,96
https://www.luckyvitamin.com/c-489-coconut-oil,67
https://www.luckyvitamin.com/c-390-maca,71
https://www.luckyvitamin.com/c-63-canned-dog-food,80
https://www.luckyvitamin.com/c-559-pre-natal-support,66
https://www.luckyvitamin.com/c-596-gift-sets,58
https://www.luckyvitamin.com/c-625-ointments-salves,56
https://www.luckyvitamin.com/c-509-asian-cuisine,45
https://www.luckyvitamin.com/c-2022-canned-jarred-fruits-vegetables,38
https://www.luckyvitamin.com/c-501-mints,64
https://www.luckyvitamin.com/c-4739-cocktail-mixes,59
https://www.luckyvitamin.com/c-1908-pancake-mixes,40
https://www.luckyvitamin.com/c-1108-food-based-vitamins,33
https://www.luckyvitamin.com/c-1400-vision-support-formulas,41
https://www.luckyvitamin.com/c-542-testosterone-boosters,50
https://www.luckyvitamin.com/c-1742-overstock-priced-items,55
https://www.luckyvitamin.com/c-14675-medium-chain-triglycerides-mcts,45
https://www.luckyvitamin.com/c-110-apple-cider-vinegar,63
https://www.luckyvitamin.com/c-1904-citrimax-garcinia-cambogia,38
https://www.luckyvitamin.com/c-1719-detox-cleansing-teas,40
https://www.luckyvitamin.com/c-2317-organic-coffee,41
https://www.luckyvitamin.com/c-1220-cold-remedies,43
https://www.luckyvitamin.com/c-938-cleaning-supplies,47
https://www.luckyvitamin.com/c-88-joint-support-for-pets,64
https://www.luckyvitamin.com/c-1393-whole-food-bars,43
https://www.luckyvitamin.com/c-29-general-cleansing-detoxing,52
https://www.luckyvitamin.com/c-538-intimacy-sexual-enhancement,62
https://www.luckyvitamin.com/c-1705-shaker-bottles,37
https://www.luckyvitamin.com/c-947-shaker-bottles,43
https://www.luckyvitamin.com/c-1551-mood-support,56
https://www.luckyvitamin.com/c-1468-cholesterol-formulas,46
https://www.luckyvitamin.com/c-1470-circulation-support,39
https://www.luckyvitamin.com/c-1844-cod-liver-oil,40
https://www.luckyvitamin.com/c-1843-flax,58
https://www.luckyvitamin.com/c-1502-omega-3-6-9,60
https://www.luckyvitamin.com/c-1536-krill-oil,40
https://www.luckyvitamin.com/c-1856-red-yeast,33
https://www.luckyvitamin.com/c-1608-thyroid-support-formulas,47
https://www.luckyvitamin.com/c-1426-astaxanthin,37
https://www.luckyvitamin.com/c-1541-lutein,51
https://www.luckyvitamin.com/c-1417-aloe-vera-supplements,64
https://www.luckyvitamin.com/c-1508-gastro-intestinal-tract-support,48
https://www.luckyvitamin.com/c-1611-urinary-tract-support,61
https://www.luckyvitamin.com/c-1596-cough-suppressants-throat-support,57
https://www.luckyvitamin.com/c-1528-hyaluronic-acid,40
https://www.luckyvitamin.com/c-1544-msm-formulas,54
https://www.luckyvitamin.com/c-2104-tart-cherry,35
https://www.luckyvitamin.com/c-1466-chlorella,41
https://www.luckyvitamin.com/c-1599-spirulina,34
https://www.luckyvitamin.com/c-1126-multiple-mineral-formulas,38
https://www.luckyvitamin.com/c-1132-powder-formulas,44
https://www.luckyvitamin.com/c-1133-pre-natal-formulas,64
https://www.luckyvitamin.com/c-1128-niacin-formulas,45
https://www.luckyvitamin.com/c-1149-vitamin-b6,45
https://www.luckyvitamin.com/c-4747-beauty-tools,64
https://www.luckyvitamin.com/c-77-biscuits-crunchy-dog-treats,35
https://www.luckyvitamin.com/c-243-chinese-herbs,56
https://www.luckyvitamin.com/c-1107-folic-acid-folate,61
https://www.luckyvitamin.com/c-1116-iron,50
https://www.luckyvitamin.com/c-1131-potassium,38
https://www.luckyvitamin.com/c-1134-selenium,41
https://www.luckyvitamin.com/c-14796-sparkling-water,52
https://www.luckyvitamin.com/c-1861-oats,42
https://www.luckyvitamin.com/c-2315-syrup,36
https://www.luckyvitamin.com/c-2073-almond-butter,62
https://www.luckyvitamin.com/c-1781-peanut-butter,58
https://www.luckyvitamin.com/c-2027-cough-drops,35
https://www.luckyvitamin.com/c-528-ginger,46
https://www.luckyvitamin.com/c-2227-nut-butter-cups,34
https://www.luckyvitamin.com/c-2021-beans,33
https://www.luckyvitamin.com/c-4702-bone-broth,63
https://www.luckyvitamin.com/c-2058-rice-cakes,36
https://www.luckyvitamin.com/c-2247-dried-fruit,64
https://www.luckyvitamin.com/c-2177-gluten-free-oatmeal,43
https://www.luckyvitamin.com/c-503-honey,48
https://www.luckyvitamin.com/c-525-sweeteners,63
https://www.luckyvitamin.com/c-4749-meat-alternative,39
https://www.luckyvitamin.com/c-2009-nut-milk,39
https://www.luckyvitamin.com/c-2220-pasta-sauce,55
https://www.luckyvitamin.com/c-2275-rice,41
https://www.luckyvitamin.com/c-532-tuna,36
https://www.luckyvitamin.com/c-1848-flaxseeds,53
https://www.luckyvitamin.com/c-1849-chia-seeds,34
https://www.luckyvitamin.com/c-524-sprouts-sprouting-seeds-and-accessories,53
https://www.luckyvitamin.com/c-505-organic-fruit-snacks,36
https://www.luckyvitamin.com/c-520-popcorn,51
https://www.luckyvitamin.com/c-2215-seaweed-snacks,39
https://www.luckyvitamin.com/c-1965-baby-lotions-creams,55
https://www.luckyvitamin.com/c-2238-baby-wipes,33
https://www.luckyvitamin.com/c-1960-children-s-toothpaste,33
https://www.luckyvitamin.com/c-1963-kids-sunscreen,49
https://www.luckyvitamin.com/c-651-eyeliners,44
https://www.luckyvitamin.com/c-1418-alpha-lipoic-acid,60
https://www.luckyvitamin.com/c-1419-amino-acids,39
https://www.luckyvitamin.com/c-1512-glutamine,38
https://www.luckyvitamin.com/c-1543-lysine,43
https://www.luckyvitamin.com/c-1605-theanine,38
https://www.luckyvitamin.com/c-1516-grape-seed-extract-opc-s,38
https://www.luckyvitamin.com/c-1585-resveratrol,60
https://www.luckyvitamin.com/c-1405-5-htp,42
https://www.luckyvitamin.com/c-1483-dhea,47
https://www.luckyvitamin.com/c-653-face-powders,34
https://www.luckyvitamin.com/c-1834-lip-glosses,61
https://www.luckyvitamin.com/c-619-makeup-removers,51
https://www.luckyvitamin.com/c-591-body-balms,64
https://www.luckyvitamin.com/c-573-body-butters,62
https://www.luckyvitamin.com/c-1039-diapers-training-pants,40
https://www.luckyvitamin.com/c-1068-lotions-creams,60
https://www.luckyvitamin.com/c-14952-snacks-teething-biscuits,64
https://www.luckyvitamin.com/c-1052-bubble-baths,37
https://www.luckyvitamin.com/c-1051-baby-wipes,37
https://www.luckyvitamin.com/c-1056-kids-dha-fish-oils,54
https://www.luckyvitamin.com/c-1071-kids-probiotics,55
https://www.luckyvitamin.com/c-14957-toothpaste,36
https://www.luckyvitamin.com/c-127-teas,33
https://www.luckyvitamin.com/c-119-fat-burners-stimulant-free,38
https://www.luckyvitamin.com/c-125-meal-replacements,37
https://www.luckyvitamin.com/c-1896-carnitine,43
https://www.luckyvitamin.com/c-1887-green-tea-extract,59
https://www.luckyvitamin.com/c-14764-men-s-tees,42
https://www.luckyvitamin.com/c-14767-men-s-workout-shorts,38
https://www.luckyvitamin.com/c-14759-women-s-jackets-coverups,46
https://www.luckyvitamin.com/c-14750-workout-capris,40
https://www.luckyvitamin.com/c-14752-workout-printed-leggings,54
https://www.luckyvitamin.com/c-2343-water-bottles,34
https://www.luckyvitamin.com/c-15049-easter-baking,35
https://www.luckyvitamin.com/c-15051-easter-candy,33
https://www.luckyvitamin.com/c-15055-easter-snacks,39
https://www.luckyvitamin.com/c-1137-silver,34
https://www.luckyvitamin.com/c-14968-kid-beverages,35
https://www.luckyvitamin.com/c-14967-kid-snacks,43
https://www.luckyvitamin.com/c-534-bread-wraps,54
https://www.luckyvitamin.com/c-2302-apple-cider-vinegar,55
https://www.luckyvitamin.com/c-1166-allergy-formulas,39
https://www.luckyvitamin.com/c-917-sound-therapy,38
https://www.luckyvitamin.com/c-908-massagers,61
https://www.luckyvitamin.com/c-162-ayurvedic-herbs,48
https://www.luckyvitamin.com/c-313-ginkgo,40
https://www.luckyvitamin.com/c-198-brain-memory,44
https://www.luckyvitamin.com/c-407-sleep-formulas,39
https://www.luckyvitamin.com/c-467-throat-support,48
https://www.luckyvitamin.com/c-158-ashwagandha,42
https://www.luckyvitamin.com/c-246-cinnamon,34
https://www.luckyvitamin.com/c-1800-hair-oils,39
https://www.luckyvitamin.com/c-14560-sun-bum,53
https://www.luckyvitamin.com/c-11967-beard-care,58
https://www.luckyvitamin.com/c-2206-men-s-deodorant,35
https://www.luckyvitamin.com/c-14577-multicultural-shampoos,45
https://www.luckyvitamin.com/c-568-toothbrushes,64
https://www.luckyvitamin.com/c-666-personal-lubricants,48
https://www.luckyvitamin.com/c-571-bubble-bath,39
https://www.luckyvitamin.com/c-1802-shower-gels,61
https://www.luckyvitamin.com/c-1901-beef-chicken-protein-powders,42
https://www.luckyvitamin.com/c-1915-carnitine,52
https://www.luckyvitamin.com/c-1918-glutamine,35
https://www.luckyvitamin.com/c-967-energy-bars,51
https://www.luckyvitamin.com/c-1928-energy-drinks,52
https://www.luckyvitamin.com/c-1912-energy-enhancers,49
https://www.luckyvitamin.com/c-2344-female-sports-nutrition,39
https://www.luckyvitamin.com/c-972-creatine-powders,39
https://www.luckyvitamin.com/c-1890-casein-protein-powders,37
https://www.luckyvitamin.com/c-14800-collagen-protein,60
https://www.luckyvitamin.com/c-1888-egg-protein-powders,36
https://www.luckyvitamin.com/c-1900-pea-protein,40
https://www.luckyvitamin.com/c-996-weight-gainers,53
https://www.luckyvitamin.com/c-968-testosterone-support,54
https://www.luckyvitamin.com/c-966-thermogenics,34
https://www.luckyvitamin.com/c-1028-room-sprays,59
https://www.luckyvitamin.com/c-1001-essential-oil-perfumes,40
https://www.luckyvitamin.com/c-1022-incense,59
https://www.luckyvitamin.com/c-312-ginger-root,33
https://www.luckyvitamin.com/c-314-ginseng,55
https://www.luckyvitamin.com/c-424-olive-leaf,34
https://www.luckyvitamin.com/c-427-oregano,42
https://www.luckyvitamin.com/c-236-saw-palmetto,36
https://www.luckyvitamin.com/c-2087-arginine,39
https://www.luckyvitamin.com/c-4665-canning-mason-jars,50
https://www.luckyvitamin.com/c-12014-canning-mason-jar-accessories,39
https://www.luckyvitamin.com/c-1796-food-storage-bags,48
https://www.luckyvitamin.com/c-2102-lunch-bags-on-the-go,64
https://www.luckyvitamin.com/c-942-food-scales,54
https://www.luckyvitamin.com/c-2279-grow-kits-seeds,46
https://www.luckyvitamin.com/c-2299-gluten-free-snack-bars,63
https://www.luckyvitamin.com/c-2255-granola-bars,36
https://www.luckyvitamin.com/c-1947-vital-nutrients,43
https://www.luckyvitamin.com/c-14574-meat-bars,38
https://www.luckyvitamin.com/c-956-douglas-laboratories,62
https://www.luckyvitamin.com/c-14865-seeking-health,42
https://www.luckyvitamin.com/c-594-foot-care,44
https://www.luckyvitamin.com/c-598-vitamin-e-skin-care,34
https://www.luckyvitamin.com/c-597-facial-scrubs,54
https://www.luckyvitamin.com/c-12016-cough-drops-lozenges,44
https://www.luckyvitamin.com/c-593-first-aid-wound-care,38
https://www.luckyvitamin.com/c-608-hand-sanitizers,43
https://www.luckyvitamin.com/c-612-insect-repellents,53
https://www.luckyvitamin.com/c-12025-coffee-creamer,42
https://www.luckyvitamin.com/c-53-medicinal-teas,39
https://www.luckyvitamin.com/c-1779-glass-water-bottles,50
https://www.luckyvitamin.com/c-1690-insulated-chilled-water-bottles,49
https://www.luckyvitamin.com/c-949-bpa-free-plastic-water-bottles,41
https://www.luckyvitamin.com/c-56-flavored-teas,48
https://www.luckyvitamin.com/c-12052-matcha-teas,58
https://www.luckyvitamin.com/c-52-mate,36
https://www.luckyvitamin.com/c-47-diet-weight-loss-teas,43
https://www.luckyvitamin.com/c-60-loose-teas,35
https://www.luckyvitamin.com/c-75-digestive-support-for-pets,38
https://www.luckyvitamin.com/c-14735-dehydrated-dog-food,38
https://www.luckyvitamin.com/c-558-post-natal-support,46
https://www.luckyvitamin.com/c-995-tribulus-supplements,12
https://www.luckyvitamin.com/c-1913-energy-gels,19
https://www.luckyvitamin.com/c-675-condoms,9
https://www.luckyvitamin.com/c-627-toothpicks,8
https://www.luckyvitamin.com/c-635-eye-drops,12
https://www.luckyvitamin.com/c-1961-diaper-rash-ointments-creams,25
https://www.luckyvitamin.com/c-2267-hemp-seeds,26
https://www.luckyvitamin.com/c-2245-fruit-leather,17
https://www.luckyvitamin.com/c-4714-kimchi,4
https://www.luckyvitamin.com/c-1139-teen-multiples,13
https://www.luckyvitamin.com/c-1138-stress-formulas,18
https://www.luckyvitamin.com/c-1614-vegetable-formulas,9
https://www.luckyvitamin.com/c-1534-kelp,20
https://www.luckyvitamin.com/c-1807-vitamin-pill-storage,2
https://www.luckyvitamin.com/c-1562-pms-support,9
https://www.luckyvitamin.com/c-1438-ipriflavone,3
https://www.luckyvitamin.com/c-1535-kidney-formulas,7
https://www.luckyvitamin.com/c-1566-phenylalanine,4
https://www.luckyvitamin.com/c-14627-potassium,1
https://www.luckyvitamin.com/c-15004-conditioners,1
https://www.luckyvitamin.com/c-15039-swisse-sale,18
https://www.luckyvitamin.com/c-1950-neti-pots-nasal-irrigators,22
https://www.luckyvitamin.com/c-1889-baking-chocolates,18
https://www.luckyvitamin.com/c-4697-nordic-naturals-professional,26
https://www.luckyvitamin.com/c-12048-protocol-for-life-balance,31
https://www.luckyvitamin.com/c-1245-flu-relief,12
https://www.luckyvitamin.com/c-95-shampoos-conditioners-for-pets,25
https://www.luckyvitamin.com/c-91-vitamins-minerals-for-pets,26
https://www.luckyvitamin.com/c-14945-almond-oil,10
https://www.luckyvitamin.com/c-40-detox-cleansing-kits,24
https://www.luckyvitamin.com/c-24-candida-cleanse,15
https://www.luckyvitamin.com/c-1747-enemas-suppositories,13
https://www.luckyvitamin.com/c-900-foot-care,10
https://www.luckyvitamin.com/c-1775-support-braces,12
https://www.luckyvitamin.com/c-1646-luckyvitamin-gift-cards,15
https://www.luckyvitamin.com/c-1648-stationary-bikes,18
https://www.luckyvitamin.com/c-827-rescue-remedies,15
https://www.luckyvitamin.com/c-678-formulas,3
https://www.luckyvitamin.com/c-857-white-chestnut-flower-essence,1
https://www.luckyvitamin.com/c-14680-luckyeats,9
https://www.luckyvitamin.com/c-14656-probiotics,5
https://www.luckyvitamin.com/c-14640-coq10,10
https://www.luckyvitamin.com/c-14609-coconut-oil,1
https://www.luckyvitamin.com/c-14890-luckyaromas,13
https://www.luckyvitamin.com/c-14682-luckyherbs,9
https://www.luckyvitamin.com/c-14893-luckyplanet,6
https://www.luckyvitamin.com/c-14933-luckytru,15
https://www.luckyvitamin.com/c-14746-luckyvitamin-e-gift-cards,10
https://www.luckyvitamin.com/c-14712-luckyvitamin-gear,28
https://www.luckyvitamin.com/c-14713-luckyvitamin-gift-cards,5
https://www.luckyvitamin.com/c-14669-new-luckyvitamin-brand-products,4
https://www.luckyvitamin.com/c-14657-resveratrol,1
https://www.luckyvitamin.com/c-14639-arginine,1
https://www.luckyvitamin.com/c-14652-lysine,1
https://www.luckyvitamin.com/c-14905-carrier-oils,3
https://www.luckyvitamin.com/c-14891-essential-oils,10
https://www.luckyvitamin.com/c-15002-lip-balms,1
https://www.luckyvitamin.com/c-14999-deodorants,1
https://www.luckyvitamin.com/c-14897-all-purpose-cleaners,1
https://www.luckyvitamin.com/c-14896-bathroom-cleaners,1
https://www.luckyvitamin.com/c-14894-dishwashing-products,1
https://www.luckyvitamin.com/c-14665-7-keto,1
https://www.luckyvitamin.com/c-14671-citrimax-garcinia-cambogia,1
https://www.luckyvitamin.com/c-14666-cla-conjugated-linoleic-acid,2
https://www.luckyvitamin.com/c-14655-prebiotics,5
https://www.luckyvitamin.com/c-14668-green-coffee-bean-extract,1
https://www.luckyvitamin.com/c-14641-colon-support-cleansing-laxatives,1
https://www.luckyvitamin.com/c-14643-digestive-enzymes,4
https://www.luckyvitamin.com/c-14645-fiber,2
https://www.luckyvitamin.com/c-14714-clothing-accessories,15
https://www.luckyvitamin.com/c-14885-luckyvitamin-t-shirts,5
https://www.luckyvitamin.com/c-14715-shaker-bottles,1
https://www.luckyvitamin.com/c-14604-echinacea,1
https://www.luckyvitamin.com/c-15003-shampoos,1
https://www.luckyvitamin.com/c-15019-aloe,1
https://www.luckyvitamin.com/c-14603-curcumin,2
https://www.luckyvitamin.com/c-14606-relora,1
https://www.luckyvitamin.com/c-14650-joint-inflammatory-support,3
https://www.luckyvitamin.com/c-14601-turmeric,3
https://www.luckyvitamin.com/c-14621-glucosamine-formulas,2
https://www.luckyvitamin.com/c-14653-msm-formulas,2
https://www.luckyvitamin.com/c-15018-aloe,1
https://www.luckyvitamin.com/c-14615-apple-cider-vinegar,3
https://www.luckyvitamin.com/c-15017-beetroot,1
https://www.luckyvitamin.com/c-15013-elderberry,1
https://www.luckyvitamin.com/c-15016-tart-cherry,1
https://www.luckyvitamin.com/c-14899-stain-removers,1
https://www.luckyvitamin.com/c-14620-folic-acid,1
https://www.luckyvitamin.com/c-14630-vitamin-b-complex-formulas,1
https://www.luckyvitamin.com/c-14629-vitamin-b-formulas,1
https://www.luckyvitamin.com/c-14632-vitamin-c-formulas,3
https://www.luckyvitamin.com/c-14633-vitamin-d-formulas,8
https://www.luckyvitamin.com/c-14634-vitamin-e-formulas,1
https://www.luckyvitamin.com/c-14619-chromium,1
https://www.luckyvitamin.com/c-14622-iron,1
https://www.luckyvitamin.com/c-14623-magnesium,1
https://www.luckyvitamin.com/c-14636-zinc,1
https://www.luckyvitamin.com/c-14618-children-s-vitamins,1
https://www.luckyvitamin.com/c-14624-mens-multiples,2
https://www.luckyvitamin.com/c-14600-one-daily-multivitamin-formulas,5
https://www.luckyvitamin.com/c-14628-pre-natal-formulas,1
https://www.luckyvitamin.com/c-14635-women-s-multiples,2
https://www.luckyvitamin.com/c-14651-krill-oil,1
https://www.luckyvitamin.com/c-14644-omega-3-fish-oil,7
https://www.luckyvitamin.com/c-14654-melatonin,4
https://www.luckyvitamin.com/c-15001-body-washes,1
https://www.luckyvitamin.com/c-14648-greens-supplements,1
https://www.luckyvitamin.com/c-14614-hair-skin-nail-formulas,1
https://www.luckyvitamin.com/c-14672-stevia,3
https://www.luckyvitamin.com/c-14638-allergy-support,1
https://www.luckyvitamin.com/c-14642-dhea,1
https://www.luckyvitamin.com/c-14658-cranberry,1
https://www.luckyvitamin.com/c-1954-inositol,15
https://www.luckyvitamin.com/c-1537-lecithin,31
https://www.luckyvitamin.com/c-1553-myelin-sheath-support,2
https://www.luckyvitamin.com/c-1555-nadh,8
https://www.luckyvitamin.com/c-1567-phosphatidyl-serine,30
https://www.luckyvitamin.com/c-1436-tryptophan,13
https://www.luckyvitamin.com/c-1444-blood-pressure-support,29
https://www.luckyvitamin.com/c-1845-black-currant-seed-oil,5
https://www.luckyvitamin.com/c-1399-vinpocetine,4
https://www.luckyvitamin.com/c-1448-borage-oil,10
https://www.luckyvitamin.com/c-1452-breathing-support-products,11
https://www.luckyvitamin.com/c-1493-emu-oil,5
https://www.luckyvitamin.com/c-1524-hemp-products,12
https://www.luckyvitamin.com/c-1851-omega-3-vegetarian,23
https://www.luckyvitamin.com/c-1854-omega-7,13
https://www.luckyvitamin.com/c-1571-policosanol,6
https://www.luckyvitamin.com/c-1586-ribose,14
https://www.luckyvitamin.com/c-1846-salmon-oil-omega-3,15
https://www.luckyvitamin.com/c-1774-sea-buckthorn,15
https://www.luckyvitamin.com/c-1597-soy-formulas,6
https://www.luckyvitamin.com/c-1594-smoking-cessation-support,1
https://www.luckyvitamin.com/c-1595-snoring-support,3
https://www.luckyvitamin.com/c-1602-sytrinol,3
https://www.luckyvitamin.com/c-4650-vegan-omega-3,8
https://www.luckyvitamin.com/c-2031-deer-antler-igf-1,25
https://www.luckyvitamin.com/c-1520-hangover-formulas,3
https://www.luckyvitamin.com/c-1416-allergy-support,32
https://www.luckyvitamin.com/c-1402-zeaxanthin,7
https://www.luckyvitamin.com/c-2070-acacia-powder,4
https://www.luckyvitamin.com/c-1411-acid-neutralizing-formulas,20
https://www.luckyvitamin.com/c-1423-apple-pectin,5
https://www.luckyvitamin.com/c-1506-gallexier-bitters,1
https://www.luckyvitamin.com/c-1517-grapefruit-seed-extract,12
https://www.luckyvitamin.com/c-1565-peppermint-oil-oral,6
https://www.luckyvitamin.com/c-2204-psyllium-husk,29
https://www.luckyvitamin.com/c-1601-swedish-bitters,6
https://www.luckyvitamin.com/c-1440-beta-sitosterol,8
https://www.luckyvitamin.com/c-1451-breastfeeding-support,12
https://www.luckyvitamin.com/c-1486-diindolylmethane-dim,17
https://www.luckyvitamin.com/c-1481-d-mannose,17
https://www.luckyvitamin.com/c-1542-lycopene,13
https://www.luckyvitamin.com/c-1575-progesterone-creams,8
https://www.luckyvitamin.com/c-1397-wild-yam-creams,2
https://www.luckyvitamin.com/c-14730-berberine,20
https://www.luckyvitamin.com/c-1568-phyto-biotics,1
https://www.luckyvitamin.com/c-1953-ip-6,11
https://www.luckyvitamin.com/c-1582-quercetin,28
https://www.luckyvitamin.com/c-2180-red-marine-algae,8
https://www.luckyvitamin.com/c-1853-shark-liver-oil,3
https://www.luckyvitamin.com/c-1607-thymus,3
https://www.luckyvitamin.com/c-1429-gelatin,14
https://www.luckyvitamin.com/c-1539-ligament-support-formulas,2
https://www.luckyvitamin.com/c-1560-ostivone,3
https://www.luckyvitamin.com/c-1590-sea-mussel,2
https://www.luckyvitamin.com/c-1591-shark-cartilage,6
https://www.luckyvitamin.com/c-11952-ahcc,12
https://www.luckyvitamin.com/c-1820-chaga,13
https://www.luckyvitamin.com/c-1822-coriolus,5
https://www.luckyvitamin.com/c-1823-lion-s-mane,8
https://www.luckyvitamin.com/c-1816-maitake,5
https://www.luckyvitamin.com/c-1817-reishi,24
https://www.luckyvitamin.com/c-1818-shiitake,2
https://www.luckyvitamin.com/c-4670-aspirin,1
https://www.luckyvitamin.com/c-1492-empty-capsules,19
https://www.luckyvitamin.com/c-1408-acai,19
https://www.luckyvitamin.com/c-1765-baobab,3
https://www.luckyvitamin.com/c-1442-bioperine,3
https://www.luckyvitamin.com/c-1772-blueberry,7
https://www.luckyvitamin.com/c-1446-blue-green-algae,17
https://www.luckyvitamin.com/c-1453-broccoli,8
https://www.luckyvitamin.com/c-1467-chlorophyll,32
https://www.luckyvitamin.com/c-1505-fruit-formulas,10
https://www.luckyvitamin.com/c-2035-moringa-oleifera,26
https://www.luckyvitamin.com/c-1556-nutritional-yeast,5
https://www.luckyvitamin.com/c-1771-pomegranate,16
https://www.luckyvitamin.com/c-1587-royal-jelly-formulas,29
https://www.luckyvitamin.com/c-1578-propolis,21
https://www.luckyvitamin.com/c-1415-alkalizing-formulas,16
https://www.luckyvitamin.com/c-1430-beta-glucan,9
https://www.luckyvitamin.com/c-1472-coconut-oil,15
https://www.luckyvitamin.com/c-1527-human-growth-support,14
https://www.luckyvitamin.com/c-1433-inosine,2
https://www.luckyvitamin.com/c-12035-intimacy-enhancers,3
https://www.luckyvitamin.com/c-1545-malic-acid,6
https://www.luckyvitamin.com/c-1557-octacosanol,1
https://www.luckyvitamin.com/c-1561-oxygen-supplements,10
https://www.luckyvitamin.com/c-1573-pregnenolone,15
https://www.luckyvitamin.com/c-1434-salt-tablets,1
https://www.luckyvitamin.com/c-1087-adult-chewable-multiples,10
https://www.luckyvitamin.com/c-1102-blood-sugar-support,23
https://www.luckyvitamin.com/c-1112-heart-health-multiples,2
https://www.luckyvitamin.com/c-1111-heart-health-formulas,24
https://www.luckyvitamin.com/c-1748-raw-vitamins,13
https://www.luckyvitamin.com/c-1135-senior-multiples,10
https://www.luckyvitamin.com/c-1783-b17-amygdalin,7
https://www.luckyvitamin.com/c-1808-vitamin-pill-storage,2
https://www.luckyvitamin.com/c-1092-carotenoid-formulas,13
https://www.luckyvitamin.com/c-1114-inositol,4
https://www.luckyvitamin.com/c-1130-pantothenic-acid,17
https://www.luckyvitamin.com/c-1140-tocotrienols,14
https://www.luckyvitamin.com/c-1143-vitamin-a-d-formulas,9
https://www.luckyvitamin.com/c-1144-vitamin-a-formulas,18
https://www.luckyvitamin.com/c-1152-vitamin-e-selenium-combinations,6
https://www.luckyvitamin.com/c-444-kombucha,2
https://www.luckyvitamin.com/c-109-appetite-support,27
https://www.luckyvitamin.com/c-1852-wheat-germ-oil,4
https://www.luckyvitamin.com/c-430-parasite-formulas,3
https://www.luckyvitamin.com/c-14778-dental-dog-treats,31
https://www.luckyvitamin.com/c-2157-parsley-teas,1
https://www.luckyvitamin.com/c-11977-jasmine-tea,14
https://www.luckyvitamin.com/c-2158-fenugreek-teas,1
https://www.luckyvitamin.com/c-11984-chickweed-teas,2
https://www.luckyvitamin.com/c-2337-genestra,1
https://www.luckyvitamin.com/c-1968-biosyntrx,1
https://www.luckyvitamin.com/c-1732-small-kitchen-appliances-electrics,13
https://www.luckyvitamin.com/c-931-fruit-vegetable-washes,13
https://www.luckyvitamin.com/c-14847-stainless-steel-cleaners,3
https://www.luckyvitamin.com/c-935-bath-tissue,29
https://www.luckyvitamin.com/c-437-yarrow,1
https://www.luckyvitamin.com/c-14846-granite-stone-cleaners,5
https://www.luckyvitamin.com/c-2090-saw-palmetto-pygeum,10
https://www.luckyvitamin.com/c-340-thuja,2
https://www.luckyvitamin.com/c-237-shepherds-purse,1
https://www.luckyvitamin.com/c-352-hyssop,2
https://www.luckyvitamin.com/c-351-hydrangea,2
https://www.luckyvitamin.com/c-349-horsetail,5
https://www.luckyvitamin.com/c-320-graviola,10
https://www.luckyvitamin.com/c-228-celery-seed,5
https://www.luckyvitamin.com/c-218-calendula,8
https://www.luckyvitamin.com/c-208-breathing-support,6
https://www.luckyvitamin.com/c-1354-staphysagria,1
https://www.luckyvitamin.com/c-1313-natrum-sulphuricum,1
https://www.luckyvitamin.com/c-1255-hair-skin-support,1
https://www.luckyvitamin.com/c-1254-grief-guilt-reliever,1
https://www.luckyvitamin.com/c-1243-fever-remedies,2
https://www.luckyvitamin.com/c-1201-calming-formulas,5
https://www.luckyvitamin.com/c-773-lavender,4
https://www.luckyvitamin.com/c-761-hibiscus,2
https://www.luckyvitamin.com/c-1666-lifting-belts,1
https://www.luckyvitamin.com/c-115-low-carb-bars,30
https://www.luckyvitamin.com/c-1089-boron,12
https://www.luckyvitamin.com/c-1094-choline,10
https://www.luckyvitamin.com/c-1097-colloidal-minerals,13
https://www.luckyvitamin.com/c-1096-chromium-vanadium,4
https://www.luckyvitamin.com/c-1099-coral-calcium,12
https://www.luckyvitamin.com/c-1100-dmg-dimethylglycine,3
https://www.luckyvitamin.com/c-1104-dolomite,2
https://www.luckyvitamin.com/c-1756-fulvic-acid,6
https://www.luckyvitamin.com/c-4672-germanium,2
https://www.luckyvitamin.com/c-1109-glucosamine-formulas,26
https://www.luckyvitamin.com/c-1115-ionic-minerals,16
https://www.luckyvitamin.com/c-1119-lithium,16
https://www.luckyvitamin.com/c-1121-magnesium-potassium,13
https://www.luckyvitamin.com/c-1122-malic-acid,5
https://www.luckyvitamin.com/c-1123-manganese,7
https://www.luckyvitamin.com/c-1125-molybdenum,6
https://www.luckyvitamin.com/c-2367-maple-water,6
https://www.luckyvitamin.com/c-4712-kombucha,15
https://www.luckyvitamin.com/c-12015-switchel,7
https://www.luckyvitamin.com/c-2239-water-enhancers,26
https://www.luckyvitamin.com/c-4706-muesli,10
https://www.luckyvitamin.com/c-2074-cashew-butter,22
https://www.luckyvitamin.com/c-2101-coconut-butter,15
https://www.luckyvitamin.com/c-2077-hazelnut-butter,8
https://www.luckyvitamin.com/c-2357-nut-butter,26
https://www.luckyvitamin.com/c-2270-powdered-nut-butter,19
https://www.luckyvitamin.com/c-2075-sunflower-butter,13
https://www.luckyvitamin.com/c-2076-tahini,14
https://www.luckyvitamin.com/c-2130-cacao,25
https://www.luckyvitamin.com/c-1828-kosher-candy,11
https://www.luckyvitamin.com/c-14770-ice-cream,2
https://www.luckyvitamin.com/c-2345-ice-cream-cones,4
https://www.luckyvitamin.com/c-499-licorice,16
https://www.luckyvitamin.com/c-2056-apple-sauce,17
https://www.luckyvitamin.com/c-4711-molasses,4
https://www.luckyvitamin.com/c-14725-broth,14
https://www.luckyvitamin.com/c-1776-ghee,26
https://www.luckyvitamin.com/c-4660-cranberry-sauce,3
https://www.luckyvitamin.com/c-2131-olives,13
https://www.luckyvitamin.com/c-11955-pickles,7
https://www.luckyvitamin.com/c-4661-macaroon,21
https://www.luckyvitamin.com/c-2243-goji-berries,10
https://www.luckyvitamin.com/c-2244-mulberry,3
https://www.luckyvitamin.com/c-2248-raisins,4
https://www.luckyvitamin.com/c-2140-trail-mix,21
https://www.luckyvitamin.com/c-2178-gluten-free-hot-cereal,22
https://www.luckyvitamin.com/c-526-gluten-free-pretzels,6
https://www.luckyvitamin.com/c-1935-agave,12
https://www.luckyvitamin.com/c-4709-coconut-sugar,12
https://www.luckyvitamin.com/c-4708-cane-sugar,10
https://www.luckyvitamin.com/c-4710-erythritol,4
https://www.luckyvitamin.com/c-4704-manuka-honey,25
https://www.luckyvitamin.com/c-14823-monk-fruit,23
https://www.luckyvitamin.com/c-4707-sugar,14
https://www.luckyvitamin.com/c-1936-xylitol,22
https://www.luckyvitamin.com/c-14769-banana-milk,1
https://www.luckyvitamin.com/c-15044-side-dishes,12
https://www.luckyvitamin.com/c-2008-coconut-milk,32
https://www.luckyvitamin.com/c-2268-hemp-milk,4
https://www.luckyvitamin.com/c-14900-oat-milk,2
https://www.luckyvitamin.com/c-514-milk-products,18
https://www.luckyvitamin.com/c-2297-rice-milk,2
https://www.luckyvitamin.com/c-4693-quinoa-milk,2
https://www.luckyvitamin.com/c-2269-hemp-oil,8
https://www.luckyvitamin.com/c-2295-soy-vegetable-milk,16
https://www.luckyvitamin.com/c-14795-animal-fat,2
https://www.luckyvitamin.com/c-4715-avocado-oil,12
https://www.luckyvitamin.com/c-2068-red-palm-oil,1
https://www.luckyvitamin.com/c-14749-olive-oil,28
https://www.luckyvitamin.com/c-11962-buckwheat,1
https://www.luckyvitamin.com/c-2351-couscous,1
https://www.luckyvitamin.com/c-2276-grains,21
https://www.luckyvitamin.com/c-2323-mac-cheese,18
https://www.luckyvitamin.com/c-11964-kamut,1
https://www.luckyvitamin.com/c-488-rice-noodles,20
https://www.luckyvitamin.com/c-515-udon-noodles,1
https://www.luckyvitamin.com/c-1903-hemp-protein,20
https://www.luckyvitamin.com/c-2037-moringa-oleifera,18
https://www.luckyvitamin.com/c-518-rice-protein,20
https://www.luckyvitamin.com/c-522-soy-protein-powder,10
https://www.luckyvitamin.com/c-14911-assorted-seafood,4
https://www.luckyvitamin.com/c-2223-baby-clams,2
https://www.luckyvitamin.com/c-14903-mackerel,2
https://www.luckyvitamin.com/c-2224-salmon,9
https://www.luckyvitamin.com/c-2222-sardines-anchovies,12
https://www.luckyvitamin.com/c-2138-bouillon,21
https://www.luckyvitamin.com/c-12045-curry,8
https://www.luckyvitamin.com/c-4659-gravy,2
https://www.luckyvitamin.com/c-2216-mayonnaise,29
https://www.luckyvitamin.com/c-2218-mustard,20
https://www.luckyvitamin.com/c-1933-salts,32
https://www.luckyvitamin.com/c-2273-apricot-kernels,5
https://www.luckyvitamin.com/c-1860-sesame-seeds,19
https://www.luckyvitamin.com/c-2174-chia-bars,15
https://www.luckyvitamin.com/c-2360-coconut-chips,17
https://www.luckyvitamin.com/c-2246-edamame,20
https://www.luckyvitamin.com/c-2242-kale-chips,14
https://www.luckyvitamin.com/c-2281-pretzels,17
https://www.luckyvitamin.com/c-14909-pudding,11
https://www.luckyvitamin.com/c-2358-rice-chips,8
https://www.luckyvitamin.com/c-2105-salsa,15
https://www.luckyvitamin.com/c-2364-vegan-jerky,30
https://www.luckyvitamin.com/c-1978-baby-conditioners-detanglers,23
https://www.luckyvitamin.com/c-1865-baby-powders,2
https://www.luckyvitamin.com/c-14727-children-s-conditioner,9
https://www.luckyvitamin.com/c-14728-children-s-hair-styling,3
https://www.luckyvitamin.com/c-14925-beauty-bag,20
https://www.luckyvitamin.com/c-14851-cosmetic-sponges,21
https://www.luckyvitamin.com/c-614-cotton-balls,3
https://www.luckyvitamin.com/c-14852-tweezers,15
https://www.luckyvitamin.com/c-2054-bb-creams,8
https://www.luckyvitamin.com/c-654-blushes,28
https://www.luckyvitamin.com/c-1970-brow-makeup,9
https://www.luckyvitamin.com/c-2265-cc-creams,5
https://www.luckyvitamin.com/c-14649-immune-support-formulas,1
https://www.luckyvitamin.com/c-1409-acetyl-l-carnitine,23
https://www.luckyvitamin.com/c-1425-arginine-ornithine,7
https://www.luckyvitamin.com/c-1461-carnosine,9
https://www.luckyvitamin.com/c-1437-citrulline,9
https://www.luckyvitamin.com/c-1479-cysteine,6
https://www.luckyvitamin.com/c-1548-methionine,5
https://www.luckyvitamin.com/c-1576-proline-l-proline,5
https://www.luckyvitamin.com/c-1554-n-acetyl-cysteine,19
https://www.luckyvitamin.com/c-1559-ornithine,5
https://www.luckyvitamin.com/c-1604-taurine,13
https://www.luckyvitamin.com/c-4705-manuka-honey,14
https://www.luckyvitamin.com/c-2055-pqq,21
https://www.luckyvitamin.com/c-1550-modified-citrus-pectin,4
https://www.luckyvitamin.com/c-1581-pine-bark-extract-pycnogenol,32
https://www.luckyvitamin.com/c-1401-pterostilbene,11
https://www.luckyvitamin.com/c-1589-sod-super-oxide-dismutase,5
https://www.luckyvitamin.com/c-4671-stem-cell-health,1
https://www.luckyvitamin.com/c-1413-clear-skin-support,13
https://www.luckyvitamin.com/c-1815-hair-health,20
https://www.luckyvitamin.com/c-1432-alpha-gpc,4
https://www.luckyvitamin.com/c-1507-gamma-amino-butyric-acid-gaba,31
https://www.luckyvitamin.com/c-1484-dl-phenylalanine,6
https://www.luckyvitamin.com/c-1485-dmae,5
https://www.luckyvitamin.com/c-626-false-eyelashes,11
https://www.luckyvitamin.com/c-14785-lip-therapy,11
https://www.luckyvitamin.com/c-4758-makeup-palettes,29
https://www.luckyvitamin.com/c-650-mascara,32
https://www.luckyvitamin.com/c-14729-temporary-tattoos,4
https://www.luckyvitamin.com/c-611-body-brushes,20
https://www.luckyvitamin.com/c-577-body-sponges,15
https://www.luckyvitamin.com/c-11991-body-powders,4
https://www.luckyvitamin.com/c-14593-body-wipes,13
https://www.luckyvitamin.com/c-1799-cocoa-butters,18
https://www.luckyvitamin.com/c-1951-deodorant-sprays,19
https://www.luckyvitamin.com/c-11974-dry-brushes,4
https://www.luckyvitamin.com/c-14892-detox-cleansing-teas,31
https://www.luckyvitamin.com/c-22-specific-system-detoxing,19
https://www.luckyvitamin.com/c-1738-patches-for-detoxing,2
https://www.luckyvitamin.com/c-1048-baby-formulas,17
https://www.luckyvitamin.com/c-1045-dishware-food-storage,14
https://www.luckyvitamin.com/c-14953-cereal,14
https://www.luckyvitamin.com/c-1049-baby-oils,15
https://www.luckyvitamin.com/c-1079-bath-toys-accessories,3
https://www.luckyvitamin.com/c-14932-hair-styling,6
https://www.luckyvitamin.com/c-1050-baby-powders,2
https://www.luckyvitamin.com/c-14964-baby-food-makers-prep,4
https://www.luckyvitamin.com/c-4689-bibs,9
https://www.luckyvitamin.com/c-14954-utensils,12
https://www.luckyvitamin.com/c-1065-insect-repellents,13
https://www.luckyvitamin.com/c-2103-lice-prevention-remedies,11
https://www.luckyvitamin.com/c-14959-nasal-aspirators,4
https://www.luckyvitamin.com/c-14960-ointments-salves,12
https://www.luckyvitamin.com/c-1066-gift-sets,3
https://www.luckyvitamin.com/c-1709-teething-pacifiers,16
https://www.luckyvitamin.com/c-1755-toys-crafts,14
https://www.luckyvitamin.com/c-14747-children-s-cough-throat-support,3
https://www.luckyvitamin.com/c-1043-ear-care,2
https://www.luckyvitamin.com/c-1060-gripe-waters,2
https://www.luckyvitamin.com/c-1053-kids-calcium,10
https://www.luckyvitamin.com/c-1073-sleep-aids,8
https://www.luckyvitamin.com/c-1041-vegetable-fruit-green-supplements,6
https://www.luckyvitamin.com/c-1069-cleaning-deodorizing,25
https://www.luckyvitamin.com/c-4686-swaddles-blankets,2
https://www.luckyvitamin.com/c-14958-mouthwash-rinses,3
https://www.luckyvitamin.com/c-14956-toothbrushes,22
https://www.luckyvitamin.com/c-1880-african-mango,7
https://www.luckyvitamin.com/c-112-carb-blockers,14
https://www.luckyvitamin.com/c-1895-coconut-oil-softgels,7
https://www.luckyvitamin.com/c-2282-meratrim,3
https://www.luckyvitamin.com/c-2040-diet-bars,8
https://www.luckyvitamin.com/c-1882-7-keto,8
https://www.luckyvitamin.com/c-116-meal-replacements-ready-to-drink-rtd,26
https://www.luckyvitamin.com/c-1939-bitter-orange-synephrine,5
https://www.luckyvitamin.com/c-14719-diet-weight-loss-teas,31
https://www.luckyvitamin.com/c-1917-diuretics,12
https://www.luckyvitamin.com/c-1897-forskolin,12
https://www.luckyvitamin.com/c-1905-fucoxanthin,5
https://www.luckyvitamin.com/c-121-grapefruit-diet,1
https://www.luckyvitamin.com/c-1891-green-coffee-bean-extract,12
https://www.luckyvitamin.com/c-1894-homeopathic-support,3
https://www.luckyvitamin.com/c-122-hoodia,1
https://www.luckyvitamin.com/c-123-lipotropic-formulas,2
https://www.luckyvitamin.com/c-1884-pgx,8
https://www.luckyvitamin.com/c-1881-raspberry-ketone,11
https://www.luckyvitamin.com/c-1885-safflower-oil,9
https://www.luckyvitamin.com/c-1739-weight-loss-detox-cleansing,20
https://www.luckyvitamin.com/c-1699-meal-prep-accessories,8
https://www.luckyvitamin.com/c-1663-gym-bags,1
https://www.luckyvitamin.com/c-2062-foam-rollers,4
https://www.luckyvitamin.com/c-1651-hand-wrist-strengtheners,1
https://www.luckyvitamin.com/c-1654-ab-equipment,1
https://www.luckyvitamin.com/c-14766-men-s-jackets,30
https://www.luckyvitamin.com/c-14768-men-s-pants,2
https://www.luckyvitamin.com/c-14763-men-s-workout-tanks,24
https://www.luckyvitamin.com/c-14760-dresses,5
https://www.luckyvitamin.com/c-14754-women-s-lounge-pants,1
https://www.luckyvitamin.com/c-14753-women-s-workout-shorts,8
https://www.luckyvitamin.com/c-1667-jump-ropes,2
https://www.luckyvitamin.com/c-1669-ellipticals-steppers,16
https://www.luckyvitamin.com/c-14808-rowers,13
https://www.luckyvitamin.com/c-1673-trampolines,5
https://www.luckyvitamin.com/c-1649-treadmills,4
https://www.luckyvitamin.com/c-1655-exercise-mats,2
https://www.luckyvitamin.com/c-4724-fitness-clothing,9
https://www.luckyvitamin.com/c-14793-oxygen-support,7
https://www.luckyvitamin.com/c-1964-oxygen-training-masks,19
https://www.luckyvitamin.com/c-1671-pilates-accessories,12
https://www.luckyvitamin.com/c-1664-workout-gloves,5
https://www.luckyvitamin.com/c-14812-kettle-bells,1
https://www.luckyvitamin.com/c-14813-plyo-boxes,1
https://www.luckyvitamin.com/c-1653-push-up-pull-up-bars,3
https://www.luckyvitamin.com/c-1652-workout-benches,4
https://www.luckyvitamin.com/c-2005-athletic-tape,7
https://www.luckyvitamin.com/c-1723-printed-yoga-mats,14
https://www.luckyvitamin.com/c-2061-solid-yoga-mats,11
https://www.luckyvitamin.com/c-14849-yoga-balls,1
https://www.luckyvitamin.com/c-14703-yoga-blocks,1
https://www.luckyvitamin.com/c-14860-yoga-gloves,1
https://www.luckyvitamin.com/c-14707-yoga-grip-socks,3
https://www.luckyvitamin.com/c-14709-yoga-mat-bags-carriers,4
https://www.luckyvitamin.com/c-14706-yoga-mat-cleaners,6
https://www.luckyvitamin.com/c-14711-yoga-wheels,6
https://www.luckyvitamin.com/c-15052-easter-chocolates,32
https://www.luckyvitamin.com/c-15056-easter-toys,6
https://www.luckyvitamin.com/c-692-aspen,1
https://www.luckyvitamin.com/c-695-beech,1
https://www.luckyvitamin.com/c-697-black-cohosh,1
https://www.luckyvitamin.com/c-711-cerato,1
https://www.luckyvitamin.com/c-724-chestnut-bud,1
https://www.luckyvitamin.com/c-725-chicory,1
https://www.luckyvitamin.com/c-727-clematis,1
https://www.luckyvitamin.com/c-745-gentian,1
https://www.luckyvitamin.com/c-730-crab-apple,1
https://www.luckyvitamin.com/c-737-elm,1
https://www.luckyvitamin.com/c-758-gorse,1
https://www.luckyvitamin.com/c-782-hawthorn,1
https://www.luckyvitamin.com/c-760-heather,1
https://www.luckyvitamin.com/c-762-holly,1
https://www.luckyvitamin.com/c-764-hornbeam,1
https://www.luckyvitamin.com/c-771-larch,1
https://www.luckyvitamin.com/c-781-mimulus,1
https://www.luckyvitamin.com/c-791-mixing-bottles-for-flower-essences,1
https://www.luckyvitamin.com/c-797-mustard,1
https://www.luckyvitamin.com/c-800-oak,1
https://www.luckyvitamin.com/c-805-pine,1
https://www.luckyvitamin.com/c-816-red-chestnut,1
https://www.luckyvitamin.com/c-828-rock-rose,1
https://www.luckyvitamin.com/c-856-water-violet-flower-essence,1
https://www.luckyvitamin.com/c-1141-trace-minerals,14
https://www.luckyvitamin.com/c-1142-vanadyl,5
https://www.luckyvitamin.com/c-1708-baby-formulas,17
https://www.luckyvitamin.com/c-494-flavor-extracts,19
https://www.luckyvitamin.com/c-14745-frosting,6
https://www.luckyvitamin.com/c-14598-nutritional-yeast-flakes,26
https://www.luckyvitamin.com/c-512-aloe-vera-drinks,25
https://www.luckyvitamin.com/c-14722-cold-pressed-juices,17
https://www.luckyvitamin.com/c-2318-fruit-and-vegetable-powders,16
https://www.luckyvitamin.com/c-858-wild-oat-flower-essence,1
https://www.luckyvitamin.com/c-1178-arnica-montana,18
https://www.luckyvitamin.com/c-1347-sleeping-remedies,9
https://www.luckyvitamin.com/c-1173-anxiety-support,6
https://www.luckyvitamin.com/c-1183-asthma-relief,2
https://www.luckyvitamin.com/c-1184-attention-support,2
https://www.luckyvitamin.com/c-1186-back-neck,6
https://www.luckyvitamin.com/c-1187-bedwetting-formulas,1
https://www.luckyvitamin.com/c-1189-bladder-irritation,2
https://www.luckyvitamin.com/c-1190-bone-support,3
https://www.luckyvitamin.com/c-1191-borax,1
https://www.luckyvitamin.com/c-1200-calendula,3
https://www.luckyvitamin.com/c-1202-candida-formulas,5
https://www.luckyvitamin.com/c-1203-cantharis,2
https://www.luckyvitamin.com/c-1206-cataract,1
https://www.luckyvitamin.com/c-1209-cell-salts,31
https://www.luckyvitamin.com/c-1212-children-s-remedies,10
https://www.luckyvitamin.com/c-1213-cholesterol,1
https://www.luckyvitamin.com/c-1217-circulation,2
https://www.luckyvitamin.com/c-1357-stress-remedies,8
https://www.luckyvitamin.com/c-1366-teething-remedies,5
https://www.luckyvitamin.com/c-1364-tmj,1
https://www.luckyvitamin.com/c-1374-trauma-bruising-relief,4
https://www.luckyvitamin.com/c-1372-tooth-care,1
https://www.luckyvitamin.com/c-1373-topical-first-aid,4
https://www.luckyvitamin.com/c-1375-upset-stomach,2
https://www.luckyvitamin.com/c-1376-urinary-support,2
https://www.luckyvitamin.com/c-1379-varicose-vein-remedies,2
https://www.luckyvitamin.com/c-1380-wart-remedies,5
https://www.luckyvitamin.com/c-1382-weight-loss,6
https://www.luckyvitamin.com/c-1383-wound-care,1
https://www.luckyvitamin.com/c-1385-yeast-remedies,4
https://www.luckyvitamin.com/c-1163-aconitum-napellus,3
https://www.luckyvitamin.com/c-1167-allium-cepa,2
https://www.luckyvitamin.com/c-1171-antimonium-tartaricum,1
https://www.luckyvitamin.com/c-1174-apis-mellifica,2
https://www.luckyvitamin.com/c-1177-argentum-nitricum,1
https://www.luckyvitamin.com/c-1180-arsenicum-album,3
https://www.luckyvitamin.com/c-1185-aurum-metallicum,1
https://www.luckyvitamin.com/c-1188-belladonna,3
https://www.luckyvitamin.com/c-1196-calcarea-carbonica,1
https://www.luckyvitamin.com/c-1194-bryonia-alba,2
https://www.luckyvitamin.com/c-1197-calcarea-fluorica,3
https://www.luckyvitamin.com/c-1204-carbo-vegetabilis,2
https://www.luckyvitamin.com/c-1198-calcarea-phosphorica,3
https://www.luckyvitamin.com/c-1199-calcarea-sulphurica,3
https://www.luckyvitamin.com/c-1208-causticum,1
https://www.luckyvitamin.com/c-1218-cocculus-indicus,1
https://www.luckyvitamin.com/c-1219-coffea-cruda,1
https://www.luckyvitamin.com/c-1227-cuprum-metallicum,1
https://www.luckyvitamin.com/c-1232-drosera-rotundifolia,1
https://www.luckyvitamin.com/c-1242-ferrum-phosphoricum,2
https://www.luckyvitamin.com/c-1249-gelsemium-sempervirens,1
https://www.luckyvitamin.com/c-1250-glonoinum,1
https://www.luckyvitamin.com/c-1263-hepar-sulphuris-calcareum,1
https://www.luckyvitamin.com/c-1264-histaminum-hydrochol,2
https://www.luckyvitamin.com/c-1269-hydrastis-canadensis,1
https://www.luckyvitamin.com/c-1270-hypericum-perforatum,3
https://www.luckyvitamin.com/c-1271-ignatia-amara,3
https://www.luckyvitamin.com/c-1281-kali-bichromicum,1
https://www.luckyvitamin.com/c-1282-kali-carbonicum,1
https://www.luckyvitamin.com/c-1286-kali-sulphuricum,2
https://www.luckyvitamin.com/c-1284-kali-muriaticum,2
https://www.luckyvitamin.com/c-1295-lycopodium-clavatum,1
https://www.luckyvitamin.com/c-1289-ledum-palustre,2
https://www.luckyvitamin.com/c-1303-mercurius-solubilis,1
https://www.luckyvitamin.com/c-1311-natrum-muriaticum,4
https://www.luckyvitamin.com/c-1312-natrum-phosphoricum,2
https://www.luckyvitamin.com/c-1319-nux-vomica,5
https://www.luckyvitamin.com/c-1328-phosphorus,2
https://www.luckyvitamin.com/c-1329-phytolacca-decandra,1
https://www.luckyvitamin.com/c-1333-pulsatilla,3
https://www.luckyvitamin.com/c-1338-ruta-graveolens,2
https://www.luckyvitamin.com/c-1342-sepia,2
https://www.luckyvitamin.com/c-1344-silicea,4
https://www.luckyvitamin.com/c-1353-spongia-tosta,1
https://www.luckyvitamin.com/c-1359-sulphur,2
https://www.luckyvitamin.com/c-1363-symphytum-officinale,2
https://www.luckyvitamin.com/c-1368-thuja-occidentalis,2
https://www.luckyvitamin.com/c-1369-thyroid-support,5
https://www.luckyvitamin.com/c-1386-zincum-metallicum,1
https://www.luckyvitamin.com/c-915-salt-and-crystal-lamps,19
https://www.luckyvitamin.com/c-905-hot-cold-therapy-products,20
https://www.luckyvitamin.com/c-920-testing-kits,5
https://www.luckyvitamin.com/c-884-air-purifiers,8
https://www.luckyvitamin.com/c-14946-humidifiers,9
https://www.luckyvitamin.com/c-880-respiratory-aids,2
https://www.luckyvitamin.com/c-14947-back-support,1
https://www.luckyvitamin.com/c-893-books-for-health-wellness,5
https://www.luckyvitamin.com/c-897-empty-capsules,19
https://www.luckyvitamin.com/c-902-light-therapy,11
https://www.luckyvitamin.com/c-879-vision-training,1
https://www.luckyvitamin.com/c-919-vitamin-pill-storage,4
https://www.luckyvitamin.com/c-1857-castor-oil-packs,4
https://www.luckyvitamin.com/c-895-massage-chairs-cushions,21
https://www.luckyvitamin.com/c-15043-blankets-weighted-blankets,4
https://www.luckyvitamin.com/c-14704-eye-pillows,1
https://www.luckyvitamin.com/c-912-pillows,13
https://www.luckyvitamin.com/c-890-blood-pressure-monitors,2
https://www.luckyvitamin.com/c-141-adrenal-health,29
https://www.luckyvitamin.com/c-330-allergy-formulas-hayfever,8
https://www.luckyvitamin.com/c-149-anti-inflammatory-formulas,28
https://www.luckyvitamin.com/c-194-body-temperature-support,1
https://www.luckyvitamin.com/c-221-candida-formulas,1
https://www.luckyvitamin.com/c-242-children-s-formulas,19
https://www.luckyvitamin.com/c-279-ear-health,1
https://www.luckyvitamin.com/c-280-ear-support,2
https://www.luckyvitamin.com/c-282-echinacea-goldenseal,15
https://www.luckyvitamin.com/c-292-eye-support,17
https://www.luckyvitamin.com/c-328-hair-skin-nail-formulas,12
https://www.luckyvitamin.com/c-247-herbal-cleanses,22
https://www.luckyvitamin.com/c-367-lactation-formulas,10
https://www.luckyvitamin.com/c-363-kidney-support-formulas,14
https://www.luckyvitamin.com/c-385-liver-support-formulas,31
https://www.luckyvitamin.com/c-388-lung-support-formulas,18
https://www.luckyvitamin.com/c-399-menopause-formulas,17
https://www.luckyvitamin.com/c-398-mens-libido-herbs,22
https://www.luckyvitamin.com/c-402-mood-support,16
https://www.luckyvitamin.com/c-419-nerve-support-formulas,9
https://www.luckyvitamin.com/c-266-respiratory-formulas,11
https://www.luckyvitamin.com/c-134-prostate-support,22
https://www.luckyvitamin.com/c-151-relaxation-formulas,16
https://www.luckyvitamin.com/c-309-saw-palmetto-pygeum,9
https://www.luckyvitamin.com/c-304-specialty-formulas,1
https://www.luckyvitamin.com/c-469-sinus-formulas,10
https://www.luckyvitamin.com/c-200-urinary-support,15
https://www.luckyvitamin.com/c-441-vein-support,6
https://www.luckyvitamin.com/c-202-women-s-formulas,13
https://www.luckyvitamin.com/c-268-women-s-libido-herbs,9
https://www.luckyvitamin.com/c-142-alfalfa,13
https://www.luckyvitamin.com/c-145-alpenkraft,1
https://www.luckyvitamin.com/c-1847-amla-fruits,8
https://www.luckyvitamin.com/c-146-andrographis,5
https://www.luckyvitamin.com/c-154-artemesia,1
https://www.luckyvitamin.com/c-156-artichoke,11
https://www.luckyvitamin.com/c-161-avena-sativa,1
https://www.luckyvitamin.com/c-163-bacopa,6
https://www.luckyvitamin.com/c-175-barberry-root,1
https://www.luckyvitamin.com/c-178-beet-root,18
https://www.luckyvitamin.com/c-176-bayberry,1
https://www.luckyvitamin.com/c-179-bilberry,22
https://www.luckyvitamin.com/c-180-bitter-melon,12
https://www.luckyvitamin.com/c-182-bitters,2
https://www.luckyvitamin.com/c-183-black-cohosh,20
https://www.luckyvitamin.com/c-186-black-walnut,11
https://www.luckyvitamin.com/c-187-bladderwrack,3
https://www.luckyvitamin.com/c-188-blessed-thistle,1
https://www.luckyvitamin.com/c-189-bloodroot,1
https://www.luckyvitamin.com/c-192-blue-vervain,1
https://www.luckyvitamin.com/c-209-buchu,1
https://www.luckyvitamin.com/c-210-bugleweed,1
https://www.luckyvitamin.com/c-212-bupleurum,2
https://www.luckyvitamin.com/c-214-butchers-broom,5
https://www.luckyvitamin.com/c-215-butterbur,4
https://www.luckyvitamin.com/c-217-cactus,1
https://www.luckyvitamin.com/c-219-california-poppy,6
https://www.luckyvitamin.com/c-224-catnip,1
https://www.luckyvitamin.com/c-223-cats-claw,16
https://www.luckyvitamin.com/c-225-cayenne,20
https://www.luckyvitamin.com/c-227-celandine,2
https://www.luckyvitamin.com/c-230-chaparral,2
https://www.luckyvitamin.com/c-245-cilantro,4
https://www.luckyvitamin.com/c-248-cleavers,1
https://www.luckyvitamin.com/c-252-collinsonia-root,1
https://www.luckyvitamin.com/c-2232-dandruff,13
https://www.luckyvitamin.com/c-2205-detanglers,5
https://www.luckyvitamin.com/c-14940-dry-shampoo,12
https://www.luckyvitamin.com/c-14723-hair-accessories,6
https://www.luckyvitamin.com/c-14829-hair-brushes-combs,15
https://www.luckyvitamin.com/c-1814-hair-loss-support,9
https://www.luckyvitamin.com/c-1813-hair-masks,32
https://www.luckyvitamin.com/c-1831-hair-remedies,32
https://www.luckyvitamin.com/c-14863-hair-tools,8
https://www.luckyvitamin.com/c-2095-leave-in-conditioners,28
https://www.luckyvitamin.com/c-632-scalp-remedies,22
https://www.luckyvitamin.com/c-2231-shampoo-bars,11
https://www.luckyvitamin.com/c-14565-biorepublic-skincare,6
https://www.luckyvitamin.com/c-2237-karuna,9
https://www.luckyvitamin.com/c-12003-emani,32
https://www.luckyvitamin.com/c-14802-florapy,7
https://www.luckyvitamin.com/c-14801-herbivore-botanicals,2
https://www.luckyvitamin.com/c-12004-john-masters-organics,30
https://www.luckyvitamin.com/c-14771-michael-todd,4
https://www.luckyvitamin.com/c-14564-meow-meow-tweet,17
https://www.luckyvitamin.com/c-12007-peter-lamas,5
https://www.luckyvitamin.com/c-14562-skyn-iceland,3
https://www.luckyvitamin.com/c-14563-strivectin,11
https://www.luckyvitamin.com/c-14561-yarok,1
https://www.luckyvitamin.com/c-2208-men-s-lotion,13
https://www.luckyvitamin.com/c-2207-men-s-facial-wash,14
https://www.luckyvitamin.com/c-2212-men-s-shampoo-conditioner,6
https://www.luckyvitamin.com/c-2211-men-s-shave-cream,22
https://www.luckyvitamin.com/c-1701-clothing,16
https://www.luckyvitamin.com/c-14583-multicultural-body-lotions,15
https://www.luckyvitamin.com/c-14584-multicultural-body-butters,26
https://www.luckyvitamin.com/c-14582-multicultural-body-oils,3
https://www.luckyvitamin.com/c-14576-multicultural-children-s-haircare,7
https://www.luckyvitamin.com/c-14578-multicultural-conditioners,12
https://www.luckyvitamin.com/c-14579-multicultural-hair-coloring,10
https://www.luckyvitamin.com/c-14585-multicultural-soap-body-washes,8
https://www.luckyvitamin.com/c-14677-multicutural-hand-creams,2
https://www.luckyvitamin.com/c-647-nail-polish-removers,6
https://www.luckyvitamin.com/c-14724-nail-remedies,7
https://www.luckyvitamin.com/c-648-breath-spray,11
https://www.luckyvitamin.com/c-14906-charcoal-oral-care,25
https://www.luckyvitamin.com/c-1949-dental-floss,19
https://www.luckyvitamin.com/c-1997-denture-care,4
https://www.luckyvitamin.com/c-2213-tooth-gum-relief,1
https://www.luckyvitamin.com/c-662-female-arousal-aids,15
https://www.luckyvitamin.com/c-674-intimate-oils,6
https://www.luckyvitamin.com/c-12036-male-arousal-aids,2
https://www.luckyvitamin.com/c-14571-toy-cleaners,2
https://www.luckyvitamin.com/c-636-hair-removal-creams-wax,31
https://www.luckyvitamin.com/c-2172-razors,12
https://www.luckyvitamin.com/c-606-shave-creams,30
https://www.luckyvitamin.com/c-2327-aloe-vera,21
https://www.luckyvitamin.com/c-1703-sunburn-relief,32
https://www.luckyvitamin.com/c-645-travel-accessories,15
https://www.luckyvitamin.com/c-14935-crystals,3
https://www.luckyvitamin.com/c-581-breast-feeding-aids,18
https://www.luckyvitamin.com/c-2236-estrogen-creams,7
https://www.luckyvitamin.com/c-633-pregnancy,19
https://www.luckyvitamin.com/c-2235-progesterone-creams,18
https://www.luckyvitamin.com/c-1407-aakg,1
https://www.luckyvitamin.com/c-14950-eaa,4
https://www.luckyvitamin.com/c-1926-liquid-aminos,1
https://www.luckyvitamin.com/c-14816-beet-formulas,1
https://www.luckyvitamin.com/c-986-nitric-oxide-enhancers,32
https://www.luckyvitamin.com/c-1924-carb-powders,8
https://www.luckyvitamin.com/c-1909-creatine-capsules,11
https://www.luckyvitamin.com/c-1746-intra-workout-aids,26
https://www.luckyvitamin.com/c-1698-stacks-and-bundles,3
https://www.luckyvitamin.com/c-1515-goat-s-milk-protein,9
https://www.luckyvitamin.com/c-1902-hemp-protein,20
https://www.luckyvitamin.com/c-978-high-protein-instant-oatmeal,5
https://www.luckyvitamin.com/c-1898-rice-protein,20
https://www.luckyvitamin.com/c-1899-soy-protein-powder,13
https://www.luckyvitamin.com/c-1455-caffeine,4
https://www.luckyvitamin.com/c-1914-co-enzyme-q-10-with-carnitine,3
https://www.luckyvitamin.com/c-982-multiple-vitamin-formulas,19
https://www.luckyvitamin.com/c-969-organ-liver-support,3
https://www.luckyvitamin.com/c-1920-ribose,12
https://www.luckyvitamin.com/c-1988-sleep-support,11
https://www.luckyvitamin.com/c-971-anabolic-muscle-support,26
https://www.luckyvitamin.com/c-2322-vitamin-packs,8
https://www.luckyvitamin.com/c-2030-deer-antler-igf-1,25
https://www.luckyvitamin.com/c-998-yohimbe-supplements,5
https://www.luckyvitamin.com/c-999-zma,9
https://www.luckyvitamin.com/c-1883-7-keto,12
https://www.luckyvitamin.com/c-1916-diuretics,11
https://www.luckyvitamin.com/c-14859-aromatherapy-jewelry,17
https://www.luckyvitamin.com/c-14927-crystals,3
https://www.luckyvitamin.com/c-1017-eye-body-pillows,1
https://www.luckyvitamin.com/c-1023-inhalers,8
https://www.luckyvitamin.com/c-1033-flower-waters,8
https://www.luckyvitamin.com/c-1002-hydrosol-sprays,4
https://www.luckyvitamin.com/c-1716-argan-oil,8
https://www.luckyvitamin.com/c-14944-castor-oil,18
https://www.luckyvitamin.com/c-4734-emu-oil,8
https://www.luckyvitamin.com/c-2230-jojoba-oil,11
https://www.luckyvitamin.com/c-2039-moringa-oil,2
https://www.luckyvitamin.com/c-1012-aromatherapy-mixing-bottles-droppers,6
https://www.luckyvitamin.com/c-14718-essential-oil-patches,15
https://www.luckyvitamin.com/c-1007-automobile-diffusers,2
https://www.luckyvitamin.com/c-1993-incense-burners-trays,4
https://www.luckyvitamin.com/c-14720-reed-diffusers,31
https://www.luckyvitamin.com/c-1029-sachets,1
https://www.luckyvitamin.com/c-1992-smudges,13
https://www.luckyvitamin.com/c-14961-unscented-candles,9
https://www.luckyvitamin.com/c-42-diet-weight-loss-cleansing,10
https://www.luckyvitamin.com/c-28-fast-detox-cleanse-flush,25
https://www.luckyvitamin.com/c-256-cornsilk,1
https://www.luckyvitamin.com/c-259-cramp-bark,3
https://www.luckyvitamin.com/c-264-damiana,4
https://www.luckyvitamin.com/c-265-dandelion,14
https://www.luckyvitamin.com/c-275-devil-s-claw,3
https://www.luckyvitamin.com/c-277-dong-quai,5
https://www.luckyvitamin.com/c-278-dopabean,1
https://www.luckyvitamin.com/c-285-elecampane-root,1
https://www.luckyvitamin.com/c-286-eleuthero,15
https://www.luckyvitamin.com/c-287-energy,23
https://www.luckyvitamin.com/c-289-essiac,12
https://www.luckyvitamin.com/c-290-estrologic,1
https://www.luckyvitamin.com/c-293-eyebright,7
https://www.luckyvitamin.com/c-295-fennel-seed,2
https://www.luckyvitamin.com/c-296-fenugreek,23
https://www.luckyvitamin.com/c-297-feverfew-leaf,5
https://www.luckyvitamin.com/c-315-glucomannan,5
https://www.luckyvitamin.com/c-318-goldenseal,13
https://www.luckyvitamin.com/c-319-gotu-kola,12
https://www.luckyvitamin.com/c-324-guar-gum,2
https://www.luckyvitamin.com/c-381-lemon-balm,11
https://www.luckyvitamin.com/c-382-licorice-root,19
https://www.luckyvitamin.com/c-383-ligustrum,1
https://www.luckyvitamin.com/c-384-linden,3
https://www.luckyvitamin.com/c-386-lobelia,2
https://www.luckyvitamin.com/c-387-lomatium-root,2
https://www.luckyvitamin.com/c-393-marshmallow-root,5
https://www.luckyvitamin.com/c-396-melissa,2
https://www.luckyvitamin.com/c-401-mistletoe,1
https://www.luckyvitamin.com/c-403-motherwort,4
https://www.luckyvitamin.com/c-413-mulberry,2
https://www.luckyvitamin.com/c-412-muira-puama,3
https://www.luckyvitamin.com/c-418-neem,17
https://www.luckyvitamin.com/c-420-nettle-leaves,20
https://www.luckyvitamin.com/c-423-oleopein,1
https://www.luckyvitamin.com/c-428-oregon-grape-root,4
https://www.luckyvitamin.com/c-431-parsley,4
https://www.luckyvitamin.com/c-433-passion-flower,12
https://www.luckyvitamin.com/c-434-pau-d-arco,9
https://www.luckyvitamin.com/c-269-pegasus,1
https://www.luckyvitamin.com/c-439-peppermint,6
https://www.luckyvitamin.com/c-138-pharma-kava,1
https://www.luckyvitamin.com/c-342-phytoestrogens,8
https://www.luckyvitamin.com/c-168-pharma-maca,1
https://www.luckyvitamin.com/c-374-plantain,3
https://www.luckyvitamin.com/c-302-prickly-pear,3
https://www.luckyvitamin.com/c-205-propolis,6
https://www.luckyvitamin.com/c-203-pygeum,1
https://www.luckyvitamin.com/c-169-red-clover,5
https://www.luckyvitamin.com/c-270-red-raspberry-leaf,5
https://www.luckyvitamin.com/c-135-red-root,2
https://www.luckyvitamin.com/c-171-rose-hips,3
https://www.luckyvitamin.com/c-170-rehmannia,2
https://www.luckyvitamin.com/c-339-relora,10
https://www.luckyvitamin.com/c-452-rhodiola,28
https://www.luckyvitamin.com/c-308-rosemary,4
https://www.luckyvitamin.com/c-136-sarsaparilla-root,1
https://www.luckyvitamin.com/c-468-schisandra,6
https://www.luckyvitamin.com/c-443-scullcap,1
https://www.luckyvitamin.com/c-172-senna,9
https://www.luckyvitamin.com/c-206-siberian-ginseng,6
https://www.luckyvitamin.com/c-344-shatavari,5
https://www.luckyvitamin.com/c-453-silica,1
https://www.luckyvitamin.com/c-435-skin-care,8
https://www.luckyvitamin.com/c-457-skullcap,4
https://www.luckyvitamin.com/c-140-slippery-elm-bark,9
https://www.luckyvitamin.com/c-455-st-johns-wort,32
https://www.luckyvitamin.com/c-463-suma-root,1
https://www.luckyvitamin.com/c-305-swedish-flower-pollen,2
https://www.luckyvitamin.com/c-267-tongkat-ali,10
https://www.luckyvitamin.com/c-371-triphala,16
https://www.luckyvitamin.com/c-341-uva-ursi,6
https://www.luckyvitamin.com/c-470-valerian,28
https://www.luckyvitamin.com/c-442-white-oak-bark,2
https://www.luckyvitamin.com/c-166-vitex,13
https://www.luckyvitamin.com/c-307-white-willow-bark,9
https://www.luckyvitamin.com/c-239-wild-cherry,3
https://www.luckyvitamin.com/c-436-wild-geranium,1
https://www.luckyvitamin.com/c-445-willow-herb-small-flowered,1
https://www.luckyvitamin.com/c-274-witch-hazel-extracts,2
https://www.luckyvitamin.com/c-456-wood-betony,1
https://www.luckyvitamin.com/c-405-yellowdock,1
https://www.luckyvitamin.com/c-448-yerba-mate,5
https://www.luckyvitamin.com/c-410-yohimbe-bark,8
https://www.luckyvitamin.com/c-438-yucca,3
https://www.luckyvitamin.com/c-2091-beta-sitosterol,7
https://www.luckyvitamin.com/c-2088-horny-goat-weed,12
https://www.luckyvitamin.com/c-2086-catuaba,3
https://www.luckyvitamin.com/c-2181-liquid-fabric-softener,28
https://www.luckyvitamin.com/c-14830-carpet-floor-cleaners,12
https://www.luckyvitamin.com/c-4744-air-purifier-refills,2
https://www.luckyvitamin.com/c-4745-air-purifiers-and-humidifiers,8
https://www.luckyvitamin.com/c-14848-fabric-fresheners,31
https://www.luckyvitamin.com/c-14855-degreasers,4
https://www.luckyvitamin.com/c-1874-eco-friendly-dishware,4
https://www.luckyvitamin.com/c-928-germicides,3
https://www.luckyvitamin.com/c-14842-glass-mirror-cleaners,15
https://www.luckyvitamin.com/c-14878-household-sponges,1
https://www.luckyvitamin.com/c-14845-kitchen-cleaners,20
https://www.luckyvitamin.com/c-14867-seasonal-home,22
https://www.luckyvitamin.com/c-1787-natural-insecticides,26
https://www.luckyvitamin.com/c-1862-wipes,15
https://www.luckyvitamin.com/c-14843-wood-polish,6
https://www.luckyvitamin.com/c-4757-drinkware,23
https://www.luckyvitamin.com/c-12029-straws,13
https://www.luckyvitamin.com/c-14917-produce-bags-food-savers,16
https://www.luckyvitamin.com/c-1829-travel-mugs-thermoses,25
https://www.luckyvitamin.com/c-14918-home-decor,13
https://www.luckyvitamin.com/c-941-baking-cooking-supplies,29
https://www.luckyvitamin.com/c-14962-school-office-supplies,26
https://www.luckyvitamin.com/c-14966-cookware,1
https://www.luckyvitamin.com/c-1812-food-grade-hydrogen-peroxide,5
https://www.luckyvitamin.com/c-1994-seasonal-holiday,17
https://www.luckyvitamin.com/c-2280-grain-mills,4
https://www.luckyvitamin.com/c-12023-kitchen-textiles,7
https://www.luckyvitamin.com/c-2182-bleach,11
https://www.luckyvitamin.com/c-2356-dryer-balls,4
https://www.luckyvitamin.com/c-2183-dryer-sheets,16
https://www.luckyvitamin.com/c-2184-stain-removers,20
https://www.luckyvitamin.com/c-1736-coffee-filters,6
https://www.luckyvitamin.com/c-14921-disposable-dining,32
https://www.luckyvitamin.com/c-14920-facial-tissue,10
https://www.luckyvitamin.com/c-14923-napkins,6
https://www.luckyvitamin.com/c-14919-paper-towels,13
https://www.luckyvitamin.com/c-940-cold-weather-items,2
https://www.luckyvitamin.com/c-934-trash-kitchen-compost-bags,14
https://www.luckyvitamin.com/c-14963-grilling,8
https://www.luckyvitamin.com/c-1388-high-fiber-bars,29
https://www.luckyvitamin.com/c-14817-collagen-bars,8
https://www.luckyvitamin.com/c-1389-low-carb-bars,25
https://www.luckyvitamin.com/c-2041-diet-bars,4
https://www.luckyvitamin.com/c-2298-chia-bars,13
https://www.luckyvitamin.com/c-1706-children-s-kids-bars,22
https://www.luckyvitamin.com/c-2256-greek-yogurt-bars,1
https://www.luckyvitamin.com/c-14589-advanced-naturals,1
https://www.luckyvitamin.com/c-14965-bio-botanical-research,7
https://www.luckyvitamin.com/c-2226-biogenesis-nutraceuticals,6
https://www.luckyvitamin.com/c-14721-bio-kult,1
https://www.luckyvitamin.com/c-1931-bio-tech-pharmacal,1
https://www.luckyvitamin.com/c-2346-collagen-m-d,2
https://www.luckyvitamin.com/c-11976-d-adamo-personalized-nutrition,3
https://www.luckyvitamin.com/c-1987-davinci-laboratories,1
https://www.luckyvitamin.com/c-2072-ecological-formulas-formerly-cardiovascular-research,8
https://www.luckyvitamin.com/c-1785-econugenics,1
https://www.luckyvitamin.com/c-14587-empirical-labs,6
https://www.luckyvitamin.com/c-14597-euromedica,2
https://www.luckyvitamin.com/c-4755-health-concerns,18
https://www.luckyvitamin.com/c-4717-innate-response,32
https://www.luckyvitamin.com/c-12039-karuna-nutrition,3
https://www.luckyvitamin.com/c-14798-kirkman,9
https://www.luckyvitamin.com/c-963-mucos,2
https://www.luckyvitamin.com/c-14876-myco-herb,4
https://www.luckyvitamin.com/c-2347-mycology-research-laboratories,2
https://www.luckyvitamin.com/c-12034-natural-ophthalmics,11
https://www.luckyvitamin.com/c-1712-optimox-corporation,2
https://www.luckyvitamin.com/c-4677-perque,25
https://www.luckyvitamin.com/c-2132-prescribed-choice,4
https://www.luckyvitamin.com/c-2324-progressive-laboratories,1
https://www.luckyvitamin.com/c-2109-rlc-labs,2
https://www.luckyvitamin.com/c-2084-transformation-enzymes,5
https://www.luckyvitamin.com/c-4698-wise-woman-herbals,4
https://www.luckyvitamin.com/c-2342-green-tea-skin-care,19
https://www.luckyvitamin.com/c-579-loofahs,30
https://www.luckyvitamin.com/c-1957-mineral-baths,7
https://www.luckyvitamin.com/c-631-self-tanners,12
https://www.luckyvitamin.com/c-11973-facial-brushes,15
https://www.luckyvitamin.com/c-14902-facial-clay-powders,16
https://www.luckyvitamin.com/c-637-facial-peels,11
https://www.luckyvitamin.com/c-15045-facial-oils,23
https://www.luckyvitamin.com/c-638-facial-primers,18
https://www.luckyvitamin.com/c-2173-skin-lighteners,10
https://www.luckyvitamin.com/c-592-feminine-wash,21
https://www.luckyvitamin.com/c-14875-feminine-wipes,8
https://www.luckyvitamin.com/c-14873-incontinence-pads,4
https://www.luckyvitamin.com/c-14874-maternity-pads,3
https://www.luckyvitamin.com/c-14872-menstrual-cups,15
https://www.luckyvitamin.com/c-14871-panty-liners,15
https://www.luckyvitamin.com/c-14869-tampons,27
https://www.luckyvitamin.com/c-2209-cold-sore-remedies,9
https://www.luckyvitamin.com/c-2240-contact-lens-solution,1
https://www.luckyvitamin.com/c-634-ear-candles,8
https://www.luckyvitamin.com/c-588-ear-care,5
https://www.luckyvitamin.com/c-610-hemorrhoid-relief,11
https://www.luckyvitamin.com/c-613-itch-remedies,19
https://www.luckyvitamin.com/c-609-lice-formulas,14
https://www.luckyvitamin.com/c-624-nasal-sprays,27
https://www.luckyvitamin.com/c-639-sleep-masks,4
https://www.luckyvitamin.com/c-1754-tattoo-aftercare,6
https://www.luckyvitamin.com/c-642-tea-tree-oil,16
https://www.luckyvitamin.com/c-2171-aftershave,17
https://www.luckyvitamin.com/c-622-cologne,13
https://www.luckyvitamin.com/c-1225-constitutional-enhancer,1
https://www.luckyvitamin.com/c-1222-colic-remedies,1
https://www.luckyvitamin.com/c-1226-cough-remedies,12
https://www.luckyvitamin.com/c-1228-detox,4
https://www.luckyvitamin.com/c-1230-diarrhea-remedies,4
https://www.luckyvitamin.com/c-1231-digestive-support,4
https://www.luckyvitamin.com/c-1266-hoarseness-sore-throat-remedies,1
https://www.luckyvitamin.com/c-1235-echinacea,3
https://www.luckyvitamin.com/c-1239-exhaustion-formulas,1
https://www.luckyvitamin.com/c-1240-eye-care-formulas,16
https://www.luckyvitamin.com/c-1241-fatigue-relief,4
https://www.luckyvitamin.com/c-1244-first-aid-creams,5
https://www.luckyvitamin.com/c-1248-gastrointestinal-support,6
https://www.luckyvitamin.com/c-1257-hayfever-remedies,3
https://www.luckyvitamin.com/c-1259-hearing,2
https://www.luckyvitamin.com/c-1715-hcg,2
https://www.luckyvitamin.com/c-1258-headache-remedies,8
https://www.luckyvitamin.com/c-1260-heart-support,1
https://www.luckyvitamin.com/c-1261-heartburn-remedies,3
https://www.luckyvitamin.com/c-1946-homeopathic-remedy-kits,4
https://www.luckyvitamin.com/c-1275-insomnia-support,4
https://www.luckyvitamin.com/c-1273-indigestion,6
https://www.luckyvitamin.com/c-1287-kidney-support,2
https://www.luckyvitamin.com/c-1272-immunity-support,3
https://www.luckyvitamin.com/c-1280-joint-muscle-pain,29
https://www.luckyvitamin.com/c-1292-liver-support,1
https://www.luckyvitamin.com/c-1294-lung-support,3
https://www.luckyvitamin.com/c-1298-memory-support,6
https://www.luckyvitamin.com/c-1299-menopause-remedies,4
https://www.luckyvitamin.com/c-1300-menstrual-cramps,2
https://www.luckyvitamin.com/c-1305-migraine-remedies,3
https://www.luckyvitamin.com/c-1301-mental-alert-support,3
https://www.luckyvitamin.com/c-1306-molkosan,1
https://www.luckyvitamin.com/c-1307-mood-support,4
https://www.luckyvitamin.com/c-1308-morning-sickness,9
https://www.luckyvitamin.com/c-1310-muscle-builders,2
https://www.luckyvitamin.com/c-1309-motion-sickness,10
https://www.luckyvitamin.com/c-1314-nausea-remedies,19
https://www.luckyvitamin.com/c-1315-nerve-support,6
https://www.luckyvitamin.com/c-1744-ointments-salves,8
https://www.luckyvitamin.com/c-1322-parasite-cleanse,1
https://www.luckyvitamin.com/c-1320-pms,2
https://www.luckyvitamin.com/c-1331-poison-ivy-relief,1
https://www.luckyvitamin.com/c-1334-reproductive-health,4
https://www.luckyvitamin.com/c-1345-sinus-remedies,24
https://www.luckyvitamin.com/c-1346-skin-irritation-remedies,15
https://www.luckyvitamin.com/c-1350-snore-control,1
https://www.luckyvitamin.com/c-1351-sore-throat-remedies,5
https://www.luckyvitamin.com/c-1352-spasm-pain,1
https://www.luckyvitamin.com/c-1355-stings-bug-bite-relief-bed-bugs,1
https://www.luckyvitamin.com/c-1370-tinnitus-remedies,4
https://www.luckyvitamin.com/c-2309-ground-coffee,22
https://www.luckyvitamin.com/c-2308-whole-bean-coffee,21
https://www.luckyvitamin.com/c-1976-ginger-teas,25
https://www.luckyvitamin.com/c-4738-coffee-accessories,4
https://www.luckyvitamin.com/c-1761-tea-accessories,4
https://www.luckyvitamin.com/c-50-tea-infusers,16
https://www.luckyvitamin.com/c-61-tea-pots,6
https://www.luckyvitamin.com/c-1801-coffee-substitutes,31
https://www.luckyvitamin.com/c-14748-cold-brew-coffee,25
https://www.luckyvitamin.com/c-2311-ground-decaf-coffee,3
https://www.luckyvitamin.com/c-2313-iced-coffee,20
https://www.luckyvitamin.com/c-2312-instant-coffee,18
https://www.luckyvitamin.com/c-59-liquid-concentrates,17
https://www.luckyvitamin.com/c-2310-whole-bean-decaf-coffee,2
https://www.luckyvitamin.com/c-4728-bamboo-tea,1
https://www.luckyvitamin.com/c-2155-bilberry-teas,1
https://www.luckyvitamin.com/c-2142-blueberry-teas,4
https://www.luckyvitamin.com/c-2156-burdock-root-teas,1
https://www.luckyvitamin.com/c-11986-chaga-teas,2
https://www.luckyvitamin.com/c-46-chai-teas,32
https://www.luckyvitamin.com/c-2136-chamomile-teas,24
https://www.luckyvitamin.com/c-2307-coffee-flavored-tea,18
https://www.luckyvitamin.com/c-2154-cranberry-teas,3
https://www.luckyvitamin.com/c-11985-damiana-teas,1
https://www.luckyvitamin.com/c-2121-dandelion-teas,17
https://www.luckyvitamin.com/c-565-weight-loss-support,32
https://www.luckyvitamin.com/c-566-women-s-herbal-health,31
https://www.luckyvitamin.com/c-2085-women-s-protein,19
https://www.luckyvitamin.com/c-1689-large-capacity-storage-water-bottles,10
https://www.luckyvitamin.com/c-950-faucet-water-filtration,26
https://www.luckyvitamin.com/c-1688-children-s-water-bottles,20
https://www.luckyvitamin.com/c-948-shower-head-water-filtration,8
https://www.luckyvitamin.com/c-11998-travel-mugs-thermoses,13
https://www.luckyvitamin.com/c-1876-water-bottle-accessories,29
https://www.luckyvitamin.com/c-1691-water-bottles-for-purification,4
https://www.luckyvitamin.com/c-952-water-purification,11
https://www.luckyvitamin.com/c-951-water-purity-testers,1
https://www.luckyvitamin.com/c-1676-new-products,12
https://www.luckyvitamin.com/c-1677-save-with-lucky,12
https://www.luckyvitamin.com/c-2266-deals-of-the-week,9
https://www.luckyvitamin.com/c-325-guarana,5
https://www.luckyvitamin.com/c-327-gymnema-sylvestre,9
https://www.luckyvitamin.com/c-329-hawthorn,32
https://www.luckyvitamin.com/c-446-herbal-chew,5
https://www.luckyvitamin.com/c-334-holy-basil,21
https://www.luckyvitamin.com/c-346-horny-goat-weed,13
https://www.luckyvitamin.com/c-345-horehound,1
https://www.luckyvitamin.com/c-347-horse-chestnut,11
https://www.luckyvitamin.com/c-358-jiaogulan,2
https://www.luckyvitamin.com/c-360-juniper-berries,1
https://www.luckyvitamin.com/c-361-kava-kava,13
https://www.luckyvitamin.com/c-365-kudzu,3
https://www.luckyvitamin.com/c-366-kudzu-root,1
https://www.luckyvitamin.com/c-369-larix,1
https://www.luckyvitamin.com/c-2152-echinacea-teas,4
https://www.luckyvitamin.com/c-11988-elderberry-teas,4
https://www.luckyvitamin.com/c-2144-fennel-teas,6
https://www.luckyvitamin.com/c-2165-ginseng-teas,5
https://www.luckyvitamin.com/c-2139-guayusa-teas,6
https://www.luckyvitamin.com/c-2153-hawthorn-teas,2
https://www.luckyvitamin.com/c-2133-hibiscus-teas,24
https://www.luckyvitamin.com/c-1758-holiday-teas,8
https://www.luckyvitamin.com/c-11978-kava-teas,2
https://www.luckyvitamin.com/c-2143-lemon-teas,14
https://www.luckyvitamin.com/c-2148-lemongrass-teas,2
https://www.luckyvitamin.com/c-11979-linden-teas,1
https://www.luckyvitamin.com/c-2038-moringa-oleifera-teas,14
https://www.luckyvitamin.com/c-11980-mugwort-teas,1
https://www.luckyvitamin.com/c-2149-nettle-teas,1
https://www.luckyvitamin.com/c-54-oolong-teas,15
https://www.luckyvitamin.com/c-11983-passion-flower-teas,2
https://www.luckyvitamin.com/c-2137-pau-d-arco-teas,4
https://www.luckyvitamin.com/c-2135-peppermint-teas,14
https://www.luckyvitamin.com/c-2147-pu-erh-teas,2
https://www.luckyvitamin.com/c-2145-raspberry-teas,5
https://www.luckyvitamin.com/c-2150-red-clover-teas,2
https://www.luckyvitamin.com/c-55-red-teas-african-rooibos,26
https://www.luckyvitamin.com/c-11981-reishi-teas,5
https://www.luckyvitamin.com/c-2151-rose-hips-teas,3
https://www.luckyvitamin.com/c-1759-tulsi-holy-basil-teas,25
https://www.luckyvitamin.com/c-11982-turmeric-teas,17
https://www.luckyvitamin.com/c-58-white-teas,29
https://www.luckyvitamin.com/c-2162-antioxidant-teas,16
https://www.luckyvitamin.com/c-2159-digestive-teas,23
https://www.luckyvitamin.com/c-1996-energy-teas,13
https://www.luckyvitamin.com/c-2160-immune-boosting-teas,10
https://www.luckyvitamin.com/c-2164-lactation-teas,8
https://www.luckyvitamin.com/c-51-laxative-teas-senna,7
https://www.luckyvitamin.com/c-2166-men-s-teas,1
https://www.luckyvitamin.com/c-2161-nighttime-teas,20
https://www.luckyvitamin.com/c-2163-women-s-teas,20
https://www.luckyvitamin.com/c-80-omegas-for-pets,12
https://www.luckyvitamin.com/c-94-probiotics-for-pets,23
https://www.luckyvitamin.com/c-14736-freeze-dried-dog-food,23
https://www.luckyvitamin.com/c-102-relaxation-calming-support-for-pet,31
https://www.luckyvitamin.com/c-90-bedding-for-pets,1
https://www.luckyvitamin.com/c-1833-behavior-training,2
https://www.luckyvitamin.com/c-1763-collars-leashes,1
https://www.luckyvitamin.com/c-1692-feeding-accessories,5
https://www.luckyvitamin.com/c-93-toys-entertainment-for-pets,22
https://www.luckyvitamin.com/c-1793-waste-disposal-litter,18
https://www.luckyvitamin.com/c-14784-bones-rawhide,16
https://www.luckyvitamin.com/c-14782-sticks-chews,12
https://www.luckyvitamin.com/c-14740-dehydrated-cat-food,2
https://www.luckyvitamin.com/c-14739-dry-cat-food,14
https://www.luckyvitamin.com/c-14741-freeze-dried-cat-food,7
https://www.luckyvitamin.com/c-14772-crunchy-cat-treats,7
https://www.luckyvitamin.com/c-14774-dental-cat-treats,6
https://www.luckyvitamin.com/c-14775-freeze-dried-cat-treats,4
https://www.luckyvitamin.com/c-14734-dry-dog-food,32
https://www.luckyvitamin.com/c-14779-freeze-dried-dog-treats,21
https://www.luckyvitamin.com/c-14781-jerky-meat-dog-treats,22
https://www.luckyvitamin.com/c-14780-soft-chewy-dog-treats,13
https://www.luckyvitamin.com/c-64-bathing-cleanup-for-pets,6
https://www.luckyvitamin.com/c-69-dental-care-for-pets,23
https://www.luckyvitamin.com/c-79-ear-eye-care-for-pets,10
https://www.luckyvitamin.com/c-87-flea-tick,18
https://www.luckyvitamin.com/c-98-skin-itch-for-pets,16
https://www.luckyvitamin.com/c-92-stain-odor-removers-for-pets,11
https://www.luckyvitamin.com/c-65-allergy-support-for-pets,9
https://www.luckyvitamin.com/c-66-behavioral-emotional-support-for-pets,5
https://www.luckyvitamin.com/c-104-first-aid-for-pets,7
https://www.luckyvitamin.com/c-85-hairball-remedies,4
https://www.luckyvitamin.com/c-1791-homeopathic-remedies-for-pets,16
https://www.luckyvitamin.com/c-86-immune-support-for-pets,28
https://www.luckyvitamin.com/c-1693-liver-brain-support-for-pets,7
https://www.luckyvitamin.com/c-14856-pill-pockets,5
https://www.luckyvitamin.com/c-97-skin-coat-formulas-for-pets,15
https://www.luckyvitamin.com/c-105-urinary-support-for-pets,17
https://www.luckyvitamin.com/c-106-weight-loss-for-pets,1
https://www.luckyvitamin.com/c-550-intimacy-sexual-enhancement,21
https://www.luckyvitamin.com/c-544-breast-enhancement,2
https://www.luckyvitamin.com/c-545-candida-yeast-remedies,30
https://www.luckyvitamin.com/c-546-essential-fatty-acids,17
https://www.luckyvitamin.com/c-548-hormone-precursors,30
https://www.luckyvitamin.com/c-551-liquids,1
https://www.luckyvitamin.com/c-553-menstrual-symptoms,13
https://www.luckyvitamin.com/c-560-morning-sickness-support,8
https://www.luckyvitamin.com/c-557-pms-support,12
https://www.luckyvitamin.com/c-561-progesterone-creams,22
https://www.luckyvitamin.com/c-562-reproductive-health,14
https://www.luckyvitamin.com/c-1685-testosterone-boosters,1
https://www.luckyvitamin.com/c-564-vericose-veins-circulation,6
