0,https://www.amazon.co.uk/dp/B00X3FYFB4
1,https://www.amazon.co.uk/dp/B01AAGIJCO
2,https://www.amazon.co.uk/dp/B01N4IFM3L
3,https://www.amazon.co.uk/dp/B00LVUR22M
4,https://www.amazon.co.uk/dp/B01N4IFM3L
5,https://www.amazon.co.uk/dp/B016NNW4UG
6,https://www.amazon.co.uk/dp/B0170B0DQ2
7,https://www.amazon.co.uk/dp/B01N4IFM3L
8,https://www.amazon.co.uk/dp/B00J18CV0E
9,https://www.amazon.co.uk/dp/B01BY1JK9U
10,https://www.amazon.co.uk/dp/B00UZUZVUY
11,https://www.amazon.co.uk/dp/B00N4A2P60
12,https://www.amazon.co.uk/dp/B01N4IFM3L
13,https://www.amazon.co.uk/dp/B01AHQ0M2C
14,NULL
15,NULL
16,https://www.amazon.co.uk/dp/B00W19K21A
17,https://www.amazon.co.uk/dp/B01N0CHQ2K
18,https://www.amazon.co.uk/dp/B01JUO05R4
19,https://www.amazon.co.uk/dp/B00MXSR55U
20,https://www.amazon.co.uk/dp/B079G3C1SJ
21,https://www.amazon.co.uk/dp/B01MQGJX4P
22,https://www.amazon.co.uk/dp/B06XT2K3Z8
23,https://www.amazon.co.uk/dp/B000T5QAKK
24,https://www.amazon.co.uk/dp/B00187HNI6
25,https://www.amazon.co.uk/dp/B00MUZP83M
26,https://www.amazon.co.uk/dp/B0757LBJXR
27,https://www.amazon.co.uk/dp/B06XY51BZX
28,https://www.amazon.co.uk/dp/B01KA8SOEK
29,NULL
30,https://www.amazon.co.uk/dp/B002ZQX02W
31,https://www.amazon.co.uk/dp/B077D8YSLG
32,https://www.amazon.co.uk/dp/B00JV1YQY0
33,https://www.amazon.co.uk/dp/B00TNFFVWA
34,NULL
35,https://www.amazon.co.uk/dp/B0042C40EE
36,NULL
37,https://www.amazon.co.uk/dp/B015ECTDM4
38,https://www.amazon.co.uk/dp/0754821021
39,https://www.amazon.co.uk/dp/B018SC2FJ0
40,https://www.amazon.co.uk/dp/B00J6DQIAI
41,https://www.amazon.co.uk/dp/B00MOEYTH0
42,https://www.amazon.co.uk/dp/B01KYQTVYA
43,NULL
44,https://www.amazon.co.uk/dp/1471866149
45,https://www.amazon.co.uk/dp/B018XSQMRA
46,NULL
47,https://www.amazon.co.uk/dp/B01BXGUMS4
48,https://www.amazon.co.uk/dp/B01E9N5VFC
49,https://www.amazon.co.uk/dp/B07G9V4TQG
50,https://www.amazon.co.uk/dp/B074H8939J
51,https://www.amazon.co.uk/dp/B00ZQFG59O
52,https://www.amazon.co.uk/dp/B00A8JA5VM
53,https://www.amazon.co.uk/dp/074401543X
54,https://www.amazon.co.uk/dp/B00FU6OEJC
55,https://www.amazon.co.uk/dp/B072J9YWCJ
56,https://www.amazon.co.uk/dp/B0777HWSF6
57,https://www.amazon.co.uk/dp/B00PGNMXQA
58,https://www.amazon.co.uk/dp/B008ES5PPU
59,https://www.amazon.co.uk/dp/B0041K5I48
60,https://www.amazon.co.uk/dp/B075DFC3L6
61,https://www.amazon.co.uk/dp/B01NB17Q3R
62,https://www.amazon.co.uk/dp/B073JW1VF9
63,https://www.amazon.co.uk/dp/B01I519P0Q
64,https://www.amazon.co.uk/dp/B01DWN0BEG
65,https://www.amazon.co.uk/dp/B01H5X42DU
66,https://www.amazon.co.uk/dp/B001MS84SE
67,https://www.amazon.co.uk/dp/B072J88LLK
68,https://www.amazon.co.uk/dp/B07F4CZP67
69,https://www.amazon.co.uk/dp/B0799ZN7QY
70,NULL
71,https://www.amazon.co.uk/dp/B00186JF5Q
72,https://www.amazon.co.uk/dp/B000CNP4FQ
73,https://www.amazon.co.uk/dp/B00GCARNXE
74,https://www.amazon.co.uk/dp/B00J4LLFGE
75,https://www.amazon.co.uk/dp/B001JI461Q
76,https://www.amazon.co.uk/dp/B00004TQ2O
77,https://www.amazon.co.uk/dp/B000KGGM7O
78,https://www.amazon.co.uk/dp/B0728JD9F4
79,https://www.amazon.co.uk/dp/B004KOC4NI
80,https://www.amazon.co.uk/dp/B015HAL2OK
81,https://www.amazon.co.uk/dp/B002RSCDYE
82,https://www.amazon.co.uk/dp/B003OGKCMI
83,https://www.amazon.co.uk/dp/B00WMFGBQS
84,https://www.amazon.co.uk/dp/B00MBFWHTO
85,https://www.amazon.co.uk/dp/B000088EGP
86,https://www.amazon.co.uk/dp/B01EUSBO0W
87,https://www.amazon.co.uk/dp/B000N8KHTS
88,https://www.amazon.co.uk/dp/B010XO3IHO
89,https://www.amazon.co.uk/dp/B00DG5JBII
90,https://www.amazon.co.uk/dp/B00KJGJJUM
91,https://www.amazon.co.uk/dp/B01LX188US
92,https://www.amazon.co.uk/dp/B009MJU7L2
93,https://www.amazon.co.uk/dp/B00U8EVMJG
94,https://www.amazon.co.uk/dp/B00VV923O0
95,https://www.amazon.co.uk/dp/B007TL3HD0
96,https://www.amazon.co.uk/dp/B00BG4R0JS
97,https://www.amazon.co.uk/dp/B06X9TLVRM
98,https://www.amazon.co.uk/dp/B07864WMK8
99,https://www.amazon.co.uk/dp/B014FXAELW
100,https://www.amazon.co.uk/dp/B001U0FVGM
101,https://www.amazon.co.uk/dp/B07756JMFS
102,https://www.amazon.co.uk/dp/B01MSZMCZ5
103,https://www.amazon.co.uk/dp/B004OYT6LM
104,https://www.amazon.co.uk/dp/B0744HR99K
105,https://www.amazon.co.uk/dp/B01AFZTW58
106,https://www.amazon.co.uk/dp/B079J1BH2L
107,https://www.amazon.co.uk/dp/0857332422
108,https://www.amazon.co.uk/dp/B01M0HQU40
109,https://www.amazon.co.uk/dp/B01IPCSOX4
110,https://www.amazon.co.uk/dp/0751364479
111,https://www.amazon.co.uk/dp/B0090I3YSS
112,https://www.amazon.co.uk/dp/B01M19FGTZ
113,https://www.amazon.co.uk/dp/B00CTN6ZXM
114,https://www.amazon.co.uk/dp/B00HK0XCTO
115,https://www.amazon.co.uk/dp/B01H6MMT9E
116,https://www.amazon.co.uk/dp/B06ZY89C2T
117,https://www.amazon.co.uk/dp/B0757TZ7KY
118,https://www.amazon.co.uk/dp/B075RCQKCF
119,https://www.amazon.co.uk/dp/B01L8PLI1U
120,NULL
121,NULL
122,https://www.amazon.co.uk/dp/B06X3QXNVY
123,https://www.amazon.co.uk/dp/0007227418
124,https://www.amazon.co.uk/dp/B009AVWIMS
125,https://www.amazon.co.uk/dp/B01J11QGWE
126,https://www.amazon.co.uk/dp/B003A69VRO
127,https://www.amazon.co.uk/dp/B00O62QGZQ
128,https://www.amazon.co.uk/dp/B00NE4D2Q8
129,https://www.amazon.co.uk/dp/B00H3JHVW6
130,https://www.amazon.co.uk/dp/B00Y2AWL60
131,https://www.amazon.co.uk/dp/B000NE8PSW
132,https://www.amazon.co.uk/dp/B06XQ6JJKX
133,https://www.amazon.co.uk/dp/B06WGQHQBR
134,https://www.amazon.co.uk/dp/B0033B0HYC
135,https://www.amazon.co.uk/dp/B00A8G2L8K
136,https://www.amazon.co.uk/dp/B00MNHU8WI
137,https://www.amazon.co.uk/dp/B0033567D8
138,https://www.amazon.co.uk/dp/B07GP814XQ
139,https://www.amazon.co.uk/dp/B000MMCPKO
140,https://www.amazon.co.uk/dp/B00U2G7IMK
141,https://www.amazon.co.uk/dp/B074RNL1RX
142,https://www.amazon.co.uk/dp/B0777VRR45
143,https://www.amazon.co.uk/dp/B00HUULAIO
144,https://www.amazon.co.uk/dp/B00HYDDNWS
145,NULL
146,NULL
147,NULL
148,NULL
149,NULL
150,NULL
151,https://www.amazon.co.uk/dp/B00MOIE1E2
152,https://www.amazon.co.uk/dp/B008BOZHLY
153,https://www.amazon.co.uk/dp/B000M83J5I
154,https://www.amazon.co.uk/dp/B000PX1ZVU
155,https://www.amazon.co.uk/dp/B07GFJF8PJ
156,https://www.amazon.co.uk/dp/B076D84NNW
157,https://www.amazon.co.uk/dp/B07FST9TTV
158,https://www.amazon.co.uk/dp/B01N4KQ4T4
159,https://www.amazon.co.uk/dp/B06ZZGNMYD
160,https://www.amazon.co.uk/dp/1780898215
161,https://www.amazon.co.uk/dp/B00WKNXYE4
162,https://www.amazon.co.uk/dp/B000VHFZO8
163,https://www.amazon.co.uk/dp/B00B46AA40
164,https://www.amazon.co.uk/dp/B07DX2YKT4
165,https://www.amazon.co.uk/dp/B008MYP4ZM
166,https://www.amazon.co.uk/dp/B00GJFB45U
167,https://www.amazon.co.uk/dp/B0012DEWG2
168,https://www.amazon.co.uk/dp/B071HW9ZDT
169,https://www.amazon.co.uk/dp/B07DX2YKT4
170,NULL
171,NULL
172,NULL
173,NULL
174,NULL
175,https://www.amazon.co.uk/dp/B00ODV6B28
176,https://www.amazon.co.uk/dp/B01H1UGIUW
177,https://www.amazon.co.uk/dp/B00KN05FZ2
178,https://www.amazon.co.uk/dp/B00TUI8ZMI
179,NULL
180,https://www.amazon.co.uk/dp/B078L4FBF8
181,NULL
182,NULL
183,NULL
184,NULL
185,https://www.amazon.co.uk/dp/B00U8EVMJG
186,NULL
187,https://www.amazon.co.uk/dp/B01MYAGU2L
188,https://www.amazon.co.uk/dp/B07CG3T2LN
189,https://www.amazon.co.uk/dp/B01MTLPVD4
190,https://www.amazon.co.uk/dp/B072BNDB78
191,https://www.amazon.co.uk/dp/B00H51ISM4
192,https://www.amazon.co.uk/dp/B000NRX5XE
193,https://www.amazon.co.uk/dp/B06XH4JM44
194,https://www.amazon.co.uk/dp/B00A76AL7Y
195,https://www.amazon.co.uk/dp/B01DWN0BEG
196,https://www.amazon.co.uk/dp/B00BQ9Z00E
197,https://www.amazon.co.uk/dp/B007YXMKLI
198,https://www.amazon.co.uk/dp/B01AUPK4QY
199,https://www.amazon.co.uk/dp/B00Y9SSI6C
200,https://www.amazon.co.uk/dp/B005ZO72HK
201,https://www.amazon.co.uk/dp/B00002537O
202,https://www.amazon.co.uk/dp/B01E6T547Y
203,https://www.amazon.co.uk/dp/B077N5FLF9
204,https://www.amazon.co.uk/dp/B002PM8E9K
205,https://www.amazon.co.uk/dp/B00Y1C8GU4
206,https://www.amazon.co.uk/dp/B00WS6R2TG
207,https://www.amazon.co.uk/dp/B06WWQVWJN
208,https://www.amazon.co.uk/dp/B00NBR4CQC
209,https://www.amazon.co.uk/dp/B01IPCV026
210,https://www.amazon.co.uk/dp/B00UHE2R14
211,https://www.amazon.co.uk/dp/B000VIVW1C
212,https://www.amazon.co.uk/dp/B0716ZL4CL
213,https://www.amazon.co.uk/dp/B00LW416X8
214,https://www.amazon.co.uk/dp/B00D4KJMM0
215,https://www.amazon.co.uk/dp/B01BUKRM4A
216,https://www.amazon.co.uk/dp/B0057NDZIO
217,https://www.amazon.co.uk/dp/B00004RFRU
218,https://www.amazon.co.uk/dp/B071G84MT8
219,https://www.amazon.co.uk/dp/B07DK9MMWJ
220,https://www.amazon.co.uk/dp/B008HP9F7Y
221,https://www.amazon.co.uk/dp/B00VA5HWMI
222,https://www.amazon.co.uk/dp/B0009OAICC
223,https://www.amazon.co.uk/dp/B001P4YYH0
224,https://www.amazon.co.uk/dp/B008PRANV6
225,https://www.amazon.co.uk/dp/B000C1UBR4
226,https://www.amazon.co.uk/dp/B00WSSFTN0
227,https://www.amazon.co.uk/dp/B006PHU2B4
228,https://www.amazon.co.uk/dp/B019C9CZVG
229,https://www.amazon.co.uk/dp/B00XY7JGE2
230,https://www.amazon.co.uk/dp/B004452AP0
231,https://www.amazon.co.uk/dp/B000F9RAEU
232,https://www.amazon.co.uk/dp/B00DNZ5D6A
233,https://www.amazon.co.uk/dp/B0146U4RP8
234,https://www.amazon.co.uk/dp/B00LQPXZW8
235,https://www.amazon.co.uk/dp/B01N0T7GAH
236,https://www.amazon.co.uk/dp/B01M0EM8JM
237,NULL
238,https://www.amazon.co.uk/dp/B00NHTSMK6
239,https://www.amazon.co.uk/dp/B07FVW39GB
240,https://www.amazon.co.uk/dp/B06VW4G5HT
241,https://www.amazon.co.uk/dp/B077F6241K
242,https://www.amazon.co.uk/dp/B001DU9APM
243,https://www.amazon.co.uk/dp/B000BPK26G
244,https://www.amazon.co.uk/dp/B00KL4PNWU
245,https://www.amazon.co.uk/dp/B01MSMWCV6
246,https://www.amazon.co.uk/dp/B01N7IQCAH
247,https://www.amazon.co.uk/dp/B000BU293U
248,https://www.amazon.co.uk/dp/B07HPZYQF1
249,https://www.amazon.co.uk/dp/B07HGBDNYS
250,https://www.amazon.co.uk/dp/B01535VBA4
251,https://www.amazon.co.uk/dp/B06VW4G5HT
252,https://www.amazon.co.uk/dp/B01LWMQTCF
253,https://www.amazon.co.uk/dp/B005R20HY0
254,https://www.amazon.co.uk/dp/B005R1TNW8
255,https://www.amazon.co.uk/dp/B005R20HY0
256,https://www.amazon.co.uk/dp/B079K2RD4Z
257,https://www.amazon.co.uk/dp/B0778FX1QZ
258,https://www.amazon.co.uk/dp/B004GHXKC8
259,https://www.amazon.co.uk/dp/B072BJ5NDF
260,https://www.amazon.co.uk/dp/B01ISXQOQE
261,https://www.amazon.co.uk/dp/8851152322
262,https://www.amazon.co.uk/dp/B00GW79QZK
263,https://www.amazon.co.uk/dp/B078SM43B9
264,https://www.amazon.co.uk/dp/B01N6QEZDS
265,https://www.amazon.co.uk/dp/B079MF2MMY
266,https://www.amazon.co.uk/dp/B0795B2GPG
267,NULL
268,https://www.amazon.co.uk/dp/B071VCM2LX
269,https://www.amazon.co.uk/dp/B01JA5VCAM
270,https://www.amazon.co.uk/dp/B01NBINBHZ
271,https://www.amazon.co.uk/dp/B01I1RTUV8
272,https://www.amazon.co.uk/dp/B077J51HJB
273,https://www.amazon.co.uk/dp/B009439GRW
274,https://www.amazon.co.uk/dp/B074HHKLYX
275,https://www.amazon.co.uk/dp/B075CNC6X8
276,https://www.amazon.co.uk/dp/B0079GBHX2
277,https://www.amazon.co.uk/dp/B01GSW42M0
278,https://www.amazon.co.uk/dp/B075FSZY44
279,https://www.amazon.co.uk/dp/B06ZZH4F7S
280,https://www.amazon.co.uk/dp/B00Z0UWWYC
281,https://www.amazon.co.uk/dp/B003XW4CL0
282,https://www.amazon.co.uk/dp/B00U8JLS0O
283,https://www.amazon.co.uk/dp/B0065NYXWW
284,https://www.amazon.co.uk/dp/B010MPL632
285,https://www.amazon.co.uk/dp/B0000793WQ
286,https://www.amazon.co.uk/dp/B00T7S6J9M
287,https://www.amazon.co.uk/dp/B008X3JGSI
288,https://www.amazon.co.uk/dp/B07DLLXQK8
289,https://www.amazon.co.uk/dp/B01MQWWCPJ
290,https://www.amazon.co.uk/dp/B004TPXVKS
291,https://www.amazon.co.uk/dp/B01K60KQ8O
292,https://www.amazon.co.uk/dp/B06WVGZD4W
293,https://www.amazon.co.uk/dp/B008MMWNO4
294,https://www.amazon.co.uk/dp/B011MDK07G
295,https://www.amazon.co.uk/dp/B007T19QNU
296,https://www.amazon.co.uk/dp/B017B19LD2
297,https://www.amazon.co.uk/dp/B01N6QEZDS
298,https://www.amazon.co.uk/dp/B017GRG6IO
299,https://www.amazon.co.uk/dp/B06XNN1LZT
300,https://www.amazon.co.uk/dp/1681883821
301,https://www.amazon.co.uk/dp/B00IN5KX06
302,https://www.amazon.co.uk/dp/B00L88TJ7I
303,https://www.amazon.co.uk/dp/B000G03S94
304,https://www.amazon.co.uk/dp/B01N7CKVW9
305,https://www.amazon.co.uk/dp/B0792Q2X46
306,https://www.amazon.co.uk/dp/B00XSPF0W2
307,https://www.amazon.co.uk/dp/B00PY2HU9I
308,https://www.amazon.co.uk/dp/B077BWS8NL
309,https://www.amazon.co.uk/dp/B0006O2GNO
310,https://www.amazon.co.uk/dp/B00LC5IWF2
311,https://www.amazon.co.uk/dp/B077YYC8D4
312,https://www.amazon.co.uk/dp/B073RFVHVY
313,https://www.amazon.co.uk/dp/B079NM6Q6M
314,https://www.amazon.co.uk/dp/B0041KW076
315,https://www.amazon.co.uk/dp/B008N4XC2I
316,https://www.amazon.co.uk/dp/B077X1HZZC
317,https://www.amazon.co.uk/dp/B073SK88Z3
318,https://www.amazon.co.uk/dp/B00EZMF2N4
319,https://www.amazon.co.uk/dp/B00AWAT2H0
320,https://www.amazon.co.uk/dp/B06WGQ2NGM
321,https://www.amazon.co.uk/dp/B011869M5S
322,https://www.amazon.co.uk/dp/B009S64LQQ
323,https://www.amazon.co.uk/dp/B00QMUBFVA
324,https://www.amazon.co.uk/dp/B079ZB6WRK
325,https://www.amazon.co.uk/dp/B072MF9R7R
326,https://www.amazon.co.uk/dp/B009NN15XG
327,https://www.amazon.co.uk/dp/B00008Z9XZ
328,https://www.amazon.co.uk/dp/B000NG8FAS
329,https://www.amazon.co.uk/dp/B073X15T1G
330,https://www.amazon.co.uk/dp/B078XFGRRJ
331,https://www.amazon.co.uk/dp/B019XTFW2Y
332,https://www.amazon.co.uk/dp/B01M0BVU26
333,https://www.amazon.co.uk/dp/B004JU0JSK
334,https://www.amazon.co.uk/dp/B00U6WJRVA
335,https://www.amazon.co.uk/dp/B00CP2IWHE
336,https://www.amazon.co.uk/dp/B002XRS0T6
337,https://www.amazon.co.uk/dp/B013GGNUCY
338,https://www.amazon.co.uk/dp/B00TUI8ZMI
339,https://www.amazon.co.uk/dp/B0040QCQ2A
340,https://www.amazon.co.uk/dp/B00M4KGF5S
341,https://www.amazon.co.uk/dp/B0049B76JY
342,https://www.amazon.co.uk/dp/B002IJKV8C
343,https://www.amazon.co.uk/dp/B00U0HGM3M
344,https://www.amazon.co.uk/dp/B00L4B7W0U
345,https://www.amazon.co.uk/dp/B00891HT6A
346,https://www.amazon.co.uk/dp/B00I06UPVA
347,https://www.amazon.co.uk/dp/B079SZKH38
348,https://www.amazon.co.uk/dp/B004QDQASS
349,https://www.amazon.co.uk/dp/B0042C1KQ0
350,https://www.amazon.co.uk/dp/B00CEVO0KO
351,https://www.amazon.co.uk/dp/B003H051WC
352,https://www.amazon.co.uk/dp/B01EUSBJF2
353,https://www.amazon.co.uk/dp/B007VBGTX8
354,https://www.amazon.co.uk/dp/B007VBGTX8
355,https://www.amazon.co.uk/dp/B071Z9JYZF
356,https://www.amazon.co.uk/dp/B007V4TEUK
357,https://www.amazon.co.uk/dp/B07H412DSM
358,https://www.amazon.co.uk/dp/B01E671D3U
359,https://www.amazon.co.uk/dp/B07CKQM2D1
360,https://www.amazon.co.uk/dp/B078GYPF31
361,https://www.amazon.co.uk/dp/B01K8L8JLW
362,https://www.amazon.co.uk/dp/B005MQ0MXM
363,NULL
364,NULL
365,NULL
366,NULL
367,NULL
368,https://www.amazon.co.uk/dp/B01H5HJ8G2
369,NULL
370,NULL
371,NULL
372,NULL
373,NULL
374,NULL
375,NULL
376,https://www.amazon.co.uk/dp/B07FKWBLRX
377,https://www.amazon.co.uk/dp/B00VFFZUT0
378,https://www.amazon.co.uk/dp/B01IPHPHL6
379,NULL
380,NULL
381,NULL
382,NULL
383,NULL
384,NULL
385,NULL
386,NULL
387,NULL
388,https://www.amazon.co.uk/dp/B074VWBVGC
389,https://www.amazon.co.uk/dp/B07FTHG7X3
390,https://www.amazon.co.uk/dp/B008S3FPMY
391,https://www.amazon.co.uk/dp/B00TOBQQTK
392,https://www.amazon.co.uk/dp/B07GB66P3S
393,https://www.amazon.co.uk/dp/B00M95500E
394,NULL
395,NULL
396,NULL
397,NULL
398,NULL
399,NULL
400,https://www.amazon.co.uk/dp/B0001P0Q94
401,https://www.amazon.co.uk/dp/B0001P0Q4E
402,https://www.amazon.co.uk/dp/B01B3BDWHW
403,https://www.amazon.co.uk/dp/B017KU1M1S
404,https://www.amazon.co.uk/dp/B074VK8CCY
405,https://www.amazon.co.uk/dp/B000EHSCK4
406,https://www.amazon.co.uk/dp/B01758LL70
407,https://www.amazon.co.uk/dp/B01758LL70
408,https://www.amazon.co.uk/dp/B00DVJSFFE
409,https://www.amazon.co.uk/dp/B07D9D819Q
410,https://www.amazon.co.uk/dp/B01N1IOAE1
411,https://www.amazon.co.uk/dp/B00025K0R6
412,https://www.amazon.co.uk/dp/B0719KBHQC
413,https://www.amazon.co.uk/dp/B00TR45VG8
414,https://www.amazon.co.uk/dp/B00J4TAY8G
415,https://www.amazon.co.uk/dp/B07FK7PVQ4
416,https://www.amazon.co.uk/dp/B00486MGEA
417,NULL
418,https://www.amazon.co.uk/dp/B01N7KWG4A
419,https://www.amazon.co.uk/dp/B00XCMAXB4
420,https://www.amazon.co.uk/dp/B00VPNSC8S
421,https://www.amazon.co.uk/dp/0007120826
422,https://www.amazon.co.uk/dp/B01N7MVI8W
423,https://www.amazon.co.uk/dp/B003554PYO
424,https://www.amazon.co.uk/dp/B06W9HKTWJ
425,https://www.amazon.co.uk/dp/B00BU2TIW8
426,https://www.amazon.co.uk/dp/B00R92CLD6
427,https://www.amazon.co.uk/dp/B07CMS5Q6P
428,https://www.amazon.co.uk/dp/B0772N18DT
429,https://www.amazon.co.uk/dp/B01LZ47JO2
430,https://www.amazon.co.uk/dp/B07FWVJSHC
431,https://www.amazon.co.uk/dp/B0155C9TJK
432,https://www.amazon.co.uk/dp/B0133E76G0
433,https://www.amazon.co.uk/dp/B008KS7LYC
434,NULL
435,https://www.amazon.co.uk/dp/B007LLYALG
436,https://www.amazon.co.uk/dp/B00B9FYO6G
437,https://www.amazon.co.uk/dp/B00FCK307I
438,https://www.amazon.co.uk/dp/B00J9MIIL8
439,https://www.amazon.co.uk/dp/B00I0R4KT2
440,https://www.amazon.co.uk/dp/B0778WZHJB
441,https://www.amazon.co.uk/dp/B071WWLL6C
442,https://www.amazon.co.uk/dp/B004J0G0OW
443,https://www.amazon.co.uk/dp/B072MHRV47
444,https://www.amazon.co.uk/dp/B004EJ3DM0
445,https://www.amazon.co.uk/dp/B06WGSHQZJ
446,https://www.amazon.co.uk/dp/B00GYTHM20
447,https://www.amazon.co.uk/dp/B0784N44D1
448,https://www.amazon.co.uk/dp/B00WTWZ7XC
449,https://www.amazon.co.uk/dp/B00IAIUWFM
450,https://www.amazon.co.uk/dp/B008F05ND6
451,https://www.amazon.co.uk/dp/B078XXZJQ4
452,https://www.amazon.co.uk/dp/B003USQ3AA
453,https://www.amazon.co.uk/dp/B07DPDQWWN
454,https://www.amazon.co.uk/dp/B07HR78FQ5
455,https://www.amazon.co.uk/dp/B07HR78FQ5
456,https://www.amazon.co.uk/dp/B009MDBH3A
457,https://www.amazon.co.uk/dp/B019VM3PKE
458,https://www.amazon.co.uk/dp/B078H1TB8H
459,https://www.amazon.co.uk/dp/B01GUXEXL2
460,https://www.amazon.co.uk/dp/B00C93JQ7Y
461,https://www.amazon.co.uk/dp/B008M00MKI
462,https://www.amazon.co.uk/dp/B004OXY1TU
463,https://www.amazon.co.uk/dp/B000C213ES
464,https://www.amazon.co.uk/dp/B009NRTMFK
465,https://www.amazon.co.uk/dp/B000UGJN5M
466,https://www.amazon.co.uk/dp/B01N14IWF6
467,https://www.amazon.co.uk/dp/B01I507RE8
468,https://www.amazon.co.uk/dp/B00DL3Y1DK
469,https://www.amazon.co.uk/dp/B06XFSDCCR
470,https://www.amazon.co.uk/dp/B01N6JGMP2
471,https://www.amazon.co.uk/dp/B07DLQ4DRJ
472,https://www.amazon.co.uk/dp/B01LWPV0YJ
473,https://www.amazon.co.uk/dp/B013XKHA4M
474,https://www.amazon.co.uk/dp/B0787WN68D
475,https://www.amazon.co.uk/dp/B007WPF7FE
476,https://www.amazon.co.uk/dp/B01DKTBYCA
477,https://www.amazon.co.uk/dp/B0028F93FI
478,https://www.amazon.co.uk/dp/B06XQ7Y26S
479,NULL
480,https://www.amazon.co.uk/dp/B0761456J5
481,https://www.amazon.co.uk/dp/B06XNBWL48
482,https://www.amazon.co.uk/dp/B075X74Z2K
483,https://www.amazon.co.uk/dp/B075VWSYPF
484,https://www.amazon.co.uk/dp/B00JAGUXES
485,https://www.amazon.co.uk/dp/B00ABXVSUW
486,https://www.amazon.co.uk/dp/B07D4G7PFJ
487,https://www.amazon.co.uk/dp/B00I8S4E1C
488,https://www.amazon.co.uk/dp/B01HD40GAO
489,https://www.amazon.co.uk/dp/B002YNRWCA
490,https://www.amazon.co.uk/dp/B07G2B257Y
491,https://www.amazon.co.uk/dp/B009A5SCLU
492,https://www.amazon.co.uk/dp/B016QKVD2G
493,https://www.amazon.co.uk/dp/B01LY1USD3
494,https://www.amazon.co.uk/dp/0440870488
495,https://www.amazon.co.uk/dp/B00NIRBQ5A
496,https://www.amazon.co.uk/dp/1849765049
497,https://www.amazon.co.uk/dp/B00L11KSFO
498,https://www.amazon.co.uk/dp/B01M1F79TI
499,https://www.amazon.co.uk/dp/B071VCM2LX
500,https://www.amazon.co.uk/dp/B010GJS9CU
501,https://www.amazon.co.uk/dp/B0019M06JI
502,https://www.amazon.co.uk/dp/B004IA4CWU
503,https://www.amazon.co.uk/dp/B002GHBUTK
504,https://www.amazon.co.uk/dp/B004V9G3HK
505,https://www.amazon.co.uk/dp/B01G6YQIH2
506,https://www.amazon.co.uk/dp/B0796GG63L
507,https://www.amazon.co.uk/dp/B078Y86QZG
508,https://www.amazon.co.uk/dp/B07799CLTH
509,https://www.amazon.co.uk/dp/B01LVVA6ZQ
510,https://www.amazon.co.uk/dp/B074YVL9Q5
511,https://www.amazon.co.uk/dp/B0773MYHC9
512,https://www.amazon.co.uk/dp/B06WD633RS
513,https://www.amazon.co.uk/dp/B06W2MJ46Y
514,https://www.amazon.co.uk/dp/B01622974E
515,https://www.amazon.co.uk/dp/B0783RDJ7P
516,https://www.amazon.co.uk/dp/B01N2S8O9P
517,https://www.amazon.co.uk/dp/B072N5N5Y6
518,https://www.amazon.co.uk/dp/B01BSRJ52M
519,https://www.amazon.co.uk/dp/B004E2HBVG
520,https://www.amazon.co.uk/dp/B071JQH337
521,https://www.amazon.co.uk/dp/B00J3UB1ZQ
522,https://www.amazon.co.uk/dp/B017KI9CVW
523,https://www.amazon.co.uk/dp/B00SYST5MY
524,https://www.amazon.co.uk/dp/B00261BH1C
525,https://www.amazon.co.uk/dp/B002WHPGIU
526,https://www.amazon.co.uk/dp/B076FMKBSZ
527,https://www.amazon.co.uk/dp/B00HR6P9OM
528,https://www.amazon.co.uk/dp/B07CPB95F5
529,https://www.amazon.co.uk/dp/B016XB55VI
530,https://www.amazon.co.uk/dp/B00JMGBMFA
531,https://www.amazon.co.uk/dp/B000GL1C4G
532,https://www.amazon.co.uk/dp/B01EZ0X3L8
533,https://www.amazon.co.uk/dp/B01EZ0X3L8
534,https://www.amazon.co.uk/dp/B016UWXU44
535,https://www.amazon.co.uk/dp/B016UWXU44
536,https://www.amazon.co.uk/dp/B01N0N5BRS
537,https://www.amazon.co.uk/dp/B073SHQ596
538,https://www.amazon.co.uk/dp/B000NCML6Q
539,https://www.amazon.co.uk/dp/B000KSJCJW
540,https://www.amazon.co.uk/dp/B003NF4LSQ
541,https://www.amazon.co.uk/dp/B06XTXPY5J
542,https://www.amazon.co.uk/dp/B079KNT38P
543,https://www.amazon.co.uk/dp/B079KNT38P
544,https://www.amazon.co.uk/dp/B014DDS9IO
545,https://www.amazon.co.uk/dp/B00IKUGI62
546,https://www.amazon.co.uk/dp/B007V1RTSM
547,https://www.amazon.co.uk/dp/B01ERXCZVW
548,https://www.amazon.co.uk/dp/B01A7GWDU6
549,https://www.amazon.co.uk/dp/B07JB14C7K
550,https://www.amazon.co.uk/dp/B01COO5FC2
551,https://www.amazon.co.uk/dp/0857524429
552,https://www.amazon.co.uk/dp/B00N4A2P60
553,https://www.amazon.co.uk/dp/B01IR15KG2
554,https://www.amazon.co.uk/dp/B014MI83AE
555,https://www.amazon.co.uk/dp/B014MI9J2U
556,https://www.amazon.co.uk/dp/B0012BQ6O0
557,https://www.amazon.co.uk/dp/B00005KBVD
558,https://www.amazon.co.uk/dp/B00J85O4JG
559,https://www.amazon.co.uk/dp/B01JK7O7K2
560,https://www.amazon.co.uk/dp/B07864XYRK
561,https://www.amazon.co.uk/dp/B06XCCP37F
562,https://www.amazon.co.uk/dp/B01CG6D0Q6
563,https://www.amazon.co.uk/dp/B00OD11092
564,https://www.amazon.co.uk/dp/B01AD8H16O
565,https://www.amazon.co.uk/dp/B004ULOYEI
566,https://www.amazon.co.uk/dp/B000VOHH9C
567,https://www.amazon.co.uk/dp/B00534G7U0
568,https://www.amazon.co.uk/dp/9460090389
569,https://www.amazon.co.uk/dp/B000P22UUG
570,https://www.amazon.co.uk/dp/B00KN05FZ2
571,https://www.amazon.co.uk/dp/B07HMG1XP7
572,https://www.amazon.co.uk/dp/B07HM4LVTN
573,https://www.amazon.co.uk/dp/B001BDTQOQ
574,https://www.amazon.co.uk/dp/B00BE4HOIM
575,https://www.amazon.co.uk/dp/B07FQTT18M
576,https://www.amazon.co.uk/dp/B00161ZI4A
577,https://www.amazon.co.uk/dp/B07932NYG1
578,https://www.amazon.co.uk/dp/B001XMGVN4
579,https://www.amazon.co.uk/dp/B00GMCPNHK
580,https://www.amazon.co.uk/dp/B06XJ6199D
581,https://www.amazon.co.uk/dp/B01ELMPE62
582,https://www.amazon.co.uk/dp/B00KGMSOPA
583,https://www.amazon.co.uk/dp/B00KWHMR6G
584,https://www.amazon.co.uk/dp/B06XGXMB2J
585,https://www.amazon.co.uk/dp/B0050IXTUA
586,https://www.amazon.co.uk/dp/B079L59L85
587,https://www.amazon.co.uk/dp/B07D3D9JKK
588,https://www.amazon.co.uk/dp/B00GN99TF4
589,https://www.amazon.co.uk/dp/B003XU0VNA
590,https://www.amazon.co.uk/dp/B06X9CRL87
591,https://www.amazon.co.uk/dp/B0721SGRM9
592,https://www.amazon.co.uk/dp/B00JPVUPXM
593,https://www.amazon.co.uk/dp/B000UNE3OQ
594,https://www.amazon.co.uk/dp/B07FGT6XVP
595,https://www.amazon.co.uk/dp/B0013N8X02
596,https://www.amazon.co.uk/dp/B00DY6U516
597,https://www.amazon.co.uk/dp/B005Z1H73C
598,https://www.amazon.co.uk/dp/B01N26HCSW
599,https://www.amazon.co.uk/dp/B0007NBJ2S
600,https://www.amazon.co.uk/dp/B06XPFWTW8
601,https://www.amazon.co.uk/dp/B00KD0PP20
602,https://www.amazon.co.uk/dp/B01F47MOT8
603,https://www.amazon.co.uk/dp/B002TLTBN0
604,https://www.amazon.co.uk/dp/B078W53WLD
605,https://www.amazon.co.uk/dp/B0000AQVIL
606,NULL
607,NULL
608,https://www.amazon.co.uk/dp/B00L4AR5VC
609,https://www.amazon.co.uk/dp/B073HLHG5G
610,https://www.amazon.co.uk/dp/B075D9LPQS
611,https://www.amazon.co.uk/dp/B071S7ZM6K
612,https://www.amazon.co.uk/dp/B001D6HB0M
613,https://www.amazon.co.uk/dp/B000A32LEU
614,https://www.amazon.co.uk/dp/B01KLKOW5W
615,https://www.amazon.co.uk/dp/B000OVY4WA
616,https://www.amazon.co.uk/dp/B000GSYRAA
617,https://www.amazon.co.uk/dp/B079CFH7X8
618,https://www.amazon.co.uk/dp/B00MTUR4US
619,https://www.amazon.co.uk/dp/B01LZG6XY9
620,https://www.amazon.co.uk/dp/B00NC3LTMK
621,https://www.amazon.co.uk/dp/B011RI9OD2
622,https://www.amazon.co.uk/dp/B01MU0VNON
623,https://www.amazon.co.uk/dp/B00MODCHU2
624,https://www.amazon.co.uk/dp/B00BWFA32C
625,https://www.amazon.co.uk/dp/B07CG3T2LN
626,https://www.amazon.co.uk/dp/B07259SF3S
627,https://www.amazon.co.uk/dp/B07JHJ6KTX
628,https://www.amazon.co.uk/dp/B0050VDFRE
629,https://www.amazon.co.uk/dp/B07JKWTYB6
630,https://www.amazon.co.uk/dp/B01K6QFPFW
631,https://www.amazon.co.uk/dp/B000FJH1IA
632,https://www.amazon.co.uk/dp/B00FYGOA56
633,https://www.amazon.co.uk/dp/B01GDUM9Y0
634,https://www.amazon.co.uk/dp/B003ZSHNE0
635,https://www.amazon.co.uk/dp/B001MIYM12
636,https://www.amazon.co.uk/dp/B00OT6KXJE
637,https://www.amazon.co.uk/dp/B0166U9LDY
638,https://www.amazon.co.uk/dp/B0057LA6NS
639,https://www.amazon.co.uk/dp/B001FORK7G
640,https://www.amazon.co.uk/dp/B07GD34L16
641,https://www.amazon.co.uk/dp/B0728JD9F4
642,NULL
643,https://www.amazon.co.uk/dp/B07GWV4YRQ
644,https://www.amazon.co.uk/dp/B000XZAGG0
645,https://www.amazon.co.uk/dp/B01N8YYB4O
646,https://www.amazon.co.uk/dp/B0084OPK4U
647,https://www.amazon.co.uk/dp/B075F757F9
648,https://www.amazon.co.uk/dp/B00RXPOJRU
649,https://www.amazon.co.uk/dp/B00862Y1E0
650,https://www.amazon.co.uk/dp/B002IJKW54
651,https://www.amazon.co.uk/dp/B00NIQS7DA
652,https://www.amazon.co.uk/dp/B0033567D8
653,https://www.amazon.co.uk/dp/B00OBVOGMW
654,https://www.amazon.co.uk/dp/B000VOP7YO
655,https://www.amazon.co.uk/dp/B000FBNYRU
656,https://www.amazon.co.uk/dp/B004KOC4NI
657,https://www.amazon.co.uk/dp/B004KOC4NI
658,https://www.amazon.co.uk/dp/B075C2CVHD
659,NULL
660,https://www.amazon.co.uk/dp/B00440X1YO
661,https://www.amazon.co.uk/dp/B004FPYF9I
662,https://www.amazon.co.uk/dp/B006IB44OS
663,https://www.amazon.co.uk/dp/B001CMB2KC
664,https://www.amazon.co.uk/dp/B071DKGCZT
665,https://www.amazon.co.uk/dp/B078V87ZQL
666,https://www.amazon.co.uk/dp/B078W1HYH8
667,https://www.amazon.co.uk/dp/B0045I08UU
668,https://www.amazon.co.uk/dp/B01JGJPBFE
669,https://www.amazon.co.uk/dp/B01IY0130S
670,https://www.amazon.co.uk/dp/B00IHXQ2AE
671,https://www.amazon.co.uk/dp/B00ON9H6G0
672,https://www.amazon.co.uk/dp/B01IR6C0AG
673,https://www.amazon.co.uk/dp/B008W08AAM
674,https://www.amazon.co.uk/dp/B01IPHVBPC
675,https://www.amazon.co.uk/dp/B01IPHU70C
676,https://www.amazon.co.uk/dp/B01IPHS9JI
677,https://www.amazon.co.uk/dp/B072R7ZHRV
678,https://www.amazon.co.uk/dp/B017S5OUGO
679,https://www.amazon.co.uk/dp/B076ZLZRCD
680,https://www.amazon.co.uk/dp/B00XIKA0D6
681,https://www.amazon.co.uk/dp/B0757SCGR9
682,https://www.amazon.co.uk/dp/B007F0WNVW
683,https://www.amazon.co.uk/dp/B00007G9JK
684,https://www.amazon.co.uk/dp/B01IPCW0U2
685,https://www.amazon.co.uk/dp/B01IPCW8UO
686,https://www.amazon.co.uk/dp/B00MUKPOM2
687,https://www.amazon.co.uk/dp/B002Z13TIC
688,https://www.amazon.co.uk/dp/B06XC9VR36
689,https://www.amazon.co.uk/dp/B01BU0KK6C
690,https://www.amazon.co.uk/dp/B06XZ17VJD
691,https://www.amazon.co.uk/dp/B004OBZZXI
692,https://www.amazon.co.uk/dp/B000FTQR8K
693,https://www.amazon.co.uk/dp/B078GSSHB7
694,https://www.amazon.co.uk/dp/B004UC3Q0U
695,https://www.amazon.co.uk/dp/B01M0UGRE5
696,https://www.amazon.co.uk/dp/B06XTS4PSH
697,https://www.amazon.co.uk/dp/B008M4BUDC
698,https://www.amazon.co.uk/dp/B00TI5AXDC
699,https://www.amazon.co.uk/dp/B07931LKF2
700,https://www.amazon.co.uk/dp/B006OWJOPA
701,https://www.amazon.co.uk/dp/B004L8T5FI
702,https://www.amazon.co.uk/dp/B01N7FX1M8
703,https://www.amazon.co.uk/dp/B00CETU3DE
704,https://www.amazon.co.uk/dp/B01LW7N0L4
705,https://www.amazon.co.uk/dp/B0168OSV16
706,https://www.amazon.co.uk/dp/B079F9HWTJ
707,https://www.amazon.co.uk/dp/B000L3XYZ4
708,https://www.amazon.co.uk/dp/B0141LVX2W
709,https://www.amazon.co.uk/dp/B01D8RQXCU
710,https://www.amazon.co.uk/dp/B004UMYEIS
711,https://www.amazon.co.uk/dp/B00IZUDQ1W
712,https://www.amazon.co.uk/dp/B01MSULPY7
713,https://www.amazon.co.uk/dp/B007VJ06Q6
714,https://www.amazon.co.uk/dp/B01FRDPVCG
715,https://www.amazon.co.uk/dp/B00J9SZNVU
716,https://www.amazon.co.uk/dp/B01I1D1XXA
717,https://www.amazon.co.uk/dp/B0017WVSS8
718,https://www.amazon.co.uk/dp/B002PHH7TI
719,https://www.amazon.co.uk/dp/B01DA46V3W
720,https://www.amazon.co.uk/dp/B0044D90BE
721,https://www.amazon.co.uk/dp/B07574Z3LQ
722,https://www.amazon.co.uk/dp/B00UD6EXIQ
723,https://www.amazon.co.uk/dp/B01C45H5PQ
724,https://www.amazon.co.uk/dp/B0796W61CK
725,https://www.amazon.co.uk/dp/B002YHU8L8
726,https://www.amazon.co.uk/dp/B075G3SWK5
727,https://www.amazon.co.uk/dp/B00HYI44QC
728,https://www.amazon.co.uk/dp/B01N6JXRYF
729,https://www.amazon.co.uk/dp/B01EH0GY1M
730,https://www.amazon.co.uk/dp/B07F6HBK1N
731,https://www.amazon.co.uk/dp/B07C7DYDSH
732,https://www.amazon.co.uk/dp/B07C7DYDSH
733,https://www.amazon.co.uk/dp/B077LKB64Y
734,https://www.amazon.co.uk/dp/B004HH11MS
735,https://www.amazon.co.uk/dp/B00GW79QZK
736,https://www.amazon.co.uk/dp/B078XFKRZV
737,https://www.amazon.co.uk/dp/B0793GPZBK
738,https://www.amazon.co.uk/dp/B00999G660
739,https://www.amazon.co.uk/dp/B07C9D825V
740,https://www.amazon.co.uk/dp/B01NBHNP02
741,https://www.amazon.co.uk/dp/B003WO1N3Y
742,https://www.amazon.co.uk/dp/B01N9VMDGI
743,https://www.amazon.co.uk/dp/B00BQQC1OA
744,https://www.amazon.co.uk/dp/B00005S87B
745,NULL
746,NULL
747,https://www.amazon.co.uk/dp/B00E1LPK40
748,https://www.amazon.co.uk/dp/B071K15276
749,https://www.amazon.co.uk/dp/B002IJKLP0
750,https://www.amazon.co.uk/dp/B002GNYJJW
751,https://www.amazon.co.uk/dp/B0002Y4T5G
752,https://www.amazon.co.uk/dp/B01MXTI0WU
753,https://www.amazon.co.uk/dp/B078MRWGDQ
754,https://www.amazon.co.uk/dp/B01IDW9958
755,https://www.amazon.co.uk/dp/B0014TIZK8
756,https://www.amazon.co.uk/dp/B00KXG29D2
757,https://www.amazon.co.uk/dp/B07FMWDL1W
758,https://www.amazon.co.uk/dp/B01AZCSGAI
759,https://www.amazon.co.uk/dp/B0064IP0SY
760,https://www.amazon.co.uk/dp/B00Y1QSCOA
761,https://www.amazon.co.uk/dp/B018EHR70G
762,https://www.amazon.co.uk/dp/1782437355
763,https://www.amazon.co.uk/dp/B00RTFIGVO
764,https://www.amazon.co.uk/dp/B00CWLSHUK
765,https://www.amazon.co.uk/dp/B002MMY4WY
766,https://www.amazon.co.uk/dp/B0012DEWG2
767,https://www.amazon.co.uk/dp/B07GKRJ8YV
768,https://www.amazon.co.uk/dp/B01H036P6W
769,https://www.amazon.co.uk/dp/B071VCM2LX
770,NULL
771,https://www.amazon.co.uk/dp/B007Z6W49W
772,https://www.amazon.co.uk/dp/B06XFN2N31
773,https://www.amazon.co.uk/dp/B00NLHEQGS
774,https://www.amazon.co.uk/dp/B0792KJWNW
775,https://www.amazon.co.uk/dp/B0059B832C
776,https://www.amazon.co.uk/dp/B0763QHKS3
777,https://www.amazon.co.uk/dp/B00KM9GXFK
778,https://www.amazon.co.uk/dp/B07F984ZH2
779,https://www.amazon.co.uk/dp/B0746S3BFT
780,https://www.amazon.co.uk/dp/B00IIKPZQS
781,https://www.amazon.co.uk/dp/B016LCH7BK
782,https://www.amazon.co.uk/dp/B01CYRJS6I
783,https://www.amazon.co.uk/dp/B000MRA6AK
784,https://www.amazon.co.uk/dp/B00DV75KDQ
785,https://www.amazon.co.uk/dp/B006TVSFQ0
786,https://www.amazon.co.uk/dp/B01N7ZOF20
787,https://www.amazon.co.uk/dp/B07DPX5JB7
788,https://www.amazon.co.uk/dp/B01IOA4GR0
789,https://www.amazon.co.uk/dp/B00J5ERYEW
790,https://www.amazon.co.uk/dp/B01LP5FEQ8
791,https://www.amazon.co.uk/dp/B077RSMPVH
792,https://www.amazon.co.uk/dp/B01M6B1XR4
793,https://www.amazon.co.uk/dp/B01L17EAGK
794,https://www.amazon.co.uk/dp/B0131K2S0A
795,https://www.amazon.co.uk/dp/B001MZUWSM
796,https://www.amazon.co.uk/dp/B016A9XBBY
797,https://www.amazon.co.uk/dp/B0019T0CU4
798,https://www.amazon.co.uk/dp/B077YY99MR
799,https://www.amazon.co.uk/dp/B07283NP2B
800,https://www.amazon.co.uk/dp/B01N4KYDQT
801,https://www.amazon.co.uk/dp/B07465DBP8
802,https://www.amazon.co.uk/dp/B00BLSWXXC
803,https://www.amazon.co.uk/dp/B0774T9Y4J
804,https://www.amazon.co.uk/dp/B00ZUMPTQ8
805,https://www.amazon.co.uk/dp/B0784Q8PWZ
806,https://www.amazon.co.uk/dp/4814802226
807,https://www.amazon.co.uk/dp/B0042Y2F76
808,https://www.amazon.co.uk/dp/B079ZN5KJZ
809,https://www.amazon.co.uk/dp/B01M2WYNP2
810,https://www.amazon.co.uk/dp/B06Y6N693D
811,https://www.amazon.co.uk/dp/B0141621PA
812,https://www.amazon.co.uk/dp/B00KTLCXC8
813,https://www.amazon.co.uk/dp/B01KXPZOJ8
814,https://www.amazon.co.uk/dp/B07D1GVLC4
815,https://www.amazon.co.uk/dp/B000ZN6BSM
816,https://www.amazon.co.uk/dp/B000VKAS4M
817,https://www.amazon.co.uk/dp/1401254772
818,https://www.amazon.co.uk/dp/B00UC3PP32
819,https://www.amazon.co.uk/dp/B018607N1O
820,https://www.amazon.co.uk/dp/1786927039
821,https://www.amazon.co.uk/dp/B07D9B2DTL
822,NULL
823,NULL
824,NULL
825,https://www.amazon.co.uk/dp/B0763RGN7K
826,https://www.amazon.co.uk/dp/B01MTAD8GF
827,https://www.amazon.co.uk/dp/B007770EI2
828,https://www.amazon.co.uk/dp/B0766LLXL3
829,https://www.amazon.co.uk/dp/B075CLCRKK
830,NULL
831,NULL
832,NULL
833,NULL
834,NULL
835,NULL
836,NULL
837,https://www.amazon.co.uk/dp/B077MCM43G
838,NULL
839,NULL
840,https://www.amazon.co.uk/dp/B019YDL566
841,https://www.amazon.co.uk/dp/B01F49Q3CU
842,NULL
843,https://www.amazon.co.uk/dp/B004QN8G9O
844,https://www.amazon.co.uk/dp/B00TXQECGA
845,https://www.amazon.co.uk/dp/B000MRV758
846,https://www.amazon.co.uk/dp/B0000DKHIQ
847,https://www.amazon.co.uk/dp/B078GZ7F87
848,https://www.amazon.co.uk/dp/B003ISCTOQ
849,https://www.amazon.co.uk/dp/B00BIFT28M
850,https://www.amazon.co.uk/dp/B017R75XX2
851,https://www.amazon.co.uk/dp/B016F6NHHU
852,https://www.amazon.co.uk/dp/B004UBSK16
853,https://www.amazon.co.uk/dp/B0007CK20Y
854,https://www.amazon.co.uk/dp/B018R4YG0U
855,https://www.amazon.co.uk/dp/B01M7WCOPT
856,https://www.amazon.co.uk/dp/B07961JTJJ
857,https://www.amazon.co.uk/dp/B00H201K5A
858,https://www.amazon.co.uk/dp/B007S8DZRC
859,https://www.amazon.co.uk/dp/B00EM659TK
860,https://www.amazon.co.uk/dp/B00025H3JY
861,https://www.amazon.co.uk/dp/B01A5YDGQA
862,https://www.amazon.co.uk/dp/B00L3LA0E6
863,https://www.amazon.co.uk/dp/B004JVSGWU
864,https://www.amazon.co.uk/dp/B007C10TKG
865,https://www.amazon.co.uk/dp/B016RWKH3E
866,https://www.amazon.co.uk/dp/B004OTVDSG
867,https://www.amazon.co.uk/dp/B07BDTZVQ6
868,https://www.amazon.co.uk/dp/B07BDTZVQ6
869,https://www.amazon.co.uk/dp/B0748N6796
870,https://www.amazon.co.uk/dp/B077NL6GJS
871,https://www.amazon.co.uk/dp/B074DDDFQ4
872,https://www.amazon.co.uk/dp/B06Y13JQBK
873,https://www.amazon.co.uk/dp/B0746SFGLV
874,https://www.amazon.co.uk/dp/B07GR6PXBW
875,https://www.amazon.co.uk/dp/0140380302
876,https://www.amazon.co.uk/dp/B01MU1IY6K
877,https://www.amazon.co.uk/dp/B00ZTF9W3C
878,https://www.amazon.co.uk/dp/B07H9J3N5F
879,https://www.amazon.co.uk/dp/B00NMXWZ1Y
880,https://www.amazon.co.uk/dp/B002DKMKTE
881,https://www.amazon.co.uk/dp/B00FN69ZIY
882,https://www.amazon.co.uk/dp/B011T02HDC
883,https://www.amazon.co.uk/dp/B0089BNUKO
884,https://www.amazon.co.uk/dp/B0185Y5KT8
885,https://www.amazon.co.uk/dp/B003YHH43C
886,https://www.amazon.co.uk/dp/B01I50FEJ8
887,https://www.amazon.co.uk/dp/B003A8523Y
888,https://www.amazon.co.uk/dp/B003YC2VQM
889,https://www.amazon.co.uk/dp/B07G9ZM9BN
890,https://www.amazon.co.uk/dp/B0006H0HXM
891,https://www.amazon.co.uk/dp/B0778X5W17
892,https://www.amazon.co.uk/dp/B00FT09QRY
893,https://www.amazon.co.uk/dp/B01BL44H20
894,https://www.amazon.co.uk/dp/B00Y2AAFAE
895,https://www.amazon.co.uk/dp/B0043TU1VM
896,https://www.amazon.co.uk/dp/B000EZSFQM
897,https://www.amazon.co.uk/dp/B004QN28VQ
898,https://www.amazon.co.uk/dp/B000RO1ET0
899,https://www.amazon.co.uk/dp/B0032D0P84
900,https://www.amazon.co.uk/dp/B07BPHN7LV
901,https://www.amazon.co.uk/dp/B0062OF3V4
902,https://www.amazon.co.uk/dp/B00G3V6M2K
903,https://www.amazon.co.uk/dp/B00G3V6M2K
904,https://www.amazon.co.uk/dp/B0015XID46
905,https://www.amazon.co.uk/dp/B076CL29RX
906,https://www.amazon.co.uk/dp/B001KU7XZ4
907,https://www.amazon.co.uk/dp/B009F7OUD2
908,https://www.amazon.co.uk/dp/B00OOJMU9M
909,https://www.amazon.co.uk/dp/B06XFSFQK6
910,https://www.amazon.co.uk/dp/B07DLQ4GG7
911,https://www.amazon.co.uk/dp/B07DLCSD53
912,https://www.amazon.co.uk/dp/B000HR3G48
913,https://www.amazon.co.uk/dp/B01NB17Q3R
914,https://www.amazon.co.uk/dp/B0793R681D
915,https://www.amazon.co.uk/dp/0736062785
916,https://www.amazon.co.uk/dp/1119970784
917,https://www.amazon.co.uk/dp/B00IOF3QIQ
918,https://www.amazon.co.uk/dp/B01G4RK8JA
919,https://www.amazon.co.uk/dp/B01B85FQNG
920,https://www.amazon.co.uk/dp/B00385WYZS
921,https://www.amazon.co.uk/dp/B079KBTJ6Q
922,https://www.amazon.co.uk/dp/B07BSR46ZZ
923,https://www.amazon.co.uk/dp/B01AC1E0CA
924,https://www.amazon.co.uk/dp/B01GR25YSC
925,https://www.amazon.co.uk/dp/B071KGRXRG
926,https://www.amazon.co.uk/dp/B07BMZRZNJ
927,https://www.amazon.co.uk/dp/B00LMBB2L2
928,https://www.amazon.co.uk/dp/B009MDBH3A
929,https://www.amazon.co.uk/dp/B07C7F5Q3Q
930,https://www.amazon.co.uk/dp/B00YXO5UI6
931,https://www.amazon.co.uk/dp/B07HKQ9STJ
932,https://www.amazon.co.uk/dp/B07CKFKS1N
933,https://www.amazon.co.uk/dp/B06WVP9K6R
934,https://www.amazon.co.uk/dp/B075ZVPJN9
935,https://www.amazon.co.uk/dp/B06XQWD4WL
936,https://www.amazon.co.uk/dp/B000MQ95OE
937,https://www.amazon.co.uk/dp/B07HYGYS6N
938,https://www.amazon.co.uk/dp/B07D7J8CKB
939,https://www.amazon.co.uk/dp/B07D7JXGDN
940,https://www.amazon.co.uk/dp/B00CQ35E6O
941,https://www.amazon.co.uk/dp/B002LSI1LO
942,https://www.amazon.co.uk/dp/B002LSI1LO
943,https://www.amazon.co.uk/dp/B002LSI1LO
944,https://www.amazon.co.uk/dp/B00ABHCOHO
945,https://www.amazon.co.uk/dp/B00KLASQUU
946,https://www.amazon.co.uk/dp/161659649X
947,https://www.amazon.co.uk/dp/B00CIP5THY
948,https://www.amazon.co.uk/dp/B009VJ8D2S
949,https://www.amazon.co.uk/dp/B001CSMAVG
950,https://www.amazon.co.uk/dp/B01N06KA3X
951,https://www.amazon.co.uk/dp/B00O4FGLVE
952,https://www.amazon.co.uk/dp/B002FAKYC2
953,https://www.amazon.co.uk/dp/B06XJ3VT1H
954,https://www.amazon.co.uk/dp/B00008Z9XZ
955,https://www.amazon.co.uk/dp/B002FAE3CY
956,https://www.amazon.co.uk/dp/B00001OK75
957,https://www.amazon.co.uk/dp/B01MCSS5T3
958,https://www.amazon.co.uk/dp/B008EWMYPK
959,https://www.amazon.co.uk/dp/B01886AH6Y
960,https://www.amazon.co.uk/dp/B00A1669NU
961,https://www.amazon.co.uk/dp/B00YUQWE36
962,https://www.amazon.co.uk/dp/B000XIV6PM
963,https://www.amazon.co.uk/dp/B0036V7WTW
964,https://www.amazon.co.uk/dp/B00CJAF3ME
965,NULL
966,https://www.amazon.co.uk/dp/B00JVPE9KW
967,https://www.amazon.co.uk/dp/B074X955DZ
968,https://www.amazon.co.uk/dp/B06XHDNTHB
969,https://www.amazon.co.uk/dp/B00NBXLKFM
970,https://www.amazon.co.uk/dp/B01E86K28Q
971,https://www.amazon.co.uk/dp/B00NI9FNAC
972,https://www.amazon.co.uk/dp/B06XSPYLMF
973,https://www.amazon.co.uk/dp/B00KXY7UAQ
974,https://www.amazon.co.uk/dp/B003RCKGJS
975,https://www.amazon.co.uk/dp/B0002180TA
976,https://www.amazon.co.uk/dp/B00OY1OSLS
977,https://www.amazon.co.uk/dp/B000Y2VMTM
978,https://www.amazon.co.uk/dp/B01D318OK0
979,https://www.amazon.co.uk/dp/B07G8Q56GY
980,https://www.amazon.co.uk/dp/B007TKDWEK
981,https://www.amazon.co.uk/dp/B007TKDWEK
982,https://www.amazon.co.uk/dp/B00237TWMK
983,https://www.amazon.co.uk/dp/B001XMGDLE
984,NULL
985,NULL
986,NULL
987,NULL
988,https://www.amazon.co.uk/dp/B01MUHTI5R
989,NULL
990,NULL
991,https://www.amazon.co.uk/dp/B07575MT1L
992,https://www.amazon.co.uk/dp/B01M9JPX2T
993,NULL
994,NULL
995,NULL
996,NULL
997,https://www.amazon.co.uk/dp/B00CE0SK2O
998,https://www.amazon.co.uk/dp/B005KMDE9W
999,https://www.amazon.co.uk/dp/B00IMEPRJK
1000,https://www.amazon.co.uk/dp/B001XMWBX8
1001,https://www.amazon.co.uk/dp/B07JFZ5QV8
1002,https://www.amazon.co.uk/dp/B00UZ37VNG
1003,https://www.amazon.co.uk/dp/B00161ZI4A
1004,https://www.amazon.co.uk/dp/B00161ZI4A
1005,https://www.amazon.co.uk/dp/B079799LNJ
1006,https://www.amazon.co.uk/dp/B008MMWNO4
1007,https://www.amazon.co.uk/dp/B000Y8PZN0
1008,https://www.amazon.co.uk/dp/B000Y8PZN0
1009,https://www.amazon.co.uk/dp/B072153HX9
1010,https://www.amazon.co.uk/dp/B015DK7I1A
1011,https://www.amazon.co.uk/dp/B01ACE4EX2
1012,https://www.amazon.co.uk/dp/B00004TQ2O
1013,https://www.amazon.co.uk/dp/B000AM03TQ
1014,https://www.amazon.co.uk/dp/B06XRZM9D9
1015,https://www.amazon.co.uk/dp/B074RQ581K
1016,https://www.amazon.co.uk/dp/B000XE7PV0
1017,https://www.amazon.co.uk/dp/B015PWMRI0
1018,https://www.amazon.co.uk/dp/B00F1C2CFI
1019,https://www.amazon.co.uk/dp/B00GCARNXE
1020,https://www.amazon.co.uk/dp/B077TN7YV8
1021,https://www.amazon.co.uk/dp/B00EPELRJU
1022,https://www.amazon.co.uk/dp/B00141857O
1023,https://www.amazon.co.uk/dp/B07B2WFWMC
1024,https://www.amazon.co.uk/dp/B01FQVN3C4
1025,https://www.amazon.co.uk/dp/B07DJ6C874
1026,https://www.amazon.co.uk/dp/B00NAV6SOS
1027,https://www.amazon.co.uk/dp/B00JVPLH84
1028,https://www.amazon.co.uk/dp/B00UIYY8HE
1029,https://www.amazon.co.uk/dp/B005RFJRX4
1030,https://www.amazon.co.uk/dp/B01JIDXLLE
1031,https://www.amazon.co.uk/dp/B000IOM63C
1032,https://www.amazon.co.uk/dp/B07CFS5TBF
1033,https://www.amazon.co.uk/dp/B074RZG657
1034,https://www.amazon.co.uk/dp/B0063E5T12
1035,https://www.amazon.co.uk/dp/B01MFANUB5
1036,https://www.amazon.co.uk/dp/B07539XW8C
1037,https://www.amazon.co.uk/dp/B07988FLFW
1038,https://www.amazon.co.uk/dp/B01N2BA3Y4
1039,https://www.amazon.co.uk/dp/B005G2CEBK
1040,https://www.amazon.co.uk/dp/B071K9RXQG
1041,https://www.amazon.co.uk/dp/B001182X4Q
1042,https://www.amazon.co.uk/dp/B004FF52N6
1043,https://www.amazon.co.uk/dp/B01I0RGQDE
1044,https://www.amazon.co.uk/dp/B07BHPR9SF
1045,https://www.amazon.co.uk/dp/0764980106
1046,https://www.amazon.co.uk/dp/B00D6XX2PI
1047,https://www.amazon.co.uk/dp/B00P736UEU
1048,https://www.amazon.co.uk/dp/1401246133
1049,https://www.amazon.co.uk/dp/B017DY79HM
1050,https://www.amazon.co.uk/dp/B004VMI3OS
1051,https://www.amazon.co.uk/dp/B00O9QW4JQ
1052,https://www.amazon.co.uk/dp/B00K1UP8Z6
1053,https://www.amazon.co.uk/dp/B00A8JCK2E
1054,https://www.amazon.co.uk/dp/B011EIIS5K
1055,https://www.amazon.co.uk/dp/B001VDMGV6
1056,https://www.amazon.co.uk/dp/B0798K5W35
1057,https://www.amazon.co.uk/dp/B00GXI6RV4
1058,https://www.amazon.co.uk/dp/B00CABLFBK
1059,https://www.amazon.co.uk/dp/B002OF5C9S
1060,https://www.amazon.co.uk/dp/B0041K3TYE
1061,https://www.amazon.co.uk/dp/B001T2W0UG
1062,https://www.amazon.co.uk/dp/B01M8K60OE
1063,https://www.amazon.co.uk/dp/B01N525MZ0
1064,https://www.amazon.co.uk/dp/B009AE75CS
1065,https://www.amazon.co.uk/dp/B01ANUZKTC
1066,NULL
1067,NULL
1068,NULL
1069,https://www.amazon.co.uk/dp/B00411KZV8
1070,https://www.amazon.co.uk/dp/B01H5HDW5K
1071,https://www.amazon.co.uk/dp/B00744BINI
1072,https://www.amazon.co.uk/dp/B0095SFMB0
1073,https://www.amazon.co.uk/dp/B00CHJ3D9W
1074,https://www.amazon.co.uk/dp/B00XALU0I8
1075,https://www.amazon.co.uk/dp/B00IYQX9DM
1076,https://www.amazon.co.uk/dp/B000WCJV5G
1077,https://www.amazon.co.uk/dp/B00LCADOW8
1078,https://www.amazon.co.uk/dp/B01N8TVGZN
1079,https://www.amazon.co.uk/dp/B00KDKAZ5C
1080,https://www.amazon.co.uk/dp/B0017JP00I
1081,https://www.amazon.co.uk/dp/B00EED8G2S
1082,https://www.amazon.co.uk/dp/B00EED8G2S
1083,https://www.amazon.co.uk/dp/B00MRR0YJQ
1084,https://www.amazon.co.uk/dp/B072BZ7YDB
1085,https://www.amazon.co.uk/dp/B01J3UJ1NY
1086,https://www.amazon.co.uk/dp/B00EC8C5NG
1087,https://www.amazon.co.uk/dp/B072JSY3SJ
1088,https://www.amazon.co.uk/dp/B01KYQTVYA
1089,https://www.amazon.co.uk/dp/B00L4A2E36
1090,https://www.amazon.co.uk/dp/B006V72AHW
1091,https://www.amazon.co.uk/dp/B00K6E1U1I
1092,https://www.amazon.co.uk/dp/B07JKWTYB6
1093,https://www.amazon.co.uk/dp/B00GTVR7AU
1094,https://www.amazon.co.uk/dp/B07FVN14FH
1095,https://www.amazon.co.uk/dp/B00N4A2P60
1096,https://www.amazon.co.uk/dp/B00N4A2P60
1097,https://www.amazon.co.uk/dp/B00534G7U0
1098,https://www.amazon.co.uk/dp/B00EJPE0OO
1099,https://www.amazon.co.uk/dp/B01ICV6CPA
1100,https://www.amazon.co.uk/dp/B00JYJP6S4
1101,https://www.amazon.co.uk/dp/B07538S1M9
1102,https://www.amazon.co.uk/dp/B000VLQ7AA
1103,https://www.amazon.co.uk/dp/B0187ZSMYA
1104,https://www.amazon.co.uk/dp/B00KJ9AIQI
1105,https://www.amazon.co.uk/dp/B00HZDLDF6
1106,https://www.amazon.co.uk/dp/B07GDJKQDW
1107,https://www.amazon.co.uk/dp/B003YUBTIU
1108,https://www.amazon.co.uk/dp/B002IJKW54
1109,https://www.amazon.co.uk/dp/B01N8YYB4O
1110,https://www.amazon.co.uk/dp/B0187PJ3J8
1111,https://www.amazon.co.uk/dp/B0013FFX7Q
1112,https://www.amazon.co.uk/dp/B013JS87KO
1113,https://www.amazon.co.uk/dp/B00NQB9NLW
1114,https://www.amazon.co.uk/dp/B07711FMR5
1115,https://www.amazon.co.uk/dp/B000002YAG
1116,https://www.amazon.co.uk/dp/B00J07DDQC
1117,https://www.amazon.co.uk/dp/B006663ZL8
1118,https://www.amazon.co.uk/dp/B0779DGJX5
1119,https://www.amazon.co.uk/dp/B004MZ492E
1120,https://www.amazon.co.uk/dp/B0798238VT
1121,https://www.amazon.co.uk/dp/B01ET4CDYI
1122,https://www.amazon.co.uk/dp/B007V8S0HY
1123,https://www.amazon.co.uk/dp/B01KKDP0V0
1124,https://www.amazon.co.uk/dp/B07DM18JYK
1125,https://www.amazon.co.uk/dp/B002OCB2UO
1126,https://www.amazon.co.uk/dp/B00XM0XWUA
1127,https://www.amazon.co.uk/dp/B078H7BYMH
1128,https://www.amazon.co.uk/dp/B01LXXMR9U
1129,https://www.amazon.co.uk/dp/B00DDTSP0M
1130,https://www.amazon.co.uk/dp/B078XGTRV6
1131,https://www.amazon.co.uk/dp/B0752YFPH1
1132,https://www.amazon.co.uk/dp/B009C8ZA6K
1133,https://www.amazon.co.uk/dp/B00MJEUVM2
1134,https://www.amazon.co.uk/dp/B001GLKDF4
1135,https://www.amazon.co.uk/dp/B00WSVZHN4
1136,https://www.amazon.co.uk/dp/B075WZ4D4S
1137,https://www.amazon.co.uk/dp/B001EQPB1C
1138,https://www.amazon.co.uk/dp/B005LD2ME8
1139,https://www.amazon.co.uk/dp/B01MY4CMP8
1140,https://www.amazon.co.uk/dp/B002WT15LA
1141,https://www.amazon.co.uk/dp/B004RZTR5S
1142,https://www.amazon.co.uk/dp/B07GKQNG2M
1143,https://www.amazon.co.uk/dp/B005MZ4A7C
1144,https://www.amazon.co.uk/dp/B00KE8XDQQ
1145,https://www.amazon.co.uk/dp/B06X15MVND
1146,https://www.amazon.co.uk/dp/B01NA6QXF8
1147,https://www.amazon.co.uk/dp/B001CT0AF8
1148,https://www.amazon.co.uk/dp/B00U91FNWU
1149,https://www.amazon.co.uk/dp/B07HGBDNYS
1150,https://www.amazon.co.uk/dp/B07B6GHDS4
1151,https://www.amazon.co.uk/dp/B005ZS7O2Y
1152,https://www.amazon.co.uk/dp/B0044D90BE
1153,https://www.amazon.co.uk/dp/B00B408ZYS
1154,https://www.amazon.co.uk/dp/B07C78N3YM
1155,https://www.amazon.co.uk/dp/B07DLC4F85
1156,https://www.amazon.co.uk/dp/B07HRDVFJR
1157,https://www.amazon.co.uk/dp/B009O7Z56Y
1158,NULL
1159,https://www.amazon.co.uk/dp/B016Y01GQQ
1160,https://www.amazon.co.uk/dp/B06X92LST2
1161,https://www.amazon.co.uk/dp/B00ER0JQPO
1162,https://www.amazon.co.uk/dp/B00I55QYMA
1163,https://www.amazon.co.uk/dp/B00UPD0EB2
1164,https://www.amazon.co.uk/dp/B076WVGMN9
1165,https://www.amazon.co.uk/dp/B001TH8HAS
1166,NULL
1167,NULL
1168,NULL
1169,https://www.amazon.co.uk/dp/B07515ZMH5
1170,https://www.amazon.co.uk/dp/B01LX1IK4R
1171,https://www.amazon.co.uk/dp/B00KSAJIBO
1172,https://www.amazon.co.uk/dp/B01MSO7WLU
1173,https://www.amazon.co.uk/dp/B019FHHI80
1174,https://www.amazon.co.uk/dp/B002GNYJJM
1175,https://www.amazon.co.uk/dp/B01B7MUQHG
1176,https://www.amazon.co.uk/dp/B01LZ8X3VI
1177,https://www.amazon.co.uk/dp/B0002W14MY
1178,https://www.amazon.co.uk/dp/B00YMQN0IW
1179,https://www.amazon.co.uk/dp/B00BKZYPC8
1180,https://www.amazon.co.uk/dp/B00XN1ZIP0
1181,https://www.amazon.co.uk/dp/B00XN1ZIQO
1182,https://www.amazon.co.uk/dp/1603784403
1183,NULL
1184,https://www.amazon.co.uk/dp/B01MXISZ89
1185,https://www.amazon.co.uk/dp/B06XTZKT1C
1186,https://www.amazon.co.uk/dp/B005KDJCUQ
1187,https://www.amazon.co.uk/dp/B00S0CTU2Y
1188,https://www.amazon.co.uk/dp/B07BNMTYB6
1189,https://www.amazon.co.uk/dp/B00KSAJH1K
1190,https://www.amazon.co.uk/dp/B01JMDQWEI
1191,https://www.amazon.co.uk/dp/B006HY4BNK
1192,https://www.amazon.co.uk/dp/B01ABLFN54
1193,https://www.amazon.co.uk/dp/B077GWD865
1194,https://www.amazon.co.uk/dp/B078VDSXWK
1195,https://www.amazon.co.uk/dp/B074P1S6P6
1196,https://www.amazon.co.uk/dp/B07GC8BM6X
1197,https://www.amazon.co.uk/dp/B072QKSJLQ
1198,https://www.amazon.co.uk/dp/B07339SWBD
1199,https://www.amazon.co.uk/dp/B01HPXXV1E
1200,https://www.amazon.co.uk/dp/B01LXISA6N
1201,https://www.amazon.co.uk/dp/B075LNDNBL
1202,https://www.amazon.co.uk/dp/B01DX277WK
1203,https://www.amazon.co.uk/dp/B07G2GB8DZ
1204,https://www.amazon.co.uk/dp/B00I44NIKS
1205,https://www.amazon.co.uk/dp/B07FGCW4Z7
1206,https://www.amazon.co.uk/dp/B07FGCW4Z7
1207,https://www.amazon.co.uk/dp/B0002Y7TOO
1208,https://www.amazon.co.uk/dp/B010MZ0EGC
1209,https://www.amazon.co.uk/dp/B010CGPPHO
1210,https://www.amazon.co.uk/dp/B00M6TMM2W
1211,https://www.amazon.co.uk/dp/B06X9CG7N5
1212,https://www.amazon.co.uk/dp/B00TBIBL8M
1213,https://www.amazon.co.uk/dp/B01MTTYJZ5
1214,https://www.amazon.co.uk/dp/B00427WA8M
1215,https://www.amazon.co.uk/dp/B06WD3G4ZY
1216,https://www.amazon.co.uk/dp/B00PCI1HCU
1217,https://www.amazon.co.uk/dp/B075SDMJWH
1218,https://www.amazon.co.uk/dp/B00A6QLWBE
1219,https://www.amazon.co.uk/dp/B079KCKJGK
1220,https://www.amazon.co.uk/dp/B01KO90JCK
1221,https://www.amazon.co.uk/dp/B003SX01ZA
1222,https://www.amazon.co.uk/dp/B002P3KJNS
1223,https://www.amazon.co.uk/dp/B00W4RQVJQ
1224,https://www.amazon.co.uk/dp/B06X3QFCH6
1225,https://www.amazon.co.uk/dp/B00ETN4VZ4
1226,https://www.amazon.co.uk/dp/B01M8O0ACQ
1227,https://www.amazon.co.uk/dp/B01M63G1KI
1228,https://www.amazon.co.uk/dp/B001L5J5D6
1229,https://www.amazon.co.uk/dp/B00L0YLRUW
1230,https://www.amazon.co.uk/dp/B0083VURTC
1231,https://www.amazon.co.uk/dp/B0792Q2X46
1232,https://www.amazon.co.uk/dp/B00EY94Q0I
1233,https://www.amazon.co.uk/dp/B00A8DGA8A
1234,https://www.amazon.co.uk/dp/B000GRUTZS
1235,https://www.amazon.co.uk/dp/B01AONZU48
1236,https://www.amazon.co.uk/dp/B00TQNMCJE
1237,https://www.amazon.co.uk/dp/B00X3WT1B6
1238,https://www.amazon.co.uk/dp/B0037FFC2G
1239,https://www.amazon.co.uk/dp/B005NJFSZK
1240,https://www.amazon.co.uk/dp/B00XMK2KFS
1241,https://www.amazon.co.uk/dp/B000VKJZY6
1242,https://www.amazon.co.uk/dp/B007Q3Z7YS
1243,https://www.amazon.co.uk/dp/B0044SW3W2
1244,https://www.amazon.co.uk/dp/B01N4KYDQT
1245,https://www.amazon.co.uk/dp/B00UGK33XU
1246,https://www.amazon.co.uk/dp/2726888011
1247,https://www.amazon.co.uk/dp/B071ZZ5RD1
1248,https://www.amazon.co.uk/dp/B07FL573P2
1249,https://www.amazon.co.uk/dp/B00CWLSHUK
1250,https://www.amazon.co.uk/dp/B008ODXJ4O
1251,https://www.amazon.co.uk/dp/B00UNOYS0Q
1252,https://www.amazon.co.uk/dp/B01B1MT5A6
1253,https://www.amazon.co.uk/dp/B00CBD8S6C
1254,https://www.amazon.co.uk/dp/B00JAGUXES
1255,https://www.amazon.co.uk/dp/B01MRFKWD9
1256,https://www.amazon.co.uk/dp/B0026QXTA4
1257,https://www.amazon.co.uk/dp/B004CLZSQO
1258,https://www.amazon.co.uk/dp/B01FDHBD6Y
1259,https://www.amazon.co.uk/dp/B01KMCWTVI
1260,https://www.amazon.co.uk/dp/B015ECTDM4
1261,https://www.amazon.co.uk/dp/B0019572AQ
1262,https://www.amazon.co.uk/dp/B01JYT38P6
1263,https://www.amazon.co.uk/dp/B002IJKV8C
1264,https://www.amazon.co.uk/dp/B00HFTORMQ
1265,https://www.amazon.co.uk/dp/B074V8JM5N
1266,https://www.amazon.co.uk/dp/B07CVFL98M
1267,https://www.amazon.co.uk/dp/B0763QHKS3
1268,NULL
1269,NULL
1270,NULL
1271,NULL
1272,NULL
1273,NULL
1274,NULL
1275,https://www.amazon.co.uk/dp/B00LB16SLM
1276,https://www.amazon.co.uk/dp/B0080NQ878
1277,https://www.amazon.co.uk/dp/B009OJ5YPO
1278,https://www.amazon.co.uk/dp/B00MCI7RJA
1279,https://www.amazon.co.uk/dp/B01NCODVZB
1280,https://www.amazon.co.uk/dp/B00UX2FPDC
1281,https://www.amazon.co.uk/dp/B0093PAE6S
1282,https://www.amazon.co.uk/dp/B07B4JSQ14
1283,https://www.amazon.co.uk/dp/B07BZVHB37
1284,https://www.amazon.co.uk/dp/B00PESXQV8
1285,https://www.amazon.co.uk/dp/B07BHP4W36
1286,https://www.amazon.co.uk/dp/B01EA5HB16
1287,https://www.amazon.co.uk/dp/B00KO2X8C6
1288,https://www.amazon.co.uk/dp/B0130JOR0G
1289,https://www.amazon.co.uk/dp/B07G6RNC6Z
1290,https://www.amazon.co.uk/dp/B0007CXWY2
1291,https://www.amazon.co.uk/dp/B06XC2PNJ2
1292,https://www.amazon.co.uk/dp/B00GNWFC0W
1293,https://www.amazon.co.uk/dp/B074G3NF8S
1294,https://www.amazon.co.uk/dp/B00FKVZZP4
1295,https://www.amazon.co.uk/dp/B016NNW4UG
1296,https://www.amazon.co.uk/dp/B075CLCRKK
1297,NULL
1298,https://www.amazon.co.uk/dp/B07G46LGKN
1299,https://www.amazon.co.uk/dp/B07BF5NM3F
1300,https://www.amazon.co.uk/dp/B01ARAY3XM
1301,https://www.amazon.co.uk/dp/B074VWBVGC
1302,https://www.amazon.co.uk/dp/B004FGF2GC
1303,https://www.amazon.co.uk/dp/B000H8RVY8
1304,https://www.amazon.co.uk/dp/B00JDKO5K4
1305,https://www.amazon.co.uk/dp/B0743JV1V6
1306,https://www.amazon.co.uk/dp/B01B96248O
1307,https://www.amazon.co.uk/dp/B072QWP8MT
1308,https://www.amazon.co.uk/dp/B074KMD9RX
1309,https://www.amazon.co.uk/dp/B005KH81A4
1310,https://www.amazon.co.uk/dp/B01F40R3LO
1311,https://www.amazon.co.uk/dp/B0065NYXWW
1312,https://www.amazon.co.uk/dp/B008E7T8Y0
1313,NULL
1314,https://www.amazon.co.uk/dp/B071F8TFG7
1315,https://www.amazon.co.uk/dp/B0163RHA88
1316,https://www.amazon.co.uk/dp/B01KML0JM0
1317,https://www.amazon.co.uk/dp/B01MD24OWD
1318,https://www.amazon.co.uk/dp/B01NC0P43T
1319,https://www.amazon.co.uk/dp/B003XFWZUC
1320,https://www.amazon.co.uk/dp/B01J7NMAJO
1321,https://www.amazon.co.uk/dp/B0001P0FN6
1322,https://www.amazon.co.uk/dp/B00KPU28XC
1323,https://www.amazon.co.uk/dp/B01EN96GJM
1324,https://www.amazon.co.uk/dp/B007PS3PU2
1325,https://www.amazon.co.uk/dp/B01AWGYT0I
1326,https://www.amazon.co.uk/dp/B000LXUWN6
1327,https://www.amazon.co.uk/dp/B01D4YLC2I
1328,https://www.amazon.co.uk/dp/B076F2QC22
1329,https://www.amazon.co.uk/dp/B074FXRW4R
1330,https://www.amazon.co.uk/dp/B000A2R54M
1331,https://www.amazon.co.uk/dp/B000I0JQ6Q
1332,https://www.amazon.co.uk/dp/B077Y7QGPQ
1333,https://www.amazon.co.uk/dp/B004RE9XO4
1334,https://www.amazon.co.uk/dp/B071GG8LDN
1335,https://www.amazon.co.uk/dp/B07CPVZZXF
1336,https://www.amazon.co.uk/dp/B00XQMWNQ8
1337,https://www.amazon.co.uk/dp/B007XDNHUC
1338,https://www.amazon.co.uk/dp/B017C161AC
1339,https://www.amazon.co.uk/dp/B01IW0HPIY
1340,https://www.amazon.co.uk/dp/B01CTUGC5K
1341,https://www.amazon.co.uk/dp/B01BGGX4O0
1342,https://www.amazon.co.uk/dp/B07GL526BQ
1343,https://www.amazon.co.uk/dp/1785495410
1344,https://www.amazon.co.uk/dp/B01FXPH9QY
1345,https://www.amazon.co.uk/dp/B07HRJ9ZZR
1346,https://www.amazon.co.uk/dp/B013UDL5HU
1347,https://www.amazon.co.uk/dp/B00CXLKTHS
1348,https://www.amazon.co.uk/dp/B00BN0C0TA
1349,https://www.amazon.co.uk/dp/B00EO2VEU0
1350,https://www.amazon.co.uk/dp/B00EO2VEU0
1351,https://www.amazon.co.uk/dp/B07FQTT18M
1352,https://www.amazon.co.uk/dp/B07JC99V8Q
1353,https://www.amazon.co.uk/dp/B00161ZI4A
1354,https://www.amazon.co.uk/dp/B0797MRH9W
1355,https://www.amazon.co.uk/dp/B073523DS3
1356,https://www.amazon.co.uk/dp/B00513DTIQ
1357,https://www.amazon.co.uk/dp/B019A33CUM
1358,https://www.amazon.co.uk/dp/B01AZ816MW
1359,https://www.amazon.co.uk/dp/B002120FV4
1360,NULL
1361,NULL
1362,https://www.amazon.co.uk/dp/B00SR8GOE8
1363,https://www.amazon.co.uk/dp/B06XWCVRS6
1364,https://www.amazon.co.uk/dp/B000Y8PZN0
1365,https://www.amazon.co.uk/dp/B002PZV1AG
1366,https://www.amazon.co.uk/dp/B07DCT78LF
1367,https://www.amazon.co.uk/dp/B00CG5WXWA
1368,https://www.amazon.co.uk/dp/B004QN4E90
1369,https://www.amazon.co.uk/dp/B002E4HREM
1370,https://www.amazon.co.uk/dp/B01963I0KS
1371,https://www.amazon.co.uk/dp/B07C479YRD
1372,https://www.amazon.co.uk/dp/B01N0N5BRS
1373,https://www.amazon.co.uk/dp/B077PSW2WQ
1374,https://www.amazon.co.uk/dp/B00XU5DM7A
1375,https://www.amazon.co.uk/dp/B003L1ADAM
1376,https://www.amazon.co.uk/dp/B0041K5I48
1377,https://www.amazon.co.uk/dp/B006Q36JQ4
1378,https://www.amazon.co.uk/dp/B00UQ8QME4
1379,https://www.amazon.co.uk/dp/B002LSI1LO
1380,https://www.amazon.co.uk/dp/B002LSI1LO
1381,https://www.amazon.co.uk/dp/B002LSI1LO
1382,https://www.amazon.co.uk/dp/B002LSI1LO
1383,https://www.amazon.co.uk/dp/B002LSI1LO
1384,https://www.amazon.co.uk/dp/B000214440
1385,https://www.amazon.co.uk/dp/1843098725
1386,https://www.amazon.co.uk/dp/B00DOQD7SE
1387,https://www.amazon.co.uk/dp/B000CCL0GY
1388,https://www.amazon.co.uk/dp/B002TVANJ6
1389,https://www.amazon.co.uk/dp/B00JM9Y380
1390,https://www.amazon.co.uk/dp/0563534176
1391,https://www.amazon.co.uk/dp/B06XQ6JJKX
1392,https://www.amazon.co.uk/dp/B00025G246
1393,https://www.amazon.co.uk/dp/B07DQH5483
1394,https://www.amazon.co.uk/dp/B06XP2PYFD
1395,https://www.amazon.co.uk/dp/B07G1BFT4K
1396,https://www.amazon.co.uk/dp/B074SPS82K
1397,https://www.amazon.co.uk/dp/B013XKHA4M
1398,https://www.amazon.co.uk/dp/B0752CJK2Q
1399,https://www.amazon.co.uk/dp/B00CHI7GG4
1400,https://www.amazon.co.uk/dp/B07HKQ9STJ
1401,https://www.amazon.co.uk/dp/B07FWVJSHC
1402,https://www.amazon.co.uk/dp/B000IAZ5FM
1403,https://www.amazon.co.uk/dp/B003LKHHCU
1404,https://www.amazon.co.uk/dp/B00YCNKHMW
1405,https://www.amazon.co.uk/dp/B072M314FT
1406,https://www.amazon.co.uk/dp/B00EVO3HN8
1407,https://www.amazon.co.uk/dp/B01EADH17W
1408,https://www.amazon.co.uk/dp/B01AADHROS
1409,https://www.amazon.co.uk/dp/B0711WJVGK
1410,https://www.amazon.co.uk/dp/B00DUURA3W
1411,https://www.amazon.co.uk/dp/B000NV6D1Q
1412,https://www.amazon.co.uk/dp/B07CT24171
1413,https://www.amazon.co.uk/dp/B07BKKWW9Q
1414,https://www.amazon.co.uk/dp/B00KQ137CG
1415,https://www.amazon.co.uk/dp/B00KMUDHV2
1416,https://www.amazon.co.uk/dp/B01ALJLKJ4
1417,https://www.amazon.co.uk/dp/B07BKM4N9B
1418,https://www.amazon.co.uk/dp/B007UNF9DS
1419,https://www.amazon.co.uk/dp/0470517018
1420,https://www.amazon.co.uk/dp/B079MKQXLF
1421,https://www.amazon.co.uk/dp/B00V8LNHY6
1422,https://www.amazon.co.uk/dp/B00NHTSMK6
1423,https://www.amazon.co.uk/dp/B003AY949G
1424,https://www.amazon.co.uk/dp/B00FGY9EG6
1425,https://www.amazon.co.uk/dp/0470194286
1426,https://www.amazon.co.uk/dp/B00IF9KWD8
1427,https://www.amazon.co.uk/dp/B003VD56KC
1428,https://www.amazon.co.uk/dp/B019R3019A
1429,https://www.amazon.co.uk/dp/B019R3019A
1430,https://www.amazon.co.uk/dp/B007S088F4
1431,https://www.amazon.co.uk/dp/B000GK48H0
1432,https://www.amazon.co.uk/dp/B00YIWJKO8
1433,https://www.amazon.co.uk/dp/B0749N633V
1434,https://www.amazon.co.uk/dp/B0001IW85G
1435,https://www.amazon.co.uk/dp/B00GO63VQ4
1436,https://www.amazon.co.uk/dp/B001ZSBI8Y
1437,https://www.amazon.co.uk/dp/B07K83DTBF
1438,https://www.amazon.co.uk/dp/B01KKHGK4W
1439,https://www.amazon.co.uk/dp/B01N6KFQKH
1440,https://www.amazon.co.uk/dp/B074P6W662
1441,https://www.amazon.co.uk/dp/B079CJQ9SS
1442,https://www.amazon.co.uk/dp/B000A32LEU
1443,https://www.amazon.co.uk/dp/B006FFTKQ4
1444,https://www.amazon.co.uk/dp/B01LRWVVCA
1445,https://www.amazon.co.uk/dp/B0009LY3E4
1446,https://www.amazon.co.uk/dp/B00NXYSYOO
1447,https://www.amazon.co.uk/dp/B00L16UV5Q
1448,https://www.amazon.co.uk/dp/B01ABLFH2S
1449,https://www.amazon.co.uk/dp/B07HR78FQ5
1450,https://www.amazon.co.uk/dp/B07HR78FQ5
1451,https://www.amazon.co.uk/dp/B00E3CM1Y4
1452,https://www.amazon.co.uk/dp/B00VV923O0
1453,https://www.amazon.co.uk/dp/B003O69TYA
1454,https://www.amazon.co.uk/dp/B00S58M62O
1455,https://www.amazon.co.uk/dp/B011YZZ6Q2
1456,https://www.amazon.co.uk/dp/B074CWS1Q8
1457,NULL
1458,https://www.amazon.co.uk/dp/B076WTK8FX
1459,https://www.amazon.co.uk/dp/B072W8JRQ7
1460,https://www.amazon.co.uk/dp/B00FXL45Z2
1461,https://www.amazon.co.uk/dp/B01AAF87CM
1462,https://www.amazon.co.uk/dp/B077H83H2V
1463,https://www.amazon.co.uk/dp/B01NH9U9KV
1464,https://www.amazon.co.uk/dp/B01I507X2E
1465,https://www.amazon.co.uk/dp/B077LDBM7P
1466,https://www.amazon.co.uk/dp/B015Q96TVS
1467,https://www.amazon.co.uk/dp/B00OHQ5UIU
1468,https://www.amazon.co.uk/dp/B06XFXJBLB
1469,https://www.amazon.co.uk/dp/B00AF8D01I
1470,https://www.amazon.co.uk/dp/B01FW8HP20
1471,NULL
1472,NULL
1473,NULL
1474,https://www.amazon.co.uk/dp/B00JAGUXES
1475,https://www.amazon.co.uk/dp/B00CRRSBW8
1476,https://www.amazon.co.uk/dp/B01M4MYESE
1477,https://www.amazon.co.uk/dp/B0040QAFQO
1478,https://www.amazon.co.uk/dp/B00L4P6H1G
1479,https://www.amazon.co.uk/dp/B00EZWZ3C4
1480,https://www.amazon.co.uk/dp/B072K1YFV8
1481,https://www.amazon.co.uk/dp/B00L8P9H5A
1482,https://www.amazon.co.uk/dp/B007TKFQIK
1483,https://www.amazon.co.uk/dp/B07B9H2XKJ
1484,https://www.amazon.co.uk/dp/B00A8G2T2S
1485,https://www.amazon.co.uk/dp/B007P2KV1O
1486,https://www.amazon.co.uk/dp/B01HBYDDB0
1487,https://www.amazon.co.uk/dp/B07DXQQ1Q7
1488,https://www.amazon.co.uk/dp/B006I2H04I
1489,https://www.amazon.co.uk/dp/B074VFGN55
1490,https://www.amazon.co.uk/dp/B009GFEZUQ
1491,https://www.amazon.co.uk/dp/B009GFEZUQ
1492,https://www.amazon.co.uk/dp/B075D9J83G
1493,https://www.amazon.co.uk/dp/B072Z2W8GK
1494,https://www.amazon.co.uk/dp/1786667290
1495,https://www.amazon.co.uk/dp/B06Y48RMJH
1496,https://www.amazon.co.uk/dp/B074ZVQ83B
1497,https://www.amazon.co.uk/dp/B01M5DAMBV
1498,https://www.amazon.co.uk/dp/1452112274
1499,https://www.amazon.co.uk/dp/B06XGXHHKT
1500,https://www.amazon.co.uk/dp/B007NMCY02
1501,https://www.amazon.co.uk/dp/B0014GN53I
1502,https://www.amazon.co.uk/dp/B00PLATTKG
1503,https://www.amazon.co.uk/dp/B00PLATTKG
1504,NULL
1505,https://www.amazon.co.uk/dp/B0719SL4SY
1506,https://www.amazon.co.uk/dp/B001TOQ8NO
1507,https://www.amazon.co.uk/dp/B0038KT7QM
1508,https://www.amazon.co.uk/dp/B00BO8F0ZM
1509,https://www.amazon.co.uk/dp/B009VKGBSK
1510,https://www.amazon.co.uk/dp/B075NSBT5D
1511,https://www.amazon.co.uk/dp/B004QPHQPM
1512,https://www.amazon.co.uk/dp/B07D4SC2YR
1513,https://www.amazon.co.uk/dp/B073XFTNFT
1514,https://www.amazon.co.uk/dp/B000Q0X92U
1515,https://www.amazon.co.uk/dp/B000VHFZO8
1516,https://www.amazon.co.uk/dp/B001N444FO
1517,https://www.amazon.co.uk/dp/B07DPJXLSL
1518,https://www.amazon.co.uk/dp/B00BNGMWN8
1519,https://www.amazon.co.uk/dp/B002HT35GI
1520,https://www.amazon.co.uk/dp/B01C6J2LO0
1521,https://www.amazon.co.uk/dp/B005Z17LLK
1522,https://www.amazon.co.uk/dp/B004YIC8KY
1523,https://www.amazon.co.uk/dp/B01M31HJBJ
1524,https://www.amazon.co.uk/dp/B000Q31NWK
1525,https://www.amazon.co.uk/dp/B006ZJRERM
1526,https://www.amazon.co.uk/dp/B0034C806C
1527,https://www.amazon.co.uk/dp/B01K7VWL94
1528,https://www.amazon.co.uk/dp/B071ZSBR6S
1529,https://www.amazon.co.uk/dp/B00JEB9F70
1530,https://www.amazon.co.uk/dp/B011RI8XRK
1531,https://www.amazon.co.uk/dp/B071HWT9C8
1532,https://www.amazon.co.uk/dp/B06XNQX3B7
1533,https://www.amazon.co.uk/dp/B01546EWXU
1534,https://www.amazon.co.uk/dp/B07C82W4FD
1535,https://www.amazon.co.uk/dp/B07FNXCLCK
1536,https://www.amazon.co.uk/dp/B0725JXRBN
1537,https://www.amazon.co.uk/dp/B0782PSHJ3
1538,https://www.amazon.co.uk/dp/B06ZYHRMYP
1539,https://www.amazon.co.uk/dp/B00GTVR534
1540,https://www.amazon.co.uk/dp/B00EOUZIZO
1541,https://www.amazon.co.uk/dp/B00I4ZYWRU
1542,https://www.amazon.co.uk/dp/B00LHYHZR4
1543,https://www.amazon.co.uk/dp/B00FRFB5MK
1544,https://www.amazon.co.uk/dp/B0751HG7J9
1545,https://www.amazon.co.uk/dp/B01DUID6XQ
1546,https://www.amazon.co.uk/dp/B01KYQTVYA
1547,https://www.amazon.co.uk/dp/B000KGGM7O
1548,https://www.amazon.co.uk/dp/B00CHJ3ONW
1549,https://www.amazon.co.uk/dp/B07FGP3P4Q
1550,https://www.amazon.co.uk/dp/B00CYHT6FC
1551,https://www.amazon.co.uk/dp/B076LRTTLN
1552,https://www.amazon.co.uk/dp/B00XLKAD1C
1553,https://www.amazon.co.uk/dp/B078L4FBF8
1554,https://www.amazon.co.uk/dp/B018RFN21S
1555,https://www.amazon.co.uk/dp/B0787N67J7
1556,https://www.amazon.co.uk/dp/B07GWV4YRQ
1557,https://www.amazon.co.uk/dp/B01NBMK8LN
1558,https://www.amazon.co.uk/dp/B0033567D8
1559,https://www.amazon.co.uk/dp/B0794JVCR8
1560,https://www.amazon.co.uk/dp/B000FBNYRU
1561,https://www.amazon.co.uk/dp/B01BSY95GQ
1562,https://www.amazon.co.uk/dp/B01D1GC0JI
1563,https://www.amazon.co.uk/dp/B008BOMW26
1564,https://www.amazon.co.uk/dp/B001JMU6BG
1565,https://www.amazon.co.uk/dp/B06XPKHWXH
1566,https://www.amazon.co.uk/dp/B01LEOYWRM
1567,https://www.amazon.co.uk/dp/B005O8TPW2
1568,https://www.amazon.co.uk/dp/B00PJR3YRA
1569,https://www.amazon.co.uk/dp/B00ZFQTUQ4
1570,https://www.amazon.co.uk/dp/B0000A1P6P
1571,https://www.amazon.co.uk/dp/B01HZPJLR0
1572,https://www.amazon.co.uk/dp/B00W4SN4JA
1573,https://www.amazon.co.uk/dp/B0785FJZJY
1574,https://www.amazon.co.uk/dp/B07B6CCDWX
1575,https://www.amazon.co.uk/dp/B00YURFIC4
1576,https://www.amazon.co.uk/dp/B07494FPN9
1577,https://www.amazon.co.uk/dp/B0747TCQ8J
1578,https://www.amazon.co.uk/dp/B01K3SZADU
1579,https://www.amazon.co.uk/dp/B000NHNZE8
1580,https://www.amazon.co.uk/dp/B01GEU4J1A
1581,https://www.amazon.co.uk/dp/B01A6HGJ3I
1582,https://www.amazon.co.uk/dp/B00CBPO94A
1583,https://www.amazon.co.uk/dp/B01JKGVYFO
1584,https://www.amazon.co.uk/dp/B003479RS2
1585,https://www.amazon.co.uk/dp/B00KGAJORY
1586,https://www.amazon.co.uk/dp/B00KLAT6D6
1587,https://www.amazon.co.uk/dp/B000PKUYWY
1588,https://www.amazon.co.uk/dp/B00NEJX84Y
1589,https://www.amazon.co.uk/dp/B000C1VXQ2
1590,https://www.amazon.co.uk/dp/B000PY7FRM
1591,https://www.amazon.co.uk/dp/B003OWWCRK
1592,https://www.amazon.co.uk/dp/B00HPXBO0K
1593,https://www.amazon.co.uk/dp/B005HHUN9Y
1594,https://www.amazon.co.uk/dp/B014XWSS5O
1595,https://www.amazon.co.uk/dp/B005FVAGB2
1596,https://www.amazon.co.uk/dp/B01CSL3RUI
1597,https://www.amazon.co.uk/dp/B01LY51E11
1598,https://www.amazon.co.uk/dp/B00004OCM5
1599,https://www.amazon.co.uk/dp/B079M14T96
1600,https://www.amazon.co.uk/dp/B07H6BXYZZ
1601,https://www.amazon.co.uk/dp/B00IQUO926
1602,https://www.amazon.co.uk/dp/B01LD5CG8E
1603,https://www.amazon.co.uk/dp/B015PQJF5O
1604,https://www.amazon.co.uk/dp/B07HPYHL17
1605,https://www.amazon.co.uk/dp/B01KIGWUAS
1606,https://www.amazon.co.uk/dp/B07FVW39GB
1607,https://www.amazon.co.uk/dp/B076613135
1608,https://www.amazon.co.uk/dp/B07BBSXL51
1609,https://www.amazon.co.uk/dp/B076KVS3T2
1610,https://www.amazon.co.uk/dp/B07F6HBK1N
1611,https://www.amazon.co.uk/dp/B0000WPLA2
1612,https://www.amazon.co.uk/dp/B00IUGBHOE
1613,https://www.amazon.co.uk/dp/B00AW8H5YO
1614,https://www.amazon.co.uk/dp/B07D2K89LK
1615,https://www.amazon.co.uk/dp/B07GKYWWP6
1616,https://www.amazon.co.uk/dp/B01B0SRD6O
1617,https://www.amazon.co.uk/dp/B0049RC14I
1618,https://www.amazon.co.uk/dp/B00SP8E2BC
1619,https://www.amazon.co.uk/dp/B01MG94ZSM
1620,https://www.amazon.co.uk/dp/B0130JOR0G
1621,https://www.amazon.co.uk/dp/B0130JOR0G
1622,https://www.amazon.co.uk/dp/B076WVGMN9
1623,https://www.amazon.co.uk/dp/B0021AETNQ
1624,NULL
1625,https://www.amazon.co.uk/dp/B005MEP4CS
1626,https://www.amazon.co.uk/dp/B01JMDQWEI
1627,https://www.amazon.co.uk/dp/B00XHUR7UG
1628,https://www.amazon.co.uk/dp/B06XGY15HD
1629,https://www.amazon.co.uk/dp/B0031TWU7I
1630,https://www.amazon.co.uk/dp/B077GWFB7W
1631,https://www.amazon.co.uk/dp/B00ZXWZACS
1632,https://www.amazon.co.uk/dp/B00000IBE2
1633,https://www.amazon.co.uk/dp/B01608LQIU
1634,https://www.amazon.co.uk/dp/B01EV5EZZA
1635,https://www.amazon.co.uk/dp/B01CQDDMP8
1636,https://www.amazon.co.uk/dp/B00KU13SCG
1637,https://www.amazon.co.uk/dp/B06XNQL7V5
1638,https://www.amazon.co.uk/dp/B002YH6FLK
1639,https://www.amazon.co.uk/dp/B016ICL79G
1640,https://www.amazon.co.uk/dp/B008ZXRII6
1641,https://www.amazon.co.uk/dp/B0016HS8CI
1642,https://www.amazon.co.uk/dp/B00JSDXCIC
1643,https://www.amazon.co.uk/dp/B01LX188US
1644,https://www.amazon.co.uk/dp/B003B9BGTQ
1645,https://www.amazon.co.uk/dp/B01NCLQIPV
1646,https://www.amazon.co.uk/dp/B072KT3463
1647,https://www.amazon.co.uk/dp/B00TZ04YVM
1648,https://www.amazon.co.uk/dp/B06W5V4ZNK
1649,https://www.amazon.co.uk/dp/B072Y55TKV
1650,https://www.amazon.co.uk/dp/B077YC1NVG
1651,https://www.amazon.co.uk/dp/B01KXQBQIK
1652,https://www.amazon.co.uk/dp/B00IJYXAMO
1653,https://www.amazon.co.uk/dp/B01LP5FET0
1654,https://www.amazon.co.uk/dp/B01HDD4CU0
1655,https://www.amazon.co.uk/dp/B07CDJ7HBH
1656,https://www.amazon.co.uk/dp/B072B8CNQF
1657,https://www.amazon.co.uk/dp/B073SK88Z3
1658,https://www.amazon.co.uk/dp/B0787WN68D
1659,https://www.amazon.co.uk/dp/B004LNSFN6
1660,https://www.amazon.co.uk/dp/B00C88MDAC
1661,https://www.amazon.co.uk/dp/B06Y1712ZY
1662,https://www.amazon.co.uk/dp/B0786TVSQH
1663,https://www.amazon.co.uk/dp/B077TSZH9Z
1664,https://www.amazon.co.uk/dp/B0719TPGJH
1665,https://www.amazon.co.uk/dp/B01GH0DBAC
1666,https://www.amazon.co.uk/dp/B00LL4BJTU
1667,https://www.amazon.co.uk/dp/1684122821
1668,https://www.amazon.co.uk/dp/B00PXA1JLQ
1669,https://www.amazon.co.uk/dp/B01M0CW1Z8
1670,https://www.amazon.co.uk/dp/B00SYIHW88
1671,https://www.amazon.co.uk/dp/B01DWYOLCI
1672,https://www.amazon.co.uk/dp/B07CLQLJ6X
1673,https://www.amazon.co.uk/dp/B06XSZWK39
1674,https://www.amazon.co.uk/dp/B0002W14QU
1675,https://www.amazon.co.uk/dp/B01G56HMKS
1676,https://www.amazon.co.uk/dp/B00TESNG5U
1677,https://www.amazon.co.uk/dp/B01ERTOD8E
1678,https://www.amazon.co.uk/dp/B078TMVFSH
1679,https://www.amazon.co.uk/dp/B072MF9R7R
1680,https://www.amazon.co.uk/dp/B00ND66HKU
1681,https://www.amazon.co.uk/dp/B00ZG1SVA4
1682,https://www.amazon.co.uk/dp/B01EUSBO0W
1683,https://www.amazon.co.uk/dp/B003V3BG4M
1684,https://www.amazon.co.uk/dp/B001I45MQ4
1685,https://www.amazon.co.uk/dp/B01N4KYDQT
1686,https://www.amazon.co.uk/dp/B07B3TJQKD
1687,https://www.amazon.co.uk/dp/B0791JYLQK
1688,https://www.amazon.co.uk/dp/B06X3SG9WX
1689,https://www.amazon.co.uk/dp/B01NBIND5K
1690,https://www.amazon.co.uk/dp/B01LY7S0TR
1691,https://www.amazon.co.uk/dp/B01L8PLI1U
1692,https://www.amazon.co.uk/dp/B07DKXSSZN
1693,https://www.amazon.co.uk/dp/B073X6ZZPS
1694,https://www.amazon.co.uk/dp/B006PU2COG
1695,https://www.amazon.co.uk/dp/B0716PZCT6
1696,https://www.amazon.co.uk/dp/B079RWF29R
1697,https://www.amazon.co.uk/dp/B01BQYQCBY
1698,https://www.amazon.co.uk/dp/B0073PQFQS
1699,https://www.amazon.co.uk/dp/B003VD56KC
1700,https://www.amazon.co.uk/dp/B002IJKV8C
1701,https://www.amazon.co.uk/dp/B010MLIIKK
1702,https://www.amazon.co.uk/dp/B00KXY3NS4
1703,https://www.amazon.co.uk/dp/B000P61SM8
1704,https://www.amazon.co.uk/dp/B0047GNN7A
1705,https://www.amazon.co.uk/dp/B00CM1KZ3C
1706,https://www.amazon.co.uk/dp/B007BKC3P2
1707,https://www.amazon.co.uk/dp/B0016OOS16
1708,https://www.amazon.co.uk/dp/B0009RW88G
1709,https://www.amazon.co.uk/dp/1908172576
1710,https://www.amazon.co.uk/dp/B01MUCTUQX
1711,https://www.amazon.co.uk/dp/B0743B1LWM
1712,https://www.amazon.co.uk/dp/B01ID3PO1U
1713,https://www.amazon.co.uk/dp/B01LX188US
1714,https://www.amazon.co.uk/dp/B000RPQ6VK
1715,https://www.amazon.co.uk/dp/B0744PFBFZ
1716,https://www.amazon.co.uk/dp/B01DY54JZY
1717,https://www.amazon.co.uk/dp/B06WGQPD8V
1718,https://www.amazon.co.uk/dp/B01CO6F1D8
1719,https://www.amazon.co.uk/dp/B01MTZ2FHB
1720,https://www.amazon.co.uk/dp/B07CMS5Q6P
1721,https://www.amazon.co.uk/dp/B002LYN01E
1722,https://www.amazon.co.uk/dp/B00CG5WXX4
1723,https://www.amazon.co.uk/dp/B008YXN41C
1724,https://www.amazon.co.uk/dp/B0055EAATW
1725,https://www.amazon.co.uk/dp/B07CJTRFHS
1726,NULL
1727,NULL
1728,https://www.amazon.co.uk/dp/B077ZG9DHC
1729,NULL
1730,NULL
1731,https://www.amazon.co.uk/dp/B001RNXZ24
1732,https://www.amazon.co.uk/dp/B000E5LC5I
1733,https://www.amazon.co.uk/dp/B000818VIY
1734,https://www.amazon.co.uk/dp/B0033QVMSM
1735,https://www.amazon.co.uk/dp/B00QIL4BZK
1736,NULL
1737,NULL
1738,NULL
1739,https://www.amazon.co.uk/dp/B07693P5LY
1740,https://www.amazon.co.uk/dp/B071SGQP1Q
1741,https://www.amazon.co.uk/dp/B01M1HGUFB
1742,https://www.amazon.co.uk/dp/B00LIRODVQ
1743,https://www.amazon.co.uk/dp/B00023T96G
1744,https://www.amazon.co.uk/dp/B071D681ZL
1745,https://www.amazon.co.uk/dp/B01HDT48LW
1746,NULL
1747,https://www.amazon.co.uk/dp/B01LZEEB99
1748,https://www.amazon.co.uk/dp/B074NC64LN
1749,https://www.amazon.co.uk/dp/B06Y13JQBK
1750,https://www.amazon.co.uk/dp/B0049NYI7K
1751,https://www.amazon.co.uk/dp/B00H2MPMLQ
1752,https://www.amazon.co.uk/dp/B00JHK73KO
1753,https://www.amazon.co.uk/dp/B00N8P5A36
1754,https://www.amazon.co.uk/dp/B00H86ER76
1755,https://www.amazon.co.uk/dp/B0038HKG9C
1756,https://www.amazon.co.uk/dp/B003BEDE9Q
1757,https://www.amazon.co.uk/dp/B078VCGSKS
1758,https://www.amazon.co.uk/dp/B01E8O1L6A
1759,https://www.amazon.co.uk/dp/B009A5ZVEQ
1760,https://www.amazon.co.uk/dp/B00BMGHG94
1761,https://www.amazon.co.uk/dp/B0006O2GNO
1762,https://www.amazon.co.uk/dp/B00NM7UFYO
1763,https://www.amazon.co.uk/dp/B004QN7CM6
1764,https://www.amazon.co.uk/dp/B00IR7MXY4
1765,https://www.amazon.co.uk/dp/B018BVZFG8
1766,https://www.amazon.co.uk/dp/B00GFP4U3C
1767,https://www.amazon.co.uk/dp/B06WVP9K6R
1768,https://www.amazon.co.uk/dp/B0772C8HD7
1769,https://www.amazon.co.uk/dp/B01N4I1LNI
1770,https://www.amazon.co.uk/dp/B01LZGNPUL
1771,https://www.amazon.co.uk/dp/B072QWP8MT
1772,https://www.amazon.co.uk/dp/B073VNN29T
1773,https://www.amazon.co.uk/dp/0764551930
1774,https://www.amazon.co.uk/dp/B06VT8CY9P
1775,https://www.amazon.co.uk/dp/B00604O52E
1776,https://www.amazon.co.uk/dp/B00IF92H54
1777,https://www.amazon.co.uk/dp/B073SNBSHR
1778,https://www.amazon.co.uk/dp/B07JCC3KCM
1779,https://www.amazon.co.uk/dp/B01MXEKL91
1780,https://www.amazon.co.uk/dp/B000QSDAN0
1781,https://www.amazon.co.uk/dp/B01LY42FL4
1782,https://www.amazon.co.uk/dp/B01KI7F5M2
1783,https://www.amazon.co.uk/dp/B017HASH50
1784,https://www.amazon.co.uk/dp/B002DYIVA2
1785,https://www.amazon.co.uk/dp/B011O613W2
1786,https://www.amazon.co.uk/dp/B06XW27C76
1787,https://www.amazon.co.uk/dp/B001NYGB8W
1788,https://www.amazon.co.uk/dp/B011AF8G2M
1789,https://www.amazon.co.uk/dp/B07B9G5BF6
1790,https://www.amazon.co.uk/dp/B077PMK1T1
1791,https://www.amazon.co.uk/dp/B0001IW85G
1792,https://www.amazon.co.uk/dp/B00MB6JRQ4
1793,https://www.amazon.co.uk/dp/B01KA9CT1I
1794,https://www.amazon.co.uk/dp/B00454O8AU
1795,https://www.amazon.co.uk/dp/B00LTZED58
1796,https://www.amazon.co.uk/dp/B0185ZKC9K
1797,https://www.amazon.co.uk/dp/B07G4H8BXP
1798,https://www.amazon.co.uk/dp/B006KAP4AA
1799,https://www.amazon.co.uk/dp/B009401JE8
1800,https://www.amazon.co.uk/dp/B071XW5FW8
1801,https://www.amazon.co.uk/dp/B07FF1VXFY
1802,https://www.amazon.co.uk/dp/B00EDXZS7K
1803,https://www.amazon.co.uk/dp/B011IX13YE
1804,https://www.amazon.co.uk/dp/B00DSPP8XS
1805,https://www.amazon.co.uk/dp/B015Y1QEAY
1806,https://www.amazon.co.uk/dp/B000063Y95
1807,NULL
1808,https://www.amazon.co.uk/dp/B014UR4VGM
1809,https://www.amazon.co.uk/dp/B00006JSUB
1810,https://www.amazon.co.uk/dp/B00IK6JRFK
1811,https://www.amazon.co.uk/dp/B00ABG2V1Y
1812,https://www.amazon.co.uk/dp/B0046EDN8C
1813,NULL
1814,https://www.amazon.co.uk/dp/0736044655
1815,https://www.amazon.co.uk/dp/B00LW2YD8A
1816,https://www.amazon.co.uk/dp/B005GQKSVO
1817,https://www.amazon.co.uk/dp/B00025G246
1818,https://www.amazon.co.uk/dp/B00KG0JP28
1819,https://www.amazon.co.uk/dp/B076DDRCDG
1820,https://www.amazon.co.uk/dp/B00SDAM5JS
1821,https://www.amazon.co.uk/dp/B00Z9LUDX4
1822,https://www.amazon.co.uk/dp/B01HD40IL6
1823,https://www.amazon.co.uk/dp/0470279656
1824,https://www.amazon.co.uk/dp/B0756LJL7K
1825,https://www.amazon.co.uk/dp/B00AHCKLIM
1826,https://www.amazon.co.uk/dp/B01EV5F00O
1827,https://www.amazon.co.uk/dp/B01NBVQXWD
1828,NULL
1829,https://www.amazon.co.uk/dp/B00F61JMKM
1830,https://www.amazon.co.uk/dp/B00NPYW9KW
1831,https://www.amazon.co.uk/dp/B075J184KK
1832,https://www.amazon.co.uk/dp/3864703328
1833,https://www.amazon.co.uk/dp/B004P8IVSQ
1834,https://www.amazon.co.uk/dp/B01AXOSV7Q
1835,https://www.amazon.co.uk/dp/B01N4RB5CG
1836,https://www.amazon.co.uk/dp/B07FRJKJGG
1837,https://www.amazon.co.uk/dp/B07FVYKFXF
1838,https://www.amazon.co.uk/dp/B00512WO9M
1839,https://www.amazon.co.uk/dp/B0758W6CZQ
1840,https://www.amazon.co.uk/dp/B06XGJDMLK
1841,https://www.amazon.co.uk/dp/B00J210DLE
1842,https://www.amazon.co.uk/dp/B07BQKY7G1
1843,https://www.amazon.co.uk/dp/B002DWAC7E
1844,https://www.amazon.co.uk/dp/B01MEG7PUA
1845,https://www.amazon.co.uk/dp/B06W9K5336
1846,https://www.amazon.co.uk/dp/B01LY86H15
1847,https://www.amazon.co.uk/dp/B015VXSRPA
1848,https://www.amazon.co.uk/dp/B00VQ7C4A0
1849,https://www.amazon.co.uk/dp/B07D3DGTV2
1850,https://www.amazon.co.uk/dp/B00755LVS8
1851,https://www.amazon.co.uk/dp/B011AFM50G
1852,https://www.amazon.co.uk/dp/B009A5XFRQ
1853,https://www.amazon.co.uk/dp/B00CKMV7WG
1854,https://www.amazon.co.uk/dp/B008V8QPG6
1855,https://www.amazon.co.uk/dp/B071H1B3Z1
1856,https://www.amazon.co.uk/dp/B00EHOHNE6
1857,https://www.amazon.co.uk/dp/B00HO963A6
1858,https://www.amazon.co.uk/dp/0764980106
1859,https://www.amazon.co.uk/dp/B002DYIZEO
1860,https://www.amazon.co.uk/dp/B071RT2NHY
1861,https://www.amazon.co.uk/dp/B004VMI3OS
1862,https://www.amazon.co.uk/dp/B01N0P12HP
1863,https://www.amazon.co.uk/dp/B004EEID7U
1864,https://www.amazon.co.uk/dp/B01LZEC9OH
1865,https://www.amazon.co.uk/dp/B005ASNFAE
1866,https://www.amazon.co.uk/dp/B06XSL9BDP
1867,https://www.amazon.co.uk/dp/B00NUM25DU
1868,https://www.amazon.co.uk/dp/B00J3UB3JA
1869,https://www.amazon.co.uk/dp/B002TLNEAG
1870,https://www.amazon.co.uk/dp/B01DE33KI8
1871,https://www.amazon.co.uk/dp/B071VCM2LX
1872,https://www.amazon.co.uk/dp/B000Y8PZN0
1873,https://www.amazon.co.uk/dp/B00382WL72
1874,https://www.amazon.co.uk/dp/B01DWQSHOY
1875,https://www.amazon.co.uk/dp/B01B72W0A2
1876,https://www.amazon.co.uk/dp/B003KQ2PAO
1877,https://www.amazon.co.uk/dp/B00MXR6IN6
1878,https://www.amazon.co.uk/dp/B00EDM952U
1879,https://www.amazon.co.uk/dp/B06XY3KBLJ
1880,https://www.amazon.co.uk/dp/B000AM03TQ
1881,https://www.amazon.co.uk/dp/B004SBTD64
1882,https://www.amazon.co.uk/dp/B079HMBSDG
1883,https://www.amazon.co.uk/dp/B005REKQYO
1884,https://www.amazon.co.uk/dp/B004EEIMH6
1885,https://www.amazon.co.uk/dp/B009GF9RG8
1886,https://www.amazon.co.uk/dp/B009GF9RG8
1887,https://www.amazon.co.uk/dp/B07916QPWR
1888,https://www.amazon.co.uk/dp/B000C213ES
1889,https://www.amazon.co.uk/dp/B00CLIV8JG
1890,https://www.amazon.co.uk/dp/B00OCY4TZM
1891,https://www.amazon.co.uk/dp/B000W4EIL6
1892,https://www.amazon.co.uk/dp/B001JYQ6HW
1893,https://www.amazon.co.uk/dp/B000NCML6Q
1894,https://www.amazon.co.uk/dp/B074PNDYJ8
1895,https://www.amazon.co.uk/dp/B01MSJVX40
1896,https://www.amazon.co.uk/dp/B01KZDLUSW
1897,https://www.amazon.co.uk/dp/B00QNXC1D2
1898,https://www.amazon.co.uk/dp/B07HF6PX39
1899,https://www.amazon.co.uk/dp/B07HF6PX39
1900,https://www.amazon.co.uk/dp/B00LZXD97W
1901,NULL
1902,NULL
1903,NULL
1904,NULL
1905,NULL
1906,NULL
1907,NULL
1908,NULL
1909,https://www.amazon.co.uk/dp/B00TK800KI
1910,https://www.amazon.co.uk/dp/B0787WN68D
1911,https://www.amazon.co.uk/dp/B00NHVZZYK
1912,https://www.amazon.co.uk/dp/B00L24SMQW
1913,https://www.amazon.co.uk/dp/B06XS6JVP4
1914,https://www.amazon.co.uk/dp/B06XNSRJGJ
1915,https://www.amazon.co.uk/dp/B015ONK1HY
1916,https://www.amazon.co.uk/dp/B00K2S5JRY
1917,https://www.amazon.co.uk/dp/B016NHRIU8
1918,https://www.amazon.co.uk/dp/B00RW7J4CE
1919,https://www.amazon.co.uk/dp/B013XAD96A
1920,https://www.amazon.co.uk/dp/B002LSI1LO
1921,https://www.amazon.co.uk/dp/B002LSI1LO
1922,https://www.amazon.co.uk/dp/B002LSI1LO
1923,https://www.amazon.co.uk/dp/B07DX2YKT4
1924,https://www.amazon.co.uk/dp/B07B3YC6B5
1925,https://www.amazon.co.uk/dp/B00ZS8O4QA
1926,https://www.amazon.co.uk/dp/B0795TQ7L5
1927,https://www.amazon.co.uk/dp/B0170GOCVO
1928,https://www.amazon.co.uk/dp/B004IA4CWU
1929,https://www.amazon.co.uk/dp/B077Y7QGPQ
1930,https://www.amazon.co.uk/dp/6041753114
1931,https://www.amazon.co.uk/dp/B0063879QQ
1932,https://www.amazon.co.uk/dp/B01AUAPTPU
1933,https://www.amazon.co.uk/dp/B01ALOTLG8
1934,https://www.amazon.co.uk/dp/B000SHW2YC
1935,https://www.amazon.co.uk/dp/B00BLG76EA
1936,https://www.amazon.co.uk/dp/B00IW4M9PK
1937,https://www.amazon.co.uk/dp/B002GHBUTK
1938,https://www.amazon.co.uk/dp/B07J2BF8YD
1939,NULL
1940,NULL
1941,https://www.amazon.co.uk/dp/B0001I9R8W
1942,https://www.amazon.co.uk/dp/B005LW0BI8
1943,https://www.amazon.co.uk/dp/B01NHA2IHL
1944,https://www.amazon.co.uk/dp/B0799ZN7QY
1945,https://www.amazon.co.uk/dp/B001Q1TLMA
1946,https://www.amazon.co.uk/dp/B01089V8GW
1947,https://www.amazon.co.uk/dp/B00V9ZQB4Y
1948,https://www.amazon.co.uk/dp/B00A98TWF2
1949,https://www.amazon.co.uk/dp/B0083NNNGE
1950,https://www.amazon.co.uk/dp/B079WSBMXL
1951,https://www.amazon.co.uk/dp/B00PGNMXQA
1952,https://www.amazon.co.uk/dp/B000A63K3S
1953,https://www.amazon.co.uk/dp/B01L2CP62G
1954,https://www.amazon.co.uk/dp/B06X1CNY2Q
1955,https://www.amazon.co.uk/dp/B00B13A6R2
1956,https://www.amazon.co.uk/dp/B00NPYCOT8
1957,https://www.amazon.co.uk/dp/B00PF0CL84
1958,https://www.amazon.co.uk/dp/B01546EWXU
1959,https://www.amazon.co.uk/dp/B01N7AIF3H
1960,https://www.amazon.co.uk/dp/B0771L3CQJ
1961,https://www.amazon.co.uk/dp/B01M7T2KTF
1962,https://www.amazon.co.uk/dp/B01LZTLLJ2
1963,https://www.amazon.co.uk/dp/B00012SZDG
1964,https://www.amazon.co.uk/dp/B01NH5HBJY
1965,https://www.amazon.co.uk/dp/B0728BSG56
1966,https://www.amazon.co.uk/dp/B01LYSRRDA
1967,https://www.amazon.co.uk/dp/B00G504ZKA
1968,https://www.amazon.co.uk/dp/B071P59DP9
1969,https://www.amazon.co.uk/dp/B0153AY1Q0
1970,https://www.amazon.co.uk/dp/B000C1V83U
1971,https://www.amazon.co.uk/dp/B011RI9F04
1972,https://www.amazon.co.uk/dp/B01N4L6QTI
1973,https://www.amazon.co.uk/dp/B00PCV480K
1974,https://www.amazon.co.uk/dp/B0041K3TYE
1975,https://www.amazon.co.uk/dp/B07G8DF6KW
1976,https://www.amazon.co.uk/dp/B06XKHG4TW
1977,https://www.amazon.co.uk/dp/B017R7814U
1978,https://www.amazon.co.uk/dp/B06X9QRJLS
1979,https://www.amazon.co.uk/dp/B07HDMS3R3
1980,https://www.amazon.co.uk/dp/B07212NJ97
1981,https://www.amazon.co.uk/dp/B00PVB8KDC
1982,https://www.amazon.co.uk/dp/B0096XC36Q
1983,https://www.amazon.co.uk/dp/B074KMD9SZ
1984,https://www.amazon.co.uk/dp/B074KJZC3D
1985,https://www.amazon.co.uk/dp/B01138XMKW
1986,https://www.amazon.co.uk/dp/B071W3V15M
1987,https://www.amazon.co.uk/dp/B009VL9YJ2
1988,https://www.amazon.co.uk/dp/B00280092Y
1989,https://www.amazon.co.uk/dp/B01D5AP786
1990,https://www.amazon.co.uk/dp/B0118A0ZXM
1991,https://www.amazon.co.uk/dp/B01FUDPH2W
1992,https://www.amazon.co.uk/dp/B01I2WQVGO
1993,NULL
1994,https://www.amazon.co.uk/dp/B005ZIQMCC
1995,NULL
1996,https://www.amazon.co.uk/dp/B01HBP1KRS
1997,https://www.amazon.co.uk/dp/B06Y1SHTJF
1998,https://www.amazon.co.uk/dp/B0721MKS25
1999,https://www.amazon.co.uk/dp/B0045LG4XM
2000,https://www.amazon.co.uk/dp/B00G2P7398
2001,https://www.amazon.co.uk/dp/B004UQB5DQ
2002,https://www.amazon.co.uk/dp/B07655RRG5
2003,https://www.amazon.co.uk/dp/B00N415JTE
2004,https://www.amazon.co.uk/dp/B01IVLB03K
2005,https://www.amazon.co.uk/dp/B003ZYAJYA
2006,https://www.amazon.co.uk/dp/B003YFITC4
2007,https://www.amazon.co.uk/dp/B003YFITC4
2008,https://www.amazon.co.uk/dp/B07FCQ4QPJ
2009,https://www.amazon.co.uk/dp/B000A0YKNS
2010,https://www.amazon.co.uk/dp/B002IJKW54
2011,https://www.amazon.co.uk/dp/B002IJKW54
2012,https://www.amazon.co.uk/dp/B00F2KNATG
2013,https://www.amazon.co.uk/dp/B0763Z5SQZ
2014,https://www.amazon.co.uk/dp/B01N8YYB4O
2015,https://www.amazon.co.uk/dp/B0033567D8
2016,https://www.amazon.co.uk/dp/B0033567D8
2017,https://www.amazon.co.uk/dp/B01H1UGIUW
2018,https://www.amazon.co.uk/dp/B0774QK8DG
2019,https://www.amazon.co.uk/dp/B004Z90FHK
2020,NULL
2021,https://www.amazon.co.uk/dp/B01LY7S0TR
2022,NULL
2023,NULL
2024,NULL
2025,NULL
2026,NULL
2027,NULL
2028,https://www.amazon.co.uk/dp/B0728M5BKT
2029,https://www.amazon.co.uk/dp/B00UC3PP32
2030,NULL
2031,NULL
2032,https://www.amazon.co.uk/dp/B016NHRIU8
2033,NULL
2034,NULL
2035,NULL
2036,NULL
2037,https://www.amazon.co.uk/dp/B00237TWMK
2038,NULL
2039,https://www.amazon.co.uk/dp/B00L5MZX6S
2040,NULL
2041,NULL
2042,https://www.amazon.co.uk/dp/B01J3AKNCC
2043,https://www.amazon.co.uk/dp/B07G7D8FQC
2044,https://www.amazon.co.uk/dp/B01A8QRVBQ
2045,https://www.amazon.co.uk/dp/B008MMWNO4
2046,https://www.amazon.co.uk/dp/B018WS9G7Y
2047,https://www.amazon.co.uk/dp/B0042C1KQ0
2048,NULL
2049,https://www.amazon.co.uk/dp/B072WZFQW9
2050,NULL
2051,NULL
2052,NULL
2053,NULL
2054,NULL
2055,NULL
2056,https://www.amazon.co.uk/dp/B01MY0S0KV
2057,NULL
2058,NULL
2059,NULL
2060,NULL
2061,https://www.amazon.co.uk/dp/B00SDTW2LU
2062,NULL
2063,NULL
2064,NULL
2065,NULL
2066,NULL
2067,NULL
2068,NULL
2069,https://www.amazon.co.uk/dp/B00KDSUCSO
2070,https://www.amazon.co.uk/dp/B071RRWYH9
2071,NULL
2072,NULL
2073,NULL
2074,NULL
2075,NULL
2076,https://www.amazon.co.uk/dp/B07B819VMQ
2077,NULL
2078,https://www.amazon.co.uk/dp/B004RZTR5S
2079,NULL
2080,NULL
2081,NULL
2082,NULL
2083,NULL
2084,NULL
2085,https://www.amazon.co.uk/dp/B008VPHD7E
2086,NULL
2087,https://www.amazon.co.uk/dp/B076Q88RH2
2088,https://www.amazon.co.uk/dp/B00DDNZH04
2089,NULL
2090,https://www.amazon.co.uk/dp/B00Z03HSP2
2091,NULL
2092,https://www.amazon.co.uk/dp/B005LM8G1W
2093,NULL
2094,https://www.amazon.co.uk/dp/B073WGFLQY
2095,NULL
2096,NULL
2097,https://www.amazon.co.uk/dp/B00SYSYCIQ
2098,NULL
2099,https://www.amazon.co.uk/dp/B00V5ZCY4Y
2100,NULL
2101,NULL
2102,https://www.amazon.co.uk/dp/B071S8LGPT
2103,NULL
2104,NULL
2105,NULL
2106,NULL
2107,NULL
2108,https://www.amazon.co.uk/dp/B0778PVBQS
2109,NULL
2110,NULL
2111,NULL
2112,NULL
2113,NULL
2114,NULL
2115,NULL
2116,https://www.amazon.co.uk/dp/B06WP9VZDS
2117,https://www.amazon.co.uk/dp/B01CU9IS2A
2118,https://www.amazon.co.uk/dp/B005FPMVH0
2119,https://www.amazon.co.uk/dp/B00MTZQ63O
2120,NULL
2121,https://www.amazon.co.uk/dp/B00EII5S4S
2122,NULL
2123,NULL
2124,NULL
2125,NULL
2126,NULL
2127,NULL
2128,NULL
2129,NULL
2130,https://www.amazon.co.uk/dp/B01138XMKW
2131,NULL
2132,https://www.amazon.co.uk/dp/B00XIDLF82
2133,https://www.amazon.co.uk/dp/B004KOC4NI
2134,NULL
2135,https://www.amazon.co.uk/dp/B07C7DYDSH
2136,NULL
2137,NULL
2138,NULL
2139,NULL
2140,NULL
2141,https://www.amazon.co.uk/dp/B017KU3KRC
2142,NULL
2143,NULL
2144,NULL
2145,NULL
2146,NULL
2147,https://www.amazon.co.uk/dp/B079799LNJ
2148,https://www.amazon.co.uk/dp/B01EZ0X3L8
2149,NULL
2150,NULL
2151,NULL
2152,NULL
2153,NULL
2154,https://www.amazon.co.uk/dp/B01EZ0X3L8
2155,https://www.amazon.co.uk/dp/B07D7HL9KV
2156,NULL
2157,NULL
2158,NULL
2159,NULL
2160,NULL
2161,NULL
2162,NULL
2163,NULL
2164,NULL
2165,NULL
