supplier.image,amazon.image,similarity.result
https://d8mkdcmng3.imgix.net/4b59/pc-and-video-games-accessories-ps4-ps4-controllers-hama.jpg?bg=0FFF&fit=fill&h=176&q=90&w=176&s=69e3fd4f3b0a6b5886855d71b64e3cf4,http://ecx.images-amazon.com/images/I/41p4wc0%2BoJL._SL220_.jpg,0.19103773584905662
https://d8mkdcmng3.imgix.net/750c/pc-and-video-games-accessories-ps4-ps4-controllers-nacon-revolution-pro-controller-v2-rig-limited-edition-for-ps4.jpg?bg=0FFF&fit=fill&h=176&q=90&w=176&s=3eb6421e9dd11be175031ef57d840f7a,http://ecx.images-amazon.com/images/I/416aMYxRqVL._SL220_.jpg,0.25063291139240507
https://d8mkdcmng3.imgix.net/7815/pc-and-video-games-accessories-ps4-ps4-headsets-ps4-official-sony-playstation-platinum-71-wireless-stereo-headset-8.jpg?h=176&q=90&w=176&s=c3989e5fdd84cabc975adea912381de5,http://ecx.images-amazon.com/images/I/41qgK5weebL._SL220_.jpg,0.0
https://d8mkdcmng3.imgix.net/e54f/pc-and-video-games-games-switch-motogp-18-nintendo-1.jpg?bg=0FFF&fit=fill&h=176&q=90&w=176&s=fddd6be8e02214af0533368e3a5fe272,http://ecx.images-amazon.com/images/I/51ZelOrxp5L._SL220_.jpg,0.0030211480362537764
https://d8mkdcmng3.imgix.net/d348/board-games-party-and-family-colour-brain-1.jpg?h=176&q=90&w=176&s=687a48e191b0114b0cde4d6ca7c95951,http://ecx.images-amazon.com/images/I/51U-IzmeGTL._SL220_.jpg,0.0022988505747126436
https://d8mkdcmng3.imgix.net/a69c/pc-and-video-games-accessories-ps4-ps4-controllers-hurricane-steering-wheel-ps4ps3.png?bg=0FFF&fit=fill&h=176&q=90&w=176&s=acfb2fbe350df56247eda200f02a4fcc,http://ecx.images-amazon.com/images/I/51KSncEqItL._SL220_.jpg,0.009009009009009009
https://d8mkdcmng3.imgix.net/f2da/card-games-accessories-ultimate-guard-digital-life-points-score-pad.jpg?bg=0FFF&fit=fill&h=176&q=90&w=176&s=40ac47d065677333c3d946fb418ed23c,http://ecx.images-amazon.com/images/I/41aeddE-i0L._SL220_.jpg,0.20789473684210527
https://d8mkdcmng3.imgix.net/23e7/pc-and-video-games-games-ps4-steep-road-to-the-olympics-3.jpg?h=176&q=90&w=176&s=3f345c112e33eec1cd2187bdd62af9ed,http://ecx.images-amazon.com/images/I/510y2bEAXJL._SL220_.jpg,None
https://d8mkdcmng3.imgix.net/00a2/pc-and-video-games-accessories-ps4-ps4-controllers-hama-speedshot-ultimate-mousekeyboard-converter-for-ps4ps3xbox-onexbox-360.jpg?bg=0FFF&fit=fill&h=176&q=90&w=176&s=0a4caf5963d37d57334c84b0d40061cb,http://ecx.images-amazon.com/images/I/51DoQVmPdXL._SL220_.jpg,0.010256410256410256
https://d8mkdcmng3.imgix.net/9e63/pc-and-video-games-games-ps4-space-hulk.jpg?bg=0FFF&fit=fill&h=126&q=80&w=126&s=3e25bdde9411d81314fa654dca0d41c1,http://ecx.images-amazon.com/images/I/51ylLMN-G1L._SL220_.jpg,0.0913978494623656
https://d8mkdcmng3.imgix.net/6856/pc-and-video-games-accessories-ps4-ps4-controllers-hama-7in1-undead.jpg?bg=0FFF&fit=fill&h=176&q=90&w=176&s=9ca8c364a56ca849f22a24e0b6d7bc0d,http://ecx.images-amazon.com/images/I/51o-5KQS0DL._SL220_.jpg,0.009287925696594427
https://d8mkdcmng3.imgix.net/074e/pc-and-video-games-accessories-ps4-ps4-headsets-gioteck-xh100-wired-stereo-gaming-headset-piano-black-ps4xbox-onepcwii-u.jpg?bg=0FFF&fit=fill&h=176&q=90&w=176&s=ed8fff7e9f3a65dbf25fd8004226e6b4,http://ecx.images-amazon.com/images/I/51KhaFovGLL._SL220_.jpg,0.013157894736842105
https://d8mkdcmng3.imgix.net/a9cc/pc-and-video-games-accessories-ps4-ps4-controllers-orb-ps4-controller-silicone-skin-cover-for-playstation-4-white.jpg?h=176&q=90&w=176&s=f253056a4c90c99ee3d140c2ef3668ec,http://ecx.images-amazon.com/images/I/41%2BvzH7nzqL._SL220_.jpg,0.17765042979942694
https://d8mkdcmng3.imgix.net/6925/pc-and-video-games-accessories-ps4-ps4-headsets-gioteck-tx40-universal-wired-stereo-gaming-headset.jpg?bg=0FFF&fit=fill&h=176&q=90&w=176&s=5c23962cb634a5a47da0af3b523223a8,http://ecx.images-amazon.com/images/I/41rMBsmd8ZL._SL220_.jpg,0.013623978201634877
https://d8mkdcmng3.imgix.net/233b/board-games-party-and-family-star-wars-han-solo-monopoly.jpg?bg=0FFF&fit=fill&h=176&q=90&w=176&s=c58ed0d1a84448dc1fbcbbc89ae87028,http://ecx.images-amazon.com/images/I/51%2Bh%2BtAr8DL._SL220_.jpg,0.009324009324009324
https://d8mkdcmng3.imgix.net/3d77/pc-and-video-games-games-xbox-one-ao-international-tennis.jpg?bg=0FFF&fit=fill&h=176&q=90&w=176&s=f5dbdc2a2fb2e67b26e5c7315a390395,http://ecx.images-amazon.com/images/I/517fuAeu4cL._SL220_.jpg,None
https://d8mkdcmng3.imgix.net/2083/board-games-party-and-family-takenoko-board-1.jpg?h=176&q=90&w=176&s=6a80e6a95203501e38a6c2132e37e07b,http://ecx.images-amazon.com/images/I/51Eiofu9mqL._SL220_.jpg,0.0
https://d8mkdcmng3.imgix.net/b325/dvd-and-bluray-dvd-documentaries-planet-earth-ii-4k-uhd-bluray-bluray.jpg?h=176&q=90&w=176&s=65813e58e350968cbe783a8facca6723,http://ecx.images-amazon.com/images/I/519KUcycUqL._SL220_.jpg,0.2034383954154728
https://d8mkdcmng3.imgix.net/9ad2/collectables-and-hobbies-action-figures-monkey-d-luffy-film-gold-version-one-piece-pirates-bandai-tamashii-nations-figuarts-zero-figure.jpg?h=176&q=90&w=176&s=efcd34c854b8d7233d0a8aef2ce36a34,http://ecx.images-amazon.com/images/I/41H2m3oIwlL._SL220_.jpg,0.05389221556886228
https://d8mkdcmng3.imgix.net/4988/collectables-and-hobbies-action-figures-trunks-super-saiyan-dragon-ball-z-bandai-tamashii-nations-figuarts-zero-figure.jpg?bg=0FFF&fit=fill&h=176&q=90&w=176&s=380bd16f365b9e40482356cf2750b9a0,http://ecx.images-amazon.com/images/I/41jBVtYyFuL._SL220_.jpg,0.0
https://d8mkdcmng3.imgix.net/922f/collectables-and-hobbies-action-figures-minato-namikaze-naruto-action-figure.jpg?bg=0FFF&fit=fill&h=176&q=90&w=176&s=7770d742cbfca7aab8b9bcc728647aa1,http://ecx.images-amazon.com/images/I/41U9P5e9CQL._SL220_.jpg,0.042483660130718956
https://d8mkdcmng3.imgix.net/22c0/collectables-and-hobbies-action-figures-madara-uchiha-naruto-bandai-tamashii-nations-sh-figuarts-figure.jpg?bg=0FFF&fit=fill&h=176&q=90&w=176&s=21b13e5a248758634c3fa94dc68b988d,http://ecx.images-amazon.com/images/I/414HhsMBEyL._SL220_.jpg,0.20630372492836677
https://d8mkdcmng3.imgix.net/4af2/consumer-electronics-batteries-and-battery-chargers-rechargeable-batteries-infapower-d-size-2600mah-nimh-2pack-b006-xl-.jpg?bg=0FFF&fit=fill&h=176&q=90&w=176&s=5938868dba6a6aca82c6141f01cb3c75,http://ecx.images-amazon.com/images/I/41k%2Bd9jpDdL._SL220_.jpg,0.002544529262086514
https://d8mkdcmng3.imgix.net/acb2/consumer-electronics-batteries-and-battery-chargers-rechargeable-batteries-infapower-aaa-1000mah-nimh-4pack-b002.jpg?bg=0FFF&fit=fill&h=176&q=90&w=176&s=8ccda026db3a0458de5be2c57e1d08b9,http://ecx.images-amazon.com/images/I/51w--rkwy5L._SL220_.jpg,0.0948509485094851
https://d8mkdcmng3.imgix.net/99e2/collectables-and-hobbies-action-figures-sabo-film-gold-version-one-piece-pirates-bandai-tamashii-nations-figuarts-zero-figure.jpg?bg=0FFF&fit=fill&h=176&q=90&w=176&s=8b981f97ccb2ab8740ca9801ef8f2d9e,http://ecx.images-amazon.com/images/I/41H2m3oIwlL._SL220_.jpg,0.008982035928143712
https://dem72dx9uyrn1.cloudfront.net/lXn0Tt9PM51GbmFf8QWmqN-mEJU=/176x176/filters:quality(90)/bd00/381281/collectables-and-hobbies-action-figures-sanji-diable-jambe-premier-hachis-one-piece-pirates-bandai-tamashii-nations-figure-rawl.jpg,http://ecx.images-amazon.com/images/I/41iI3RTJ3XL._SL220_.jpg,0.0111731843575419
https://d8mkdcmng3.imgix.net/ad7b/collectables-and-hobbies-action-figures-one-piece-zero-luffy-gum-gum-one-piece-pirates-bandai-tamashii-nations-figuarts-zero-figure-4.jpg?h=176&q=90&w=176&s=1ae508a7bb3a0a18dcbb525618c63be2,http://ecx.images-amazon.com/images/I/413pZ25hmVL._SL220_.jpg,0.010958904109589041
https://d8mkdcmng3.imgix.net/ac12/collectables-and-hobbies-action-figures-naruto-kurama-naruto-relations-bandai-tamashii-nations-figuarts-zero-figure.jpg?bg=0FFF&fit=fill&h=176&q=90&w=176&s=356fbe4195d04e4fbe59d5b25492ae59,http://ecx.images-amazon.com/images/I/511nhkU8-0L._SL220_.jpg,0.005012531328320802
https://d8mkdcmng3.imgix.net/0afc/sports-and-outdoors-football-footballs-mitre-impel-training-ball-2.jpg?bg=0FFF&fit=fill&h=176&q=90&w=176&s=be0f9c66a9265533e272d2284e4c9abb,http://ecx.images-amazon.com/images/I/51ljggXzbjL._SL220_.jpg,0.012531328320802004
https://d8mkdcmng3.imgix.net/761d/sports-and-outdoors-football-footballs-mitre-impel-plus-training-ball-4.jpg?bg=0FFF&fit=fill&h=176&q=90&w=176&s=fef9c83c314bd08353a876692d390335,http://ecx.images-amazon.com/images/I/31DDzt7S-mL._SL220_.jpg,0.003257328990228013
https://d8mkdcmng3.imgix.net/c30d/sports-and-outdoors-football-footballs-precision-rotario-match-football-whitepurplefluo-lime-size-4.jpg?h=176&q=90&w=176&s=a85978a1d87f1a7023ccaa6f3e55d7f9,http://ecx.images-amazon.com/images/I/51WOGfKAGDL._SL220_.jpg,0.17721518987341772
https://d8mkdcmng3.imgix.net/8dae/sports-and-outdoors-football-footballs-precision-rotario-match-football-whiteblacksilver-size-5.jpg?h=176&q=90&w=176&s=f5e6401a655ad47443ef9cca85275ba6,http://ecx.images-amazon.com/images/I/510-QYAPlgL._SL220_.jpg,0.16046511627906976
https://d8mkdcmng3.imgix.net/e026/sports-and-outdoors-football-footballs-precision-santos-lite-training-ball-290g-whitefluo-yellowblack-size-5.jpg?h=176&q=90&w=176&s=7f732012e72903635b6cf5bd535c3b92,http://ecx.images-amazon.com/images/I/517zHn9-fqL._SL220_.jpg,0.15526315789473685
https://d8mkdcmng3.imgix.net/6a64/sports-and-outdoors-football-footballs-mitre-impel-plus-training-ball-5.jpg?bg=0FFF&fit=fill&h=176&q=90&w=176&s=806cdd04e99cdb98ca1c16ae9aa6d4aa,http://ecx.images-amazon.com/images/I/51CREHzM53L._SL220_.jpg,0.11678832116788321
https://d8mkdcmng3.imgix.net/eb14/sports-and-outdoors-football-footballs-pt-olympico-shirt-4244-royalyellowwhite.jpg?h=176&q=90&w=176&s=112656884010bad27fbc5f9d3b53b627,http://g-ecx.images-amazon.com/images/G/02/x-site/icons/no-img-sm._CB192561891_.gif,None
https://d8mkdcmng3.imgix.net/d3d6/sports-and-outdoors-football-footballs-precision-santos-lite-training-ball-370g-whiteblack-size-5.jpg?h=176&q=90&w=176&s=5269b7307021501e4c5f4e258df27c0c,http://ecx.images-amazon.com/images/I/61FoDkpumyL._SL220_.jpg,0.15079365079365079
https://d8mkdcmng3.imgix.net/e02a/sports-and-outdoors-football-footballs-mitre-delta-professional-ball.jpg?bg=0FFF&fit=fill&h=176&q=90&w=176&s=36b8bcc8b075dc87e5b45f22f6b9c289,http://ecx.images-amazon.com/images/I/51%2BNfFGcrGL._SL220_.jpg,0.03827751196172249
https://d8mkdcmng3.imgix.net/52ba/sports-and-outdoors-football-footballs-precision-nueno-match-football-whitedeep-bluefluo-orange-size-4.jpg?h=176&q=90&w=176&s=562c9d3bcdc22028bb3e339717c9f1b8,http://ecx.images-amazon.com/images/I/61UKeEJ9xmL._SL220_.jpg,0.14555256064690028
https://d8mkdcmng3.imgix.net/eaf1/sports-and-outdoors-football-footballs-precision-fusion-training-ball-14.jpg?bg=0FFF&fit=fill&h=176&q=90&w=176&s=74e2798209cbb6d35d005f71ac1cc87f,http://ecx.images-amazon.com/images/I/512qHKG0g2L._SL220_.jpg,0.030373831775700934
https://d8mkdcmng3.imgix.net/bd7e/sports-and-outdoors-football-footballs-precision-street-mania-football-size-5.jpg?h=176&q=90&w=176&s=61b1571016e869a25fc83edef56c2b00,http://ecx.images-amazon.com/images/I/519PjWAPmdL._SL220_.jpg,0.0
https://d8mkdcmng3.imgix.net/7a8a/sports-and-outdoors-football-footballs-nike-strike-premier-league-1819-football-yellowpurplesize-5.jpg?bg=0FFF&fit=fill&h=176&q=90&w=176&s=08d2d5da3d1fcc7ac3ae3c612dcbb118,http://ecx.images-amazon.com/images/I/51JAFydO7-L._SL220_.jpg,0.0051813471502590676
https://d8mkdcmng3.imgix.net/0b5b/sports-and-outdoors-football-footballs-mitre-ultimatch-max-match-ball.jpg?bg=0FFF&fit=fill&h=176&q=90&w=176&s=8d1aaebf87fde9c804cce85552f0bdcb,http://ecx.images-amazon.com/images/I/61kWlopx36L._SL220_.jpg,0.004901960784313725
https://d8mkdcmng3.imgix.net/741c/sports-and-outdoors-football-footballs-precision-rio-indoor-football-yellowblack-size-5.jpg?h=176&q=90&w=176&s=3ae2ed3a6935f34ac351bb2a34bf9d1d,http://ecx.images-amazon.com/images/I/51vyCFRvYeL._SL220_.jpg,0.15151515151515152
https://d8mkdcmng3.imgix.net/941b/sports-and-outdoors-football-footballs-precision-cordino-lite-match-football-320g-whitefluo-orangeblack-size-4.jpg?h=176&q=90&w=176&s=2664a67569b8056e8d78afcce210b8d5,http://ecx.images-amazon.com/images/I/51tw3dH3O0L._SL220_.jpg,0.06631299734748011
https://d8mkdcmng3.imgix.net/9d62/sports-and-outdoors-football-footballs-precision-rosario-match-football-whiteblueorange-size-4.jpg?h=176&q=90&w=176&s=b90e22d7104fa634785981c3f311db22,http://ecx.images-amazon.com/images/I/5142P72EjhL._SL220_.jpg,0.21770334928229665
https://d8mkdcmng3.imgix.net/ce27/consumer-electronics-batteries-and-battery-chargers-battery-chargers-braun-photo-technik-1foralltravelnow.jpg?bg=0FFF&fit=fill&h=176&q=90&w=176&s=4c376c0e8cb49b19b1fad05ad638c54c,http://ecx.images-amazon.com/images/I/41kDwWe1CpL._SL220_.jpg,0.0023584905660377358
https://d8mkdcmng3.imgix.net/3833/sports-and-outdoors-football-footballs-mitre-impel-training-ball-1.jpg?bg=0FFF&fit=fill&h=176&q=90&w=176&s=91f7f3eda6ac76bf0b9c0a409701fca2,http://ecx.images-amazon.com/images/I/51ljggXzbjL._SL220_.jpg,0.012531328320802004
https://d8mkdcmng3.imgix.net/90b9/sports-and-outdoors-football-footballs-precision-cordino-lite-match-football-290g-whitefluo-yellowblack-size-5.jpg?h=176&q=90&w=176&s=3ea8b316e87c9f5ca7fbd2eca7bb22c4,http://ecx.images-amazon.com/images/I/51tw3dH3O0L._SL220_.jpg,0.1856763925729443
https://d8mkdcmng3.imgix.net/6045/books-macbeth-the-graphic-novel-quick-text.jpg?bg=0FFF&fit=fill&h=176&q=90&w=176&s=6be58755500f7cca58ed1a87c0ec27ed,http://ecx.images-amazon.com/images/I/51iL2CdXFyL._SL220_.jpg,0.06769230769230769
https://d8mkdcmng3.imgix.net/a702/books-graphic-novels-bionic-man-volume-3-xl-.jpg?h=176&q=90&w=176&s=b722dc62d09a15ffcbb05eeada2f12ed,http://ecx.images-amazon.com/images/I/51yz%2BsP%2BzcL._SL220_.jpg,0.008450704225352112
https://d8mkdcmng3.imgix.net/fc27/books-graphic-novels-one-week-in-the-library.jpg?h=176&q=90&w=176&s=a71403cf1ae89559582fd3815049a7c0,http://ecx.images-amazon.com/images/I/61ftM10C%2BvL._SL220_.jpg,0.007211538461538462
https://d8mkdcmng3.imgix.net/834d/books-destination-moon.jpg?bg=0FFF&fit=fill&h=176&q=90&w=176&s=721a812e19ebb75d02fb91977db18aee,http://ecx.images-amazon.com/images/I/517vXlwDvaL._SL220_.jpg,0.03814713896457766
https://d8mkdcmng3.imgix.net/f0ef/books-a-christmas-carol-the-graphic-novel-original-text.jpg?bg=0FFF&fit=fill&h=176&q=90&w=176&s=5bc05467c48fa879c05df2232954643b,http://ecx.images-amazon.com/images/I/51O1ICtyY5L._SL220_.jpg,0.17582417582417584
https://d8mkdcmng3.imgix.net/6b1c/books-nonfiction-ketchup-on-your-cornflakes.jpg?bg=0FFF&fit=fill&h=176&q=90&w=176&s=de00b4a0e519c6ad6eb388af5a4bcc06,http://ecx.images-amazon.com/images/I/511ipuPdzOL._SL220_.jpg,0.10922330097087378
https://d8mkdcmng3.imgix.net/e6cd/books-graphic-novels-children-of-the-gates.jpg?h=176&q=90&w=176&s=5046ed5dd426e8354440854d366e7c3c,http://ecx.images-amazon.com/images/I/51q8PndBOtL._SL220_.jpg,None
https://d8mkdcmng3.imgix.net/c2a5/books-graphic-novels-darkship-renegades.jpg?h=176&q=90&w=176&s=b8372e99913a379e3dfae9583cf7afcb,http://ecx.images-amazon.com/images/I/51%2BkcY4pmTL._SL220_.jpg,0.19384615384615383
https://d8mkdcmng3.imgix.net/06d4/books-graphic-novels-captain-flandry-defender-of-the-terran-empire.jpg?h=176&q=90&w=176&s=8774ee02684b4527684a9f9658895b96,http://ecx.images-amazon.com/images/I/51ENOZAZxhL._SL220_.jpg,0.1681159420289855
https://d8mkdcmng3.imgix.net/fc54/books-graphic-novels-pathfinder-campaign-setting-occult-mysteries-raw-.jpg?h=176&q=90&w=176&s=ae99309d573350fd1b8fe30caaccaf1b,http://ecx.images-amazon.com/images/I/61zTBrYfVWL._SL220_.jpg,0.0078125
https://d8mkdcmng3.imgix.net/a91f/books-graphic-novels-fatale-deluxe-edition-volume-1-hc.jpg?h=176&q=90&w=176&s=3a6f249b9c5f7066292f976c02b51af2,http://ecx.images-amazon.com/images/I/61memhzUEsL._SL220_.jpg,0.19263456090651557
https://d8mkdcmng3.imgix.net/d0af/books-graphic-novels-metal-gear-solid-deluxe-edition-raw-.jpg?h=176&q=90&w=176&s=e41000a73e019abfacd9ba92540f9d04,http://ecx.images-amazon.com/images/I/51JKufcrnZL._SL220_.jpg,0.15088757396449703
https://d8mkdcmng3.imgix.net/428e/books-graphic-novels-godzilla-historys-greatest-monster-xl-.jpg?h=176&q=90&w=176&s=568a04464997e4bf3657fc2f36e6fa17,http://ecx.images-amazon.com/images/I/51fRRGgkdtL._SL220_.jpg,0.18487394957983194
https://d8mkdcmng3.imgix.net/9927/books-prisoners-of-the-sun-1.jpg?bg=0FFF&fit=fill&h=176&q=90&w=176&s=cc2434fea83e97d0f23d83321251c92a,http://ecx.images-amazon.com/images/I/51G6TEF90WL._SL220_.jpg,0.12290502793296089
https://d8mkdcmng3.imgix.net/e61f/books-graphic-novels-dinosaurs-and-dirigibles.jpg?h=176&q=90&w=176&s=72474f3d1976abd6775c888ba46af03b,http://ecx.images-amazon.com/images/I/41vKD-4xnjL._SL220_.jpg,0.12745098039215685
https://d8mkdcmng3.imgix.net/d5fd/books-graphic-novels-assignment-in-eternity.jpg?h=176&q=90&w=176&s=1dcc8493aaaeeccd47487b34b167ba95,http://ecx.images-amazon.com/images/I/51kMtCTpafL._SL220_.jpg,0.11538461538461539
https://d8mkdcmng3.imgix.net/b4f0/books-batman-his-greatest-adventures.jpg?bg=0FFF&fit=fill&h=176&q=90&w=176&s=31c21c858dde1f6cb03d14b00c52f9de,http://ecx.images-amazon.com/images/I/61D9sCcMqKL._SL220_.jpg,0.09776536312849161
https://d8mkdcmng3.imgix.net/e3e6/oliver-coates-towards-the-blessed-islands-vinyl.jpg?bg=0FFF&fit=fill&h=176&q=90&w=176&s=1f0ae9c9f0067b413bff1e60b853b852,http://ecx.images-amazon.com/images/I/31yI4bTWoVL._SL220_.jpg,0.04411764705882353
https://d8mkdcmng3.imgix.net/bfae/zbigniew-preisner-lisa-gerrard-diaries-of-hope-vinyl.jpg?bg=0FFF&fit=fill&h=176&q=90&w=176&s=aa2c48eb410358ec549e3ab0b5474fea,http://ecx.images-amazon.com/images/I/513CinvxYnL._SL220_.jpg,0.05352112676056338
https://d8mkdcmng3.imgix.net/d942/walter-fahndrich-viola-vinyl.jpg?bg=0FFF&fit=fill&h=176&q=90&w=176&s=f675e69817c17532576dc4b01da541f1,http://ecx.images-amazon.com/images/I/41QJGHkjbtL._SL220_.jpg,0.1032258064516129
https://d8mkdcmng3.imgix.net/4d76/london-symphony-orchestra-sir-charles-mackerras-tchaikovsky-nutcracker-complete-ballet-score-vinyl.jpg?bg=0FFF&fit=fill&h=176&q=90&w=176&s=8abf18fd98e7f0b1a6fd468caaf1328a,http://ecx.images-amazon.com/images/I/61H5QIHNGHL._SL220_.jpg,0.21428571428571427
https://d8mkdcmng3.imgix.net/0c09/books-graphic-novels-a-few-good-men-1-xl-.jpg?h=176&q=90&w=176&s=30419c36fc011bc4b2ec14f442438348,http://ecx.images-amazon.com/images/I/51NIRnKqa%2BL._SL220_.jpg,0.15211267605633802
https://d8mkdcmng3.imgix.net/2d8b/books-romeo-and-juliet-original-text.jpg?bg=0FFF&fit=fill&h=176&q=90&w=176&s=c7fc4bb9fb33a832da4a91aafd90e148,http://ecx.images-amazon.com/images/I/51vFeMIZ5uL._SL220_.jpg,0.09510086455331412
https://d8mkdcmng3.imgix.net/48ba/books-graphic-novels-citizens.jpg?h=176&q=90&w=176&s=df9a2ec8173283aded3e7c950b6cef1b,http://ecx.images-amazon.com/images/I/51osMi8bzZL._SL220_.jpg,0.028688524590163935
https://d8mkdcmng3.imgix.net/85dc/books-christmas-stories-2.jpg?bg=0FFF&fit=fill&h=176&q=90&w=176&s=88a824cb6ba4e0719b32a39ee3b022e0,http://ecx.images-amazon.com/images/I/51lzbb0ovWL._SL220_.jpg,0.010498687664041995
https://d8mkdcmng3.imgix.net/6e18/books-graphic-novels-assignment-in-eternity-1.jpg?h=176&q=90&w=176&s=21e43a764565d691112fcc59f49a9dbf,http://ecx.images-amazon.com/images/I/41TF9368XDL._SL220_.jpg,0.0
https://d8mkdcmng3.imgix.net/3e30/abdullah-ibrahim-african-piano-vinyl.jpg?bg=0FFF&fit=fill&h=176&q=90&w=176&s=aa0cbec3a06a32a6289876f76479fffb,http://ecx.images-amazon.com/images/I/51ycIKTbHbL._SL220_.jpg,0.1780821917808219
https://d8mkdcmng3.imgix.net/6d94/yann-tiersen-cascade-street-vinyl.jpg?bg=0FFF&fit=fill&h=176&q=90&w=176&s=f39d550fa63c5b024ae7e22c791adcf5,http://ecx.images-amazon.com/images/I/51RoLz9EI8L._SL220_.jpg,0.26595744680851063
https://d8mkdcmng3.imgix.net/3ccf/books-graphic-novels-a-rising-thunder.jpg?h=176&q=90&w=176&s=0d9d41b3294305f6a6695e8ab6401ae9,http://ecx.images-amazon.com/images/I/51rwzzYdVpL._SL220_.jpg,0.12082262210796915
https://d8mkdcmng3.imgix.net/d5db/books-nonfiction-reveries-of-the-solitary-walker.jpg?bg=0FFF&fit=fill&h=176&q=90&w=176&s=1f5e738fc3158bce7168444998c0217a,http://ecx.images-amazon.com/images/I/41xgnsM9lVL._SL220_.jpg,0.012048192771084338
https://d8mkdcmng3.imgix.net/3c2f/books-alices-adventures-in-wonderland-1.jpg?bg=0FFF&fit=fill&h=176&q=90&w=176&s=3e08b253661aa6cbca371d9f0b104ff0,http://ecx.images-amazon.com/images/I/51KSl5ovIxL._SL220_.jpg,0.0030120481927710845
https://d8mkdcmng3.imgix.net/6b79/colorado-symphony-jose-luis-gomez-bela-fleck-juno-concerto-vinyl.jpg?bg=0FFF&fit=fill&h=176&q=90&w=176&s=3fe55690f66d90cc06ca8698b274af63,http://ecx.images-amazon.com/images/I/61XY3rTfokL._SL220_.jpg,0.1070559610705596
https://d8mkdcmng3.imgix.net/cbfd/nik-brtschs-ronin-llyria-vinyl.jpg?bg=0FFF&fit=fill&h=176&q=90&w=176&s=0ecfdbc293e260054ef172532f9b5dc2,http://ecx.images-amazon.com/images/I/41gC5YAG-GL._SL220_.jpg,0.2542372881355932
https://d8mkdcmng3.imgix.net/208a/herva-kila-vinyl.jpg?bg=0FFF&fit=fill&h=176&q=90&w=176&s=53d0035219b8d994f37223cd13a9abef,http://ecx.images-amazon.com/images/I/41XwcvQ3c9L._SL220_.jpg,0.008356545961002786
https://d8mkdcmng3.imgix.net/315d/seb-wildblood-foreign-parts-vinyl.jpg?bg=0FFF&fit=fill&h=176&q=90&w=176&s=62ab72043bf3f1497c6a0346a288efa3,http://ecx.images-amazon.com/images/I/41AtBxywHPL._SL220_.jpg,0.09473684210526316
https://d8mkdcmng3.imgix.net/dab8/books-graphic-novels-carousel-tides-1.jpg?h=176&q=90&w=176&s=a5ceae99ffa9085d67b6fa02a514b2e4,http://ecx.images-amazon.com/images/I/51n-Sya1TNL._SL220_.jpg,0.20679886685552407
https://d8mkdcmng3.imgix.net/9d85/books-graphic-novels-1635-papal-stakes.jpg?h=176&q=90&w=176&s=48a438b093eda2539adbd3f81dc71875,http://ecx.images-amazon.com/images/I/51R2UPUYuTL._SL220_.jpg,0.002824858757062147
https://d8mkdcmng3.imgix.net/2614/books-julius-caesar-2.jpg?bg=0FFF&fit=fill&h=176&q=90&w=176&s=c26a2080df43750c57131283acb87cc6,http://ecx.images-amazon.com/images/I/41V32oCiZRL._SL220_.jpg,0.013986013986013986
https://d8mkdcmng3.imgix.net/07bf/books-frankenstein-quick-text.jpg?bg=0FFF&fit=fill&h=176&q=90&w=176&s=c2125465aa28c256cd3eac5a84c58162,http://ecx.images-amazon.com/images/I/41tE%2BuQrdmL._SL220_.jpg,0.20537897310513448
https://d8mkdcmng3.imgix.net/d5e5/545225.jpg?bg=0FFF&fit=fill&h=176&q=90&w=176&s=8357adae70e7a34b60de304ed27e324e,http://ecx.images-amazon.com/images/I/51jiqYoFjgL._SL220_.jpg,0.193717277486911
https://d8mkdcmng3.imgix.net/900c/shamir-ratchet-vinyl.jpg?bg=0FFF&fit=fill&h=176&q=90&w=176&s=bd6874a66881a383baa0c164ca59235e,http://ecx.images-amazon.com/images/I/614fLFKUDvL._SL220_.jpg,0.08505747126436781
https://d8mkdcmng3.imgix.net/2085/submerged-vs-bill-laswell-after-such-knowledge-what-forgiveness-vinyl.jpg?bg=0FFF&fit=fill&h=176&q=90&w=176&s=1278d7d62bb5fcca963082065b7dcfe6,http://ecx.images-amazon.com/images/I/51EQfjxA-rL._SL220_.jpg,0.17401960784313725
https://d8mkdcmng3.imgix.net/97dd/tim-hecker-daniel-lopatin-instrumental-tourist-vinyl.jpg?bg=0FFF&fit=fill&h=176&q=90&w=176&s=eac3c836661c72932d4f1826bbd9ae54,http://ecx.images-amazon.com/images/I/41PyyyIFuvL._SL220_.jpg,0.15384615384615385
https://d8mkdcmng3.imgix.net/d23a/sbtrkt-transitions-iii-12-vinyl.jpg?bg=0FFF&fit=fill&h=176&q=90&w=176&s=3a705ce5e6fa2eaeda17b9b2e00afb75,http://ecx.images-amazon.com/images/I/41FCNoMgtlL._SL220_.jpg,0.0
https://d8mkdcmng3.imgix.net/60d1/nouvelle-vague-nouvelle-vague-vinyl.jpg?bg=0FFF&fit=fill&h=176&q=90&w=176&s=df925cfab1456f04afa3ada8625eeef6,http://ecx.images-amazon.com/images/I/51Mj5XnuYZL._SL220_.jpg,0.06666666666666667
https://d8mkdcmng3.imgix.net/e348/croquet-club-love-exposure-vinyl.jpg?bg=0FFF&fit=fill&h=176&q=90&w=176&s=aafd78ad9e1004a75d1dcad22bb860eb,http://ecx.images-amazon.com/images/I/51wvqbChZSL._SL220_.jpg,0.2063953488372093
https://d8mkdcmng3.imgix.net/12d4/dj-marfox-chapa-quente-vinyl.jpg?bg=0FFF&fit=fill&h=176&q=90&w=176&s=5ed9bde5da909ba606f78b9f1d964c58,http://ecx.images-amazon.com/images/I/41U1rz-IGeL._SL220_.jpg,0.2023529411764706
https://d8mkdcmng3.imgix.net/5b46/chapelier-fou-invisible-vinyl.jpg?bg=0FFF&fit=fill&h=176&q=90&w=176&s=b6489786790f79147d6e30e870a1e49c,http://ecx.images-amazon.com/images/I/4102r6L31zL._SL220_.jpg,0.16455696202531644
https://d8mkdcmng3.imgix.net/141a/niagara-hyperocean-vinyl.jpg?bg=0FFF&fit=fill&h=176&q=90&w=176&s=551899ce59eb2a98cc96d33eb6ae6756,http://ecx.images-amazon.com/images/I/51M3BuLDmgL._SL220_.jpg,0.16995073891625614
https://d8mkdcmng3.imgix.net/f81b/defce-surface-tension-vinyl.jpg?bg=0FFF&fit=fill&h=176&q=90&w=176&s=498e4fd61ad57d8f20e0258854441043,http://ecx.images-amazon.com/images/I/31-RvVQJnkL._SL220_.jpg,0.2788844621513944
https://d8mkdcmng3.imgix.net/ae36/various-artists-glitterbeat-dubs-and-versions-1-vinyl.jpg?bg=0FFF&fit=fill&h=176&q=90&w=176&s=8d34945e56684dfe4d51b19a8238e5ec,http://ecx.images-amazon.com/images/I/61uJ3qaxjQL._SL220_.jpg,0.19012345679012346
https://d8mkdcmng3.imgix.net/efe0/skip-die-riots-in-the-jungle-limited-edition-vinyl-vinyl.jpg?bg=0FFF&fit=fill&h=176&q=90&w=176&s=508b5b45e78283be0fd0d0f455b5a275,http://ecx.images-amazon.com/images/I/610gumMKxCL._SL220_.jpg,0.17798594847775176
https://d8mkdcmng3.imgix.net/8c18/blancmange-semi-detached-vinyl.jpg?bg=0FFF&fit=fill&h=176&q=90&w=176&s=6b5de632c37c6ce50e87ac707bba8a04,http://ecx.images-amazon.com/images/I/51wHnxTw3GL._SL220_.jpg,0.07109004739336493
https://d8mkdcmng3.imgix.net/c227/the-pop-group-cabinet-of-curiosities-vinyl.jpg?bg=0FFF&fit=fill&h=176&q=90&w=176&s=4eb9decbedce7f98bb0a74737c5d27b1,http://ecx.images-amazon.com/images/I/61ztJH3qJyL._SL220_.jpg,0.1726457399103139
https://d8mkdcmng3.imgix.net/ab7b/james-ferraro-nyc-hell-3-00-am-vinyl.jpg?bg=0FFF&fit=fill&h=176&q=90&w=176&s=d76f7328ff4dfb473e5be34aed9e3384,http://ecx.images-amazon.com/images/I/41Z9lwdsU7L._SL220_.jpg,0.1745635910224439
https://d8mkdcmng3.imgix.net/b6e9/co-la-no-no-vinyl.jpg?bg=0FFF&fit=fill&h=176&q=90&w=176&s=8fe2b7e0a9699c9ee5bb623a49342781,http://ecx.images-amazon.com/images/I/41OO8yz0vSL._SL220_.jpg,0.0
https://d8mkdcmng3.imgix.net/236f/flux-pavillion-tesla-vinyl.jpg?bg=0FFF&fit=fill&h=176&q=90&w=176&s=a67dfb6a9025018e00f2c96702a1b4b5,http://ecx.images-amazon.com/images/I/411sb9l1MgL._SL220_.jpg,0.17359413202933985
https://d8mkdcmng3.imgix.net/5571/junk-son-beginning-ending-pretending-vinyl.jpg?bg=0FFF&fit=fill&h=176&q=90&w=176&s=4937eebab922009b0c2346284e7c442c,http://ecx.images-amazon.com/images/I/51eJV-blhRL._SL220_.jpg,0.16164383561643836
https://d8mkdcmng3.imgix.net/b133/545228.jpg?bg=0FFF&fit=fill&h=176&q=90&w=176&s=177bf4020ef53ef01c1b0f883eb40f44,http://ecx.images-amazon.com/images/I/51hBLboZBvL._SL220_.jpg,0.14182692307692307
https://d8mkdcmng3.imgix.net/5c81/unkle-the-answer-vinyl.jpg?bg=0FFF&fit=fill&h=176&q=90&w=176&s=3b805381f0d2e5c4f1f553bfbb38c986,http://ecx.images-amazon.com/images/I/41do7qTFgbL._SL220_.jpg,0.23557692307692307
https://d8mkdcmng3.imgix.net/4176/board-games-classic-cluedo-sherlock-edition.png?bg=0FFF&fit=fill&h=176&q=90&w=176&s=1dfe435a110c23ae1eee18eadb85ecf7,http://ecx.images-amazon.com/images/I/515bdXvprPL._SL220_.jpg,0.20050125313283207
https://d8mkdcmng3.imgix.net/e642/toys-and-games-board-games-classic-battleship-2013-edition.jpg?h=176&q=90&w=176&s=800a3b598b65cf29ea13d7e7f8837ea4,http://ecx.images-amazon.com/images/I/51ET46Ld0YL._SL220_.jpg,0.007614213197969543
https://d8mkdcmng3.imgix.net/de4c/board-games-classic-kalaha-wood.jpg?bg=0FFF&fit=fill&h=176&q=90&w=176&s=c8c7f0e9a5546fcc3110c77d2e8dc7d2,http://ecx.images-amazon.com/images/I/41Bv-yyG%2BbL._SL220_.jpg,0.03793103448275862
https://d8mkdcmng3.imgix.net/76c1/board-games-classic-the-elder-scrolls-v-skyrim-monopoly.png?bg=0FFF&fit=fill&h=176&q=90&w=176&s=7cec8f0540ed96a39df8394bd5906430,http://ecx.images-amazon.com/images/I/51BgZhVP2JL._SL220_.jpg,0.02650602409638554
https://d8mkdcmng3.imgix.net/b778/board-games-classic-cluedo-junior.jpg?h=176&q=90&w=176&s=dc706623f13880673a304f7c08cd54fa,http://ecx.images-amazon.com/images/I/61hqMPLXCCL._SL220_.jpg,0.002347417840375587
https://d8mkdcmng3.imgix.net/ebd6/board-games-classic-monopoly-the-walking-dead-comic-survival-edition-board.jpg?h=176&q=90&w=176&s=412dd647be6acae18b39bcf6e9374e44,http://ecx.images-amazon.com/images/I/51BcAxzwbcL._SL220_.jpg,0.0779816513761468
https://d8mkdcmng3.imgix.net/7595/board-games-classic-monopoly-nightmare-before-christmas.jpg?h=176&q=90&w=176&s=80a5735065e58d672ae62ffef095cc2b,http://ecx.images-amazon.com/images/I/61tevNK5tmL._SL220_.jpg,0.009732360097323601
https://www.365games.co.uk/images/no-image-l.png,http://ecx.images-amazon.com/images/I/51BK8%2BNTdJL._SL220_.jpg,None
https://d8mkdcmng3.imgix.net/0099/pc-and-video-games-games-ps4-middle-earth-shadow-of-war-preorder-forge-your-army-dlc-1.jpg?h=176&q=90&w=176&s=d494a70aa433c6de69dd4ebaa979bad2,http://ecx.images-amazon.com/images/I/51onKts2rlL._SL220_.jpg,0.10687022900763359
https://d8mkdcmng3.imgix.net/4da1/pc-and-video-games-games-ps4-resident-evil-7-biohazard-gold-edition-psvr-compatible.jpg?bg=0FFF&fit=fill&h=176&q=90&w=176&s=a7dd56233d295693c2276d952d749f3d,http://ecx.images-amazon.com/images/I/510lzhW4cTL._SL220_.jpg,0.09782608695652174
https://d8mkdcmng3.imgix.net/3694/pc-and-video-games-games-ps4-the-witcher-3-wild-hunt-5.jpg?bg=0FFF&fit=fill&h=176&q=90&w=176&s=4b53b44752a7079bc0c79e31294d3457,http://ecx.images-amazon.com/images/I/51go4aTB6-L._SL220_.jpg,0.06459948320413436
https://d8mkdcmng3.imgix.net/a32e/pc-and-video-games-games-ps4-minecraft-raw-.jpg?bg=0FFF&fit=fill&h=126&q=80&w=126&s=2e1ff9c3a0885cd62ee0440a0e6b4252,http://ecx.images-amazon.com/images/I/51jkLnGphzL._SL220_.jpg,0.08215962441314555
https://d8mkdcmng3.imgix.net/f41c/pc-and-video-games-games-ps4-farming-simulator-19.png?bg=0FFF&fit=fill&h=176&q=90&w=176&s=63462392ec2e12704456a79110a21ba6,http://ecx.images-amazon.com/images/I/61Yf4-tSZWL._SL220_.jpg,0.0
http://img.365games.co.uk/pc_and_video_games/games/ps4/alien_isolation_2_l.jpg,http://ecx.images-amazon.com/images/I/51E5CHjk%2BLL._SL220_.jpg,0.07865168539325842
https://d8mkdcmng3.imgix.net/609a/445074.png?bg=0FFF&fit=fill&h=176&q=90&w=176&s=58bb23f97f68d8e696e6129048b3a566,http://ecx.images-amazon.com/images/I/51K0K2XFMBL._SL220_.jpg,0.0275
https://d8mkdcmng3.imgix.net/4ce2/pc-and-video-games-games-ps4-tekken-7.jpg?bg=0FFF&fit=fill&h=176&q=90&w=176&s=f366b4eec906add41858d12154330310,http://ecx.images-amazon.com/images/I/51AnIKTMRPL._SL220_.jpg,0.14358974358974358
https://d8mkdcmng3.imgix.net/ba22/pc-and-video-games-games-ps4-super-street-the.png?bg=0FFF&fit=fill&h=176&q=90&w=176&s=396afd318e1f0d22fabc764d720217a2,http://ecx.images-amazon.com/images/I/51br8PfacCL._SL220_.jpg,0.1989389920424403
https://d8mkdcmng3.imgix.net/0ad8/pc-and-video-games-games-ps4-street-fighter-v-1.jpg?bg=0FFF&fit=fill&h=176&q=90&w=176&s=d231145cd4238994765dd46d10fc1960,http://ecx.images-amazon.com/images/I/51wdmaHN9eL._SL220_.jpg,0.06666666666666667
https://d8mkdcmng3.imgix.net/e851/toys-and-games-board-games-snakes-and-ladders-ludo-retro-s.jpg?bg=0FFF&fit=fill&h=176&q=90&w=176&s=6c674b4a18e818367aa87dc3a3bb2c2a,http://ecx.images-amazon.com/images/I/31m6yFawkjL._SL220_.jpg,0.014084507042253521
https://d8mkdcmng3.imgix.net/e313/board-games-classic-exdisplay-pokemon-monopoly-kanto-edition.jpg?h=176&q=90&w=176&s=3b07c2ff554558cb03a091297e65c876,http://ecx.images-amazon.com/images/I/619Mit8QDuL._SL220_.jpg,0.004750593824228029
https://d8mkdcmng3.imgix.net/f43e/pc-and-video-games-games-ps4-rise-of-the-tomb-raider-20-year-celebration.jpg?h=176&q=90&w=176&s=c029b0cce47037641d3ff0cbb466b532,http://ecx.images-amazon.com/images/I/619Jklg96vL._SL220_.jpg,0.0712401055408971
https://d8mkdcmng3.imgix.net/3dcf/pc-and-video-games-games-ps4-ufc-3-inc-bonus-dlc.jpg?h=176&q=90&w=176&s=c92ccd788a2231931b53cdeeb0613edf,http://ecx.images-amazon.com/images/I/51oKsskrWTL._SL220_.jpg,0.0
https://d8mkdcmng3.imgix.net/d101/pc-and-video-games-games-ps4-kingdom-hearts-hd-28-final-chapter-prologue-3.jpg?h=176&q=90&w=176&s=9bc5041ab332b1934099ae462b582dbc,http://ecx.images-amazon.com/images/I/6115IsFIYmL._SL220_.jpg,0.19559902200489
https://d8mkdcmng3.imgix.net/b682/pc-and-video-games-games-ps4-monster-energy-supercross-2.jpg?bg=0FFF&fit=fill&h=176&q=90&w=176&s=4e374f120ff570fe815547a3254a0e5a,http://ecx.images-amazon.com/images/I/61fv5yn2jlL._SL220_.jpg,0.0024875621890547263
https://d8mkdcmng3.imgix.net/2868/pc-and-video-games-games-ps4-destiny-2-3.jpg?h=176&q=90&w=176&s=8de716d025348439c7f922a1810152da,http://ecx.images-amazon.com/images/I/516idgoIKTL._SL220_.jpg,0.0
https://d8mkdcmng3.imgix.net/eeea/board-games-classic-monopoly-despicable-me-2-1.jpg?h=176&q=90&w=176&s=eb9a8eff094b4ff494584df3a2464a49,http://ecx.images-amazon.com/images/I/61NWikd--DL._SL220_.jpg,0.06993006993006994
https://d8mkdcmng3.imgix.net/5dc1/pc-and-video-games-games-ps4-call-of-duty-infinite-warfare-legacy-pro-edition.jpg?h=176&q=90&w=176&s=554d546d8fab95a47b2729a45fc7931c,http://ecx.images-amazon.com/images/I/516eI7USagL._SL220_.jpg,0.011764705882352941
https://d8mkdcmng3.imgix.net/da73/pc-and-video-games-games-ps4-the-princess-guide.png?bg=0FFF&fit=fill&h=176&q=90&w=176&s=879b9bc73bf70d2cdea11b4e06c95e8b,http://ecx.images-amazon.com/images/I/51zPgeY24dL._SL220_.jpg,0.20493827160493827
https://d8mkdcmng3.imgix.net/1e42/pc-and-video-games-games-ps4-little-dragons-cafe.jpg?bg=0FFF&fit=fill&h=176&q=90&w=176&s=79f17df4fb0ddb76fed40a8583c24281,http://ecx.images-amazon.com/images/I/41yrOM4hKQL._SL220_.jpg,0.0024271844660194173
https://d8mkdcmng3.imgix.net/cfcb/pc-and-video-games-games-ps4-steins-gate-elite.jpg?bg=0FFF&fit=fill&h=176&q=90&w=176&s=c26aff4b1482138aba2c86ae72deea0c,49.99,None
https://d8mkdcmng3.imgix.net/73fd/pc-and-video-games-games-ps4-cars-3-driven-to-win.jpg?bg=0FFF&fit=fill&h=176&q=90&w=176&s=f9396ec055d21b118fbefec949bffb97,http://ecx.images-amazon.com/images/I/61Jg2l5EqUL._SL220_.jpg,0.061696658097686374
https://d8mkdcmng3.imgix.net/c122/pc-and-video-games-games-ps4-uppers.png?bg=0FFF&fit=fill&h=176&q=90&w=176&s=9661716a0e421badebfae371a1e71c1f,http://ecx.images-amazon.com/images/I/61l1%2BwvytoL._SL220_.jpg,0.1556122448979592
https://d8mkdcmng3.imgix.net/e1ce/pc-and-video-games-games-ps4-agents-of-mayhem-day-one-edition.jpg?bg=0FFF&fit=fill&h=176&q=90&w=176&s=bd56e3888248403a129cc8b978025648,http://g-ecx.images-amazon.com/images/G/02/x-site/icons/no-img-sm._CB1275598734_.gif,None
http://img.365games.co.uk/pc_and_video_games/games/ps4/ea_sports_nhl_17_8_l.jpg,http://ecx.images-amazon.com/images/I/51Z1fDXZYLL._SL220_.jpg,0.008264462809917356
https://d8mkdcmng3.imgix.net/8310/pc-and-video-games-games-ps4-until-dawn-rush-of-blood-psvr-required-rawxl-.jpg?h=176&q=90&w=176&s=b13afe54347ab5933f5bf26d25da6272,http://ecx.images-amazon.com/images/I/51G5tWrocyL._SL220_.jpg,0.23821989528795812
https://d8mkdcmng3.imgix.net/490a/pc-and-video-games-games-ps4-team-sonic-racing.png?bg=0FFF&fit=fill&h=176&q=90&w=176&s=860fc66e2e6e494ea88918bc4ab4993f,http://ecx.images-amazon.com/images/I/61LHFt5LgFL._SL220_.jpg,0.1640625
https://d8mkdcmng3.imgix.net/f281/pc-and-video-games-games-ps4-yakuza-kiwami-steelbook-edition-8.jpg?bg=0FFF&fit=fill&h=176&q=90&w=176&s=e7c734e7af604f4709e014073c307ca9,http://ecx.images-amazon.com/images/I/61zX6OVJhpL._SL220_.jpg,0.13846153846153847
https://d8mkdcmng3.imgix.net/90eb/pc-and-video-games-games-ps4-persona-3-dancing-in-moonlight.jpg?bg=0FFF&fit=fill&h=176&q=90&w=176&s=2167601bd68e67c08d7fbecd477e234c,http://ecx.images-amazon.com/images/I/61gJtKW26ML._SL220_.jpg,0.17468354430379746
https://d8mkdcmng3.imgix.net/da03/pc-and-video-games-games-ps4-deus-ex-mankind-divided-day-one-edition.jpg?h=176&q=90&w=176&s=99468436c9608f8b865eeff3b78e3eb1,http://ecx.images-amazon.com/images/I/51ejrBFG23L._SL220_.jpg,0.0845771144278607
https://d8mkdcmng3.imgix.net/cdbf/pc-and-video-games-games-ps4-dying-light-enhanced-edition-raw-.jpg?h=176&q=90&w=176&s=915ea08585e65684240780e912987933,http://ecx.images-amazon.com/images/I/51st7mXLh8L._SL220_.jpg,0.09273182957393483
https://d8mkdcmng3.imgix.net/3021/pc-and-video-games-games-ps4-naruto-shippuden-ultimate-ninja-storm-4-road-to-boruto.jpg?h=176&q=90&w=176&s=fa03d82d0effc99b5f28c3bb75503afa,http://ecx.images-amazon.com/images/I/61mISbr04iL._SL220_.jpg,0.17164179104477612
https://d8mkdcmng3.imgix.net/c0bf/pc-and-video-games-games-ps4-dead-or-alive-6.png?bg=0FFF&fit=fill&h=176&q=90&w=176&s=704558ece35a4a5d7ed1622544acd2e0,http://ecx.images-amazon.com/images/I/41Uh6-1sBqL._SL220_.jpg,0.16804407713498623
http://img.365games.co.uk/pc_and_video_games/games/ps4/samurai_warriors_4_ii_l.jpg,http://ecx.images-amazon.com/images/I/51q7LNAgLiL._SL220_.jpg,0.1760204081632653
https://d8mkdcmng3.imgix.net/a892/pc-and-video-games-games-ps4-onrush-day-one-edition.jpg?bg=0FFF&fit=fill&h=176&q=90&w=176&s=30c5158c198b7b6ec9c2a804788242e1,http://ecx.images-amazon.com/images/I/51U3FcuctiL._SL220_.jpg,0.002336448598130841
https://d8mkdcmng3.imgix.net/6008/pc-and-video-games-games-ps4-persona-5-1.jpg?h=176&q=90&w=176&s=f66c1419b3b1dec47f25f6486a4c8ee6,http://ecx.images-amazon.com/images/I/41pv8t8NDxL._SL220_.jpg,0.010958904109589041
https://d8mkdcmng3.imgix.net/66bb/pc-and-video-games-games-ps4-doom-vfr-psvr-required.jpg?bg=0FFF&fit=fill&h=126&q=80&w=126&s=8b4d9fe9dd7e0d7d863ecb90a8d83744,http://ecx.images-amazon.com/images/I/61QAeVm41TL._SL220_.jpg,0.008
https://d8mkdcmng3.imgix.net/8a01/pc-and-video-games-games-ps4-beast-quest.jpg?h=176&q=90&w=176&s=2f239c9f8bda96b00e74875dd8085408,http://ecx.images-amazon.com/images/I/616bt4t6QUL._SL220_.jpg,0.1111111111111111
https://d8mkdcmng3.imgix.net/ea09/pc-and-video-games-games-ps4-mx-vs-atv-all-out.jpg?bg=0FFF&fit=fill&h=176&q=90&w=176&s=fb28695d3b22ca4da38a8549b338d956,http://ecx.images-amazon.com/images/I/51oKsskrWTL._SL220_.jpg,0.0
http://img.365games.co.uk/pc_and_video_games/games/ps4/odin_sphere_leifthrasir_l.jpg,http://ecx.images-amazon.com/images/I/61Go0fMtxTL._SL220_.jpg,0.16666666666666666
https://d8mkdcmng3.imgix.net/e31d/pc-and-video-games-games-ps4-playstation-vr-games-werewolves-within-ps4-psvr-required.jpg?h=176&q=90&w=176&s=e8a856ed4f63bebde647a0956bc6b02a,http://ecx.images-amazon.com/images/I/51lZKQAbq6L._SL220_.jpg,0.004889975550122249
http://img.365games.co.uk/pc_and_video_games/games/ps4/ether_one_l.jpg,http://ecx.images-amazon.com/images/I/41-ZJ8XzUoL._SL220_.jpg,0.140625
https://d8mkdcmng3.imgix.net/0862/pc-and-video-games-games-ps4-resident-evil-4-3.jpg?h=176&q=90&w=176&s=7ce6aff5f04dd7e9e3fbf5d9597fe734,http://ecx.images-amazon.com/images/I/51krZhYoyIL._SL220_.jpg,0.002564102564102564
https://d8mkdcmng3.imgix.net/b83b/pc-and-video-games-games-ps4-max-the-curse-of-the-brotherhood.jpg?h=176&q=90&w=176&s=a8cef60a04ddc287ed07e1a2052c3786,http://ecx.images-amazon.com/images/I/51%2Bwf%2BBbQML._SL220_.jpg,0.18157894736842106
https://d8mkdcmng3.imgix.net/3ae7/pc-and-video-games-games-ps4-warhammer-40000-adeptus-titanicus-dominus.jpg?bg=0FFF&fit=fill&h=176&q=90&w=176&s=5911ae85481234c94c095b50936ff884,http://ecx.images-amazon.com/images/I/51dfmP%2Bi-6L._SL220_.jpg,0.1784776902887139
https://d8mkdcmng3.imgix.net/7f7b/pc-and-video-games-games-ps4-micro-machines-world-series.jpg?bg=0FFF&fit=fill&h=176&q=90&w=176&s=22fcdb8589189828565fa8b7eee1a49f,http://ecx.images-amazon.com/images/I/61d32D9qVqL._SL220_.jpg,0.10776942355889724
https://d8mkdcmng3.imgix.net/d1c3/pc-and-video-games-games-ps4-until-dawn.jpg?h=176&q=90&w=176&s=c5da51bfa98e6dc1ad71f3658acc2a40,http://ecx.images-amazon.com/images/I/51VR3WlgVAL._SL220_.jpg,0.17571059431524547
https://d8mkdcmng3.imgix.net/bf4c/pc-and-video-games-games-ps4-killing-floor-2-1.jpg?bg=0FFF&fit=fill&h=126&q=80&w=126&s=a67c861f862c9e78fc8b901329e6c4b9,http://ecx.images-amazon.com/images/I/51JN6Xe7EML._SL220_.jpg,0.12280701754385964
https://d8mkdcmng3.imgix.net/2eba/pc-and-video-games-games-ps4-metal-max-xeno.png?bg=0FFF&fit=fill&h=176&q=90&w=176&s=dfe42b86bea66b608c5246865520b51b,http://ecx.images-amazon.com/images/I/615tbS7s29L._SL220_.jpg,0.07329842931937172
https://d8mkdcmng3.imgix.net/3f59/pc-and-video-games-games-ps4-rpg-maker-mv.png?bg=0FFF&fit=fill&h=176&q=90&w=176&s=0182dac1fb81dfcbe1e73ff07e057092,http://ecx.images-amazon.com/images/I/51NqluGaJ9L._SL220_.jpg,0.17892156862745098
https://d8mkdcmng3.imgix.net/0126/pc-and-video-games-games-ps4-the-girl-and-the-robot-deluxe-edition.jpg?h=176&q=90&w=176&s=730322f72808c7fab0cad448a41e324f,http://ecx.images-amazon.com/images/I/61sCfflZkIL._SL220_.jpg,0.09358288770053476
https://d8mkdcmng3.imgix.net/3c7d/pc-and-video-games-games-ps4-call-of-duty-advanced-warfare-7.jpg?h=176&q=90&w=176&s=0da633edf05471bf9a7948c0c87142f3,http://ecx.images-amazon.com/images/I/51PuAkHPcZL._SL220_.jpg,0.19592875318066158
https://d8mkdcmng3.imgix.net/550e/pc-and-video-games-games-ps4-gal-gun-2.jpg?bg=0FFF&fit=fill&h=176&q=90&w=176&s=daf41bcb01515be38ed8938862734dae,http://ecx.images-amazon.com/images/I/51oKsskrWTL._SL220_.jpg,0.0
http://img.365games.co.uk/pc_and_video_games/games/ps4/omega_quintet_5_l.jpg,http://ecx.images-amazon.com/images/I/61ZkKjzmTML._SL220_.jpg,0.0845771144278607
https://d8mkdcmng3.imgix.net/6775/pc-and-video-games-games-ps4-mad-max-3-raw-.jpg?h=176&q=90&w=176&s=3339efe91235e7c1581c50742a4b429a,http://ecx.images-amazon.com/images/I/51-GhwCNa8L._SL220_.jpg,0.25806451612903225
https://d8mkdcmng3.imgix.net/60a4/pc-and-video-games-games-ps4-zone-enders-the-2nd-runner-mars-psvr-compatible.jpg?bg=0FFF&fit=fill&h=176&q=90&w=176&s=f5dab3a35fb50956e68abebcf32ff7ed,http://ecx.images-amazon.com/images/I/51Q4D3MQB3L._SL220_.jpg,0.005390835579514825
https://d8mkdcmng3.imgix.net/1123/pc-and-video-games-games-ps4-resident-evil-6-2.jpg?h=176&q=90&w=176&s=52ab682405cfeb7a52e3cc577e505f76,http://ecx.images-amazon.com/images/I/51krZhYoyIL._SL220_.jpg,0.22564102564102564
https://d8mkdcmng3.imgix.net/0a34/pc-and-video-games-games-ps4-ghost-recon-wildlands-year-2-gold-edition.jpg?bg=0FFF&fit=fill&h=176&q=90&w=176&s=e48df47a5c2973e227e4905e34cfb91d,http://ecx.images-amazon.com/images/I/51I5VOJqhCL._SL220_.jpg,0.007731958762886598
https://dem72dx9uyrn1.cloudfront.net/vINjoduM_S1YyjAmDV8lha74kgw=/176x176/filters:quality(90)/9444/383151/pc-and-video-games-games-ps4-pillars-of-eternity-complete-edition-rawl.jpg,http://ecx.images-amazon.com/images/I/61YdCgHdmiL._SL220_.jpg,0.06084656084656084
https://d8mkdcmng3.imgix.net/1e32/pc-and-video-games-games-ps4-tales-of-zestiria-1.jpg?h=176&q=90&w=176&s=9f55b923daa67aa6435ba3d144b167ed,http://ecx.images-amazon.com/images/I/61CigISQ-ML._SL220_.jpg,0.05896805896805897
http://img.365games.co.uk/pc_and_video_games/games/ps4/world_of_final_fantasy_day_one_edition_2_l.jpg,http://ecx.images-amazon.com/images/I/61qNQmoQSkL._SL220_.jpg,0.15012106537530268
https://d8mkdcmng3.imgix.net/04d7/pc-and-video-games-games-ps4-cyberdimension-neptunia-4-goddesses-online-2.jpg?bg=0FFF&fit=fill&h=176&q=90&w=176&s=86bedb8a552ee58ab573b9b33f3b2883,http://ecx.images-amazon.com/images/I/61Wsdfgr6qL._SL220_.jpg,0.17369727047146402
https://d8mkdcmng3.imgix.net/5a6f/pc-and-video-games-games-ps4-legendary-fishing.jpg?bg=0FFF&fit=fill&h=176&q=90&w=176&s=4a516b77adfcf0024226884fcd98eb3c,http://ecx.images-amazon.com/images/I/51c19OfFYTL._SL220_.jpg,0.0
https://d8mkdcmng3.imgix.net/5e31/pc-and-video-games-games-ps4-axiom-verge.jpg?bg=0FFF&fit=fill&h=126&q=80&w=126&s=258e2ff392c9fc659dab4b5178be828e,http://ecx.images-amazon.com/images/I/41xdTf27--L._SL220_.jpg,0.0
https://d8mkdcmng3.imgix.net/ed71/pc-and-video-games-games-ps4-hackgu-last-recode.jpg?h=176&q=90&w=176&s=b434f44a21efbf2ca7bfe0d38f7b8cfe,http://ecx.images-amazon.com/images/I/619YMKW80kL._SL220_.jpg,0.13513513513513514
https://www.365games.co.uk/images/no-image-l.png,http://ecx.images-amazon.com/images/I/51rFIEXCYBL._SL220_.jpg,None
https://d8mkdcmng3.imgix.net/fcdf/pc-and-video-games-games-ps4-immortal-unchained-steelbook-and-bonus-dlc.png?bg=0FFF&fit=fill&h=176&q=90&w=176&s=7ad357c63372d3cdecb9459fcaf322c1,http://ecx.images-amazon.com/images/I/51aarN-om7L._SL220_.jpg,0.07799442896935933
https://d8mkdcmng3.imgix.net/8133/pc-and-video-games-games-ps4-thats-you.jpg?h=176&q=90&w=176&s=3953ca1439bb7ca7b6ae071750a7d02d,http://ecx.images-amazon.com/images/I/51omdNXi7RL._SL220_.jpg,0.009925558312655087
https://d8mkdcmng3.imgix.net/d984/pc-and-video-games-games-ps4-superhot-vr-psvr-required.jpg?bg=0FFF&fit=fill&h=176&q=90&w=176&s=eda366ec32e6d6148aa1216bc943a56f,http://ecx.images-amazon.com/images/I/51nDDnR5%2BhL._SL220_.jpg,0.21772151898734177
https://d8mkdcmng3.imgix.net/d01b/pc-and-video-games-games-ps4-firewall-zero-hour-with-playstation-vr-aim-controller-psvr-required.png?bg=0FFF&fit=fill&h=176&q=90&w=176&s=66df5e85ee28b51375a027ca9d51aa46,http://ecx.images-amazon.com/images/I/51%2B1DfUwYiL._SL220_.jpg,0.12903225806451613
https://d8mkdcmng3.imgix.net/24a2/pc-and-video-games-games-ps4-knowledge-is-power-decades-playlink.png?bg=0FFF&fit=fill&h=176&q=90&w=176&s=5bece4303e5872c1bc8164de24bc8236,http://ecx.images-amazon.com/images/I/51kA4WX7keL._SL220_.jpg,0.15267175572519084
https://d8mkdcmng3.imgix.net/214e/pc-and-video-games-games-ps4-sniper-ghost-warrior-3-limited-edition.jpg?h=176&q=90&w=176&s=a2026ff230f6d79460392db493819fe1,http://ecx.images-amazon.com/images/I/61bK417lsrL._SL220_.jpg,0.22418136020151133
https://d8mkdcmng3.imgix.net/28d1/pc-and-video-games-games-ps4-wrc-7-the-official.jpg?bg=0FFF&fit=fill&h=176&q=90&w=176&s=c0c5164b37aa853a68646f987543bcf9,http://ecx.images-amazon.com/images/I/51-RNj7ynQL._SL220_.jpg,0.21388888888888888
https://d8mkdcmng3.imgix.net/b073/pc-and-video-games-games-ps4-soul-calibur-vi.jpg?bg=0FFF&fit=fill&h=176&q=90&w=176&s=7a06bccb6123c39a9f03776147c8c153,http://ecx.images-amazon.com/images/I/41jo3Mgf2VL._SL220_.jpg,0.007832898172323759
https://d8mkdcmng3.imgix.net/15bf/pc-and-video-games-games-ps4-zero-time-dilemma.jpg?bg=0FFF&fit=fill&h=126&q=80&w=126&s=7332a01a46929380b8bfb64fe90e51a0,http://ecx.images-amazon.com/images/I/51g3TBChQwL._SL220_.jpg,0.10298102981029811
https://d8mkdcmng3.imgix.net/5c3c/pc-and-video-games-games-ps4-batman-the-telltale-series-the-enemy-within.jpg?h=176&q=90&w=176&s=1799ccfdef64015e7edddd3e7877eac0,http://ecx.images-amazon.com/images/I/51tvw3ziTnL._SL220_.jpg,0.09382716049382717
https://d8mkdcmng3.imgix.net/b283/pc-and-video-games-games-ps4-injustice-2-legendary-day-one-edition.png?bg=0FFF&fit=fill&h=176&q=90&w=176&s=22a3e9f0d3101ffbf903e144c1f5de05,http://ecx.images-amazon.com/images/I/513ubrAHJhL._SL220_.jpg,0.005649717514124294
https://d8mkdcmng3.imgix.net/80f7/pc-and-video-games-games-ps4-the-nonary-games.jpg?h=176&q=90&w=176&s=f55206fd945117fcbe8cde6454e3e0e5,http://ecx.images-amazon.com/images/I/61FF3XxFwCL._SL220_.jpg,0.13
https://d8mkdcmng3.imgix.net/6be6/pc-and-video-games-games-ps4-final-fantasy-xv-royal-edition-2.jpg?bg=0FFF&fit=fill&h=176&q=90&w=176&s=dfe1283ab340fc326f8ef6a3df52d163,http://ecx.images-amazon.com/images/I/51JOddYN-9L._SL220_.jpg,0.19746835443037974
https://d8mkdcmng3.imgix.net/efdd/pc-and-video-games-games-ps4-wolfenstein-the-new-orderthe-old-blood-double-pack.jpg?bg=0FFF&fit=fill&h=176&q=90&w=176&s=22b5d19a0f2a07ef9e96e7c25e92310f,http://ecx.images-amazon.com/images/I/518UVurdUXL._SL220_.jpg,0.13903743315508021
https://d8mkdcmng3.imgix.net/7d6b/pc-and-video-games-games-ps4-playstation-vr-games-batman-arkham-vr-ps4-psvr-required.jpg?h=176&q=90&w=176&s=6a650ff84aeefbb21a9cc81a60a058dc,http://ecx.images-amazon.com/images/I/51XPtlrgyLL._SL220_.jpg,0.20466321243523317
https://d8mkdcmng3.imgix.net/a8cd/pc-and-video-games-games-ps4-trackmania-turbo-psvr-compatible.jpg?bg=0FFF&fit=fill&h=176&q=90&w=176&s=4ae9c88925d3fdad3bab6b29ea4cceda,http://ecx.images-amazon.com/images/I/61PvFL%2Bg2tL._SL220_.jpg,0.06435643564356436
https://d8mkdcmng3.imgix.net/5929/pc-and-video-games-games-ps4-ride-2-1.jpg?h=176&q=90&w=176&s=cb06aaf275601acca9a1ddb485e406a9,http://ecx.images-amazon.com/images/I/51XJEOZlLPL._SL220_.jpg,0.20844327176781002
https://d8mkdcmng3.imgix.net/520f/pc-and-video-games-games-ps4-outlast-trinity-2.jpg?h=176&q=90&w=176&s=4b2d1e988f3c4df154c790931214c7a3,http://ecx.images-amazon.com/images/I/51%2BbFCPIJtL._SL220_.jpg,0.010526315789473684
https://d8mkdcmng3.imgix.net/4283/card-games-trading-cards-pokemon-tcg-silvally-box.jpg?h=176&q=90&w=176&s=ae2eb2ff4f492bb282a519afc745b152,http://ecx.images-amazon.com/images/I/610uXf696RL._SL220_.jpg,0.007334963325183374
https://d8mkdcmng3.imgix.net/739c/card-games-trading-cards-pokemon-tcg-dragon-majesty-elite-trainer-box.jpg?bg=0FFF&fit=fill&h=176&q=90&w=176&s=139b266e1c935cfc5f628844d7cdd57b,http://ecx.images-amazon.com/images/I/51bd%2BHbhy%2BL._SL220_.jpg,0.00975609756097561
https://d8mkdcmng3.imgix.net/1520/card-games-trading-cards-pokemon-tcg-shiny-zygarde-gx-box-1.png?bg=0FFF&fit=fill&h=176&q=90&w=176&s=f9070e078e8fbdf3079a92457dfdcc04,http://ecx.images-amazon.com/images/I/51QHJlKtXML._SL220_.jpg,0.002352941176470588
https://d8mkdcmng3.imgix.net/83b5/card-games-trading-cards-pokemon-tcg-sun-moon-forbidden-light-theme-deck.png?bg=0FFF&fit=fill&h=176&q=90&w=176&s=dcd9180aea75a8c3029e0be1421915bc,http://ecx.images-amazon.com/images/I/517mAw78uJL._SL220_.jpg,0.007194244604316547
https://d8mkdcmng3.imgix.net/21b7/card-games-trading-cards-pokemon-exdisplay-tcg-dusk-mane-necrozma-dawn-wings-necrozma-box.jpg?bg=0FFF&fit=fill&h=176&q=90&w=176&s=5cb3e4888ced76d0fe29f771b0501e91,http://ecx.images-amazon.com/images/I/51Y-31in9EL._SL220_.jpg,0.0049504950495049506
https://d8mkdcmng3.imgix.net/3492/card-games-trading-cards-pokemon-tcg-legends-of-alola-tin-1.jpg?h=176&q=90&w=176&s=df44941543595d95edabf2fc75088f77,http://ecx.images-amazon.com/images/I/613gBgGBr3L._SL220_.jpg,0.057007125890736345
https://d8mkdcmng3.imgix.net/260f/card-games-trading-cards-pokemon-tcg-scizor-ex-box.jpg?bg=0FFF&fit=fill&h=176&q=90&w=176&s=95929211b3db3aacc45495e917b0940a,http://ecx.images-amazon.com/images/I/61LZe4y5QKL._SL220_.jpg,0.20634920634920634
https://d10p0d6jb7s6gl.cloudfront.net/card_games/trading_cards/pokemon/tcg_sun_moon_guardians_rising_theme_deck_1_l.jpg,http://ecx.images-amazon.com/images/I/516fxeBsVRL._SL220_.jpg,0.03345724907063197
https://d8mkdcmng3.imgix.net/5535/card-games-trading-cards-pokemon-tcg-charizard-ex-box-2016-fire-blast-2.jpg?h=176&q=90&w=176&s=6bd3b23c0f9a39112b6eb0eee1592147,http://ecx.images-amazon.com/images/I/61F2NZtWhWL._SL220_.jpg,0.005249343832020997
https://d8mkdcmng3.imgix.net/ff40/card-games-trading-cards-pokemon-tcg-2016-world-championship-deck-2.jpg?h=176&q=90&w=176&s=a56d7df9dc134c44fb17d785813711e7,http://ecx.images-amazon.com/images/I/51rC4MJzZGL._SL220_.jpg,0.16428571428571428
https://d8mkdcmng3.imgix.net/86c3/card-games-trading-cards-pokemon-tcg-kommoogx-box-2.jpg?h=176&q=90&w=176&s=757d9b79e6f9d6f6742bc52c775c6e40,http://ecx.images-amazon.com/images/I/51oFj-ap4eL._SL220_.jpg,0.0070921985815602835
https://d8mkdcmng3.imgix.net/8af2/card-games-trading-cards-pokemon-tcg-shiny-silvallygx-box-1.jpg?h=176&q=90&w=176&s=d661752877ec33be3d54573551126a03,http://ecx.images-amazon.com/images/I/610uXf696RL._SL220_.jpg,0.007334963325183374
https://d8mkdcmng3.imgix.net/b809/card-games-trading-cards-pokemon-tcg-spring-2018-deck-shield-tin-1.jpg?bg=0FFF&fit=fill&h=176&q=90&w=176&s=e90a7981ed5de6b55c249aedecd69b18,http://ecx.images-amazon.com/images/I/418d7WB84RL._SL220_.jpg,0.00975609756097561
https://dem72dx9uyrn1.cloudfront.net/nLiVp1phWojL1uNBmZMU2FOhil8=/176x176/filters:quality(90)/e3ff/348033/card-games-trading-cards-pokemon-tcg-sun-moon-theme-deck-1-rawl.jpg,http://ecx.images-amazon.com/images/I/51sRRKYpJfL._SL220_.jpg,0.01606425702811245
https://d8mkdcmng3.imgix.net/b605/card-games-trading-cards-pokemon-tcg-guzzlordgx-box-1.jpg?bg=0FFF&fit=fill&h=176&q=90&w=176&s=a8dca3fc0bf94aa3ca08884a1c03d3f3,http://ecx.images-amazon.com/images/I/61xEyxCaXeL._SL220_.jpg,0.23902439024390243
https://d8mkdcmng3.imgix.net/502e/card-games-trading-cards-pokemon-zoroark-triple-pack-tcg-with-pins.jpg?h=176&q=90&w=176&s=5a94d00bdb6f730e4a9d1730c78b43af,http://ecx.images-amazon.com/images/I/41OVTykjAkL._SL220_.jpg,0.2562358276643991
https://d8mkdcmng3.imgix.net/ce3c/card-games-trading-cards-pokemon-tcg-marshadow-box-1.jpg?h=176&q=90&w=176&s=0f074b95226d5f020c5c7c6932d8fe2e,http://ecx.images-amazon.com/images/I/51EPz5VyuWL._SL220_.jpg,0.011142061281337047
https://d8mkdcmng3.imgix.net/6c70/card-games-trading-cards-pokemon-tcg-kangaskhan-ex-box-1.jpg?bg=0FFF&fit=fill&h=176&q=90&w=176&s=e8872aa687289dce7f241d5f6631ca27,http://ecx.images-amazon.com/images/I/61REi2mfebL._SL220_.jpg,0.0024271844660194173
https://d8mkdcmng3.imgix.net/ecb3/pc-and-video-games-games-ps4-sebastian-loeb-rally-evo.jpg?h=176&q=90&w=176&s=39acb7bc2eaea7080dabd6726492d629,http://ecx.images-amazon.com/images/I/61P4b9NMbIL._SL220_.jpg,0.16927083333333334
https://d8mkdcmng3.imgix.net/09e0/board-games-childrens-guess-who.jpg?bg=0FFF&fit=fill&h=176&q=90&w=176&s=128c917e105f24b9fa27ef6106f23efe,http://ecx.images-amazon.com/images/I/51NRdxTuV3L._SL220_.jpg,0.004807692307692308
https://d8mkdcmng3.imgix.net/5a3a/board-games-childrens-catan-junior.jpg?h=176&q=90&w=176&s=ab02d546c663e675b3b8ece51c6b0a08,http://ecx.images-amazon.com/images/I/61XXtCq1dcL._SL220_.jpg,0.021739130434782608
https://d8mkdcmng3.imgix.net/77fa/toys-and-games-board-games-dice-games-story-cubes-voyages-1.jpg?h=176&q=90&w=176&s=f5b91d78156be09a81e087f24b1ee558,http://ecx.images-amazon.com/images/I/51JTClLuprL._SL220_.jpg,0.011299435028248588
https://d8mkdcmng3.imgix.net/5213/board-games-childrens-jungle-speed-kids.jpg?bg=0FFF&fit=fill&h=176&q=90&w=176&s=ca845be536f9b44635cdceeb94de6bfb,http://ecx.images-amazon.com/images/I/51-p6qihTOL._SL220_.jpg,0.13573407202216067
https://d8mkdcmng3.imgix.net/ebd1/board-games-childrens-the-little-train.jpg?h=176&q=90&w=176&s=3b4cfe7b55dc2c33141fe5790efae7a6,http://ecx.images-amazon.com/images/I/51%2BcIS870mL._SL220_.jpg,0.009009009009009009
https://d8mkdcmng3.imgix.net/cc31/board-games-childrens-birthday-blowout.jpg?bg=0FFF&fit=fill&h=176&q=90&w=176&s=e70f7164bba16705a8473402089dfe38,http://ecx.images-amazon.com/images/I/51lvR5kv5GL._SL220_.jpg,0.13253012048192772
https://d8mkdcmng3.imgix.net/7fd7/board-games-miniatures-sentinels-of-the-multiverse-omnitroniv-1.jpg?h=176&q=90&w=176&s=90bd0d656dc37f73d7ac78e9b84e5f90,http://ecx.images-amazon.com/images/I/51y7fACZfOL._SL220_.jpg,0.09872611464968153
https://d8mkdcmng3.imgix.net/40a3/board-games-miniatures-wings-of-glory-macchi-m5-arcidiacono.jpg?h=176&q=90&w=176&s=63cefa67b96f9b162a6f529885632fc3,http://ecx.images-amazon.com/images/I/41OlZwSUjSL._SL220_.jpg,0.2318840579710145
https://d8mkdcmng3.imgix.net/12e5/board-games-childrens-stinky-pig.jpg?h=176&q=90&w=176&s=46a42556bcb71f735ec167c7ff02cb32,http://ecx.images-amazon.com/images/I/41VotefSEFL._SL220_.jpg,0.0056179775280898875
https://d8mkdcmng3.imgix.net/fd93/board-games-childrens-pass-the-pigs-raw-.jpg?h=176&q=90&w=176&s=ba5f4b6d52e25e8a5b5872b85300c81d,http://ecx.images-amazon.com/images/I/51RRPf3WPEL._SL220_.jpg,0.007352941176470588
https://d8mkdcmng3.imgix.net/5469/board-games-dice-games-dc-dice-masters-superman-and-wonder-woman-starter-set.jpg?bg=0FFF&fit=fill&h=176&q=90&w=176&s=a45133c297e3c7294d667311adb7137e,http://ecx.images-amazon.com/images/I/51os0VYPUwL._SL220_.jpg,0.13302752293577982
https://d8mkdcmng3.imgix.net/c800/board-games-childrens-exdisplay-think-fun-balance-beans.jpg?bg=0FFF&fit=fill&h=176&q=90&w=176&s=008f8fae490a130860a0f8d01285e678,http://ecx.images-amazon.com/images/I/51MAgFyh62L._SL220_.jpg,0.009478672985781991
https://d8mkdcmng3.imgix.net/af23/board-games-miniatures-wings-of-glory-messerschmitt-bf109-k-rawl-.jpg?bg=0FFF&fit=fill&h=176&q=90&w=176&s=d7d84e6a8f8905b6eeb999bbd4ec2fb2,http://ecx.images-amazon.com/images/I/41rBV3e3YmL._SL220_.jpg,0.19578313253012047
https://d8mkdcmng3.imgix.net/b7cf/board-games-miniatures-zombicide-zombie-dogz.jpg?h=176&q=90&w=176&s=1cb32dcea84cfc468f1a93f39eb7dd91,http://ecx.images-amazon.com/images/I/51JAFs%2BnRNL._SL220_.jpg,0.0030303030303030303
https://d8mkdcmng3.imgix.net/b647/board-games-childrens-cheatwell-games-kids-charades.jpg?h=176&q=90&w=176&s=ea593230161499c00b931c096b9892b1,http://ecx.images-amazon.com/images/I/51BNW87Xe9L._SL220_.jpg,0.006787330316742082
https://d8mkdcmng3.imgix.net/1c34/board-games-miniatures-imperial-assault-carrier-xwing-miniature-star-wars-expansion-pack.jpg?h=176&q=90&w=176&s=0c3fcd8d63f9d0ee0f975062e5b55c88,http://ecx.images-amazon.com/images/I/516wzwdqx8L._SL220_.jpg,0.002631578947368421
https://d8mkdcmng3.imgix.net/effb/board-games-miniatures-firefly-boardgame-custom-ship-models-2.jpg?h=176&q=90&w=176&s=e5fd7a875ccce47ec0030f7a05abaf08,http://ecx.images-amazon.com/images/I/51F0bxxw7LL._SL220_.jpg,0.005952380952380952
https://d8mkdcmng3.imgix.net/7811/board-games-miniatures-zombicide-lost-zombivors.jpg?h=176&q=90&w=176&s=72be6aa15fc48f607447d1e669303da9,http://ecx.images-amazon.com/images/I/51pSXGe67NL._SL220_.jpg,0.05084745762711865
https://d8mkdcmng3.imgix.net/27a9/board-games-miniatures-star-trek-attack-wing-ris-talvath-wave-19-expansion-raw-.jpg?h=176&q=90&w=176&s=76cccfc72d0d8166691090eccc2efa4f,http://ecx.images-amazon.com/images/I/413bNtQd8bL._SL220_.jpg,0.002638522427440633
https://d8mkdcmng3.imgix.net/b54a/board-games-miniatures-battletech-assault-lance-pack-raw-.jpg?h=176&q=90&w=176&s=4456353af7392d6b4b16a3d14f681af2,http://ecx.images-amazon.com/images/I/514YqUL8kdL._SL220_.jpg,0.002638522427440633
https://d8mkdcmng3.imgix.net/3536/board-games-miniatures-star-wars-armada-imperial-fighter-squadrons.jpg?bg=0FFF&fit=fill&h=176&q=90&w=176&s=7539c10c794edcf26963c991b68b52fa,http://ecx.images-amazon.com/images/I/51tJ4C00G9L._SL220_.jpg,0.010723860589812333
https://d8mkdcmng3.imgix.net/4441/board-games-miniatures-battletech-pursuit-lance-pack.jpg?h=176&q=90&w=176&s=e0547c44aa6e863b227a6cb8c17bcabc,http://ecx.images-amazon.com/images/I/51uLCdgdthL._SL220_.jpg,0.03684210526315789
https://d8mkdcmng3.imgix.net/8218/board-games-miniatures-battletech-battle-lance-pack-xl-.jpg?h=176&q=90&w=176&s=c362dd6a7ca661b96c31c6608683bccc,http://ecx.images-amazon.com/images/I/51fBNwoMnIL._SL220_.jpg,0.00554016620498615
https://d8mkdcmng3.imgix.net/1fb6/toys-and-games-board-games-wings-of-glory-herrick-bristol-beaufighter-mkif-xl-.jpg?h=176&q=90&w=176&s=01b15189e42d4a493d3e7186db88fbe7,http://ecx.images-amazon.com/images/I/41xmJ%2BaZ0XL._SL220_.jpg,0.25882352941176473
https://d8mkdcmng3.imgix.net/a5ed/board-games-miniatures-iks-koraga-star-trek-attach-wing-wave-2.jpg?h=176&q=90&w=176&s=f5c481e650270a82c9f3c2686039b5a2,http://ecx.images-amazon.com/images/I/31UjyoRLGsL._SL220_.jpg,0.1527777777777778
https://d8mkdcmng3.imgix.net/a164/board-games-miniatures-wings-of-glory-british-handley-page-o400.jpg?h=176&q=90&w=176&s=a4cd30ccb2e9f9575de79173185a2f9f,http://ecx.images-amazon.com/images/I/41Vtd4U249L._SL220_.jpg,0.13675213675213677
https://d8mkdcmng3.imgix.net/c08a/board-games-miniatures-dc-heroclix-batman-and-his-greatest-foes-fast-forces-the-jokers-wild.jpg?h=176&q=90&w=176&s=4e9df1c9b6f5f4fda3fc548f0acfea82,http://ecx.images-amazon.com/images/I/515%2BM-bH8tL._SL220_.jpg,0.0023148148148148147
https://d8mkdcmng3.imgix.net/6327/board-games-miniatures-wings-of-glory-hannover-cliiia-luftstreitkrafte.jpg?h=176&q=90&w=176&s=35e007f136a87c15f58b1c2351858a68,http://ecx.images-amazon.com/images/I/41XZ5eHL5RL._SL220_.jpg,0.0028089887640449437
https://d8mkdcmng3.imgix.net/917d/toys-and-games-board-games-zombies-2-corpse-2nd-edition.jpg?bg=0FFF&fit=fill&h=176&q=90&w=176&s=df786f4f7157b190d48d1e816f53dca1,http://ecx.images-amazon.com/images/I/51m3hMtvPtL._SL220_.jpg,0.2599009900990099
https://d8mkdcmng3.imgix.net/5cfe/board-games-miniatures-wings-of-glory-douglas-a24-banshee-ruet-rawl-.jpg?bg=0FFF&fit=fill&h=176&q=90&w=176&s=d0525bfe59c52207b00ef70482af8630,http://ecx.images-amazon.com/images/I/41m%2BJgj1XxL._SL220_.jpg,0.16806722689075632
https://d8mkdcmng3.imgix.net/56b1/board-games-miniatures-wings-of-glory-yokosuka-d4y1-kokutai-121.jpg?bg=0FFF&fit=fill&h=176&q=90&w=176&s=715bb6d36cd981efdd1139069a736345,http://ecx.images-amazon.com/images/I/41xPNMvaAYL._SL220_.jpg,0.21428571428571427
https://d8mkdcmng3.imgix.net/1f9c/board-games-miniatures-wings-of-glory-memphis-belle-b17f.jpg?h=176&q=90&w=176&s=519b1d273d249cfd229acd03cf09c59f,http://ecx.images-amazon.com/images/I/41gZbB4wH9L._SL220_.jpg,0.24850299401197604
https://d8mkdcmng3.imgix.net/5bbb/board-games-miniatures-star-wars-armada-dice-pack.jpg?h=176&q=90&w=176&s=003d2c8176f7fd24d5630d8841db6150,http://ecx.images-amazon.com/images/I/51k8afU5gBL._SL220_.jpg,0.08051948051948052
https://d8mkdcmng3.imgix.net/7499/toys-and-games-board-games-wings-of-glory-albatros-dva-vs-spad-xiii-duel-pack.jpg?h=176&q=90&w=176&s=8a0db1dfe5ed06bfb44c8162f01df66e,http://ecx.images-amazon.com/images/I/51ZU5sm7wbL._SL220_.jpg,0.18156424581005587
https://d8mkdcmng3.imgix.net/8a9f/board-games-miniatures-star-trek-4th-division-battleship-attack-wing-wave-3-1.jpg?h=176&q=90&w=176&s=db66e6c891956844308017dc4dd4aa27,http://ecx.images-amazon.com/images/I/31YfBdpv51L._SL220_.jpg,0.13385826771653545
https://d8mkdcmng3.imgix.net/6cf9/board-games-miniatures-descent-2nd-edition-oath-of-the-outcasts-expansion-2-raw-.jpg?h=176&q=90&w=176&s=58f0fb4d8d57566ffa445f245efc5efe,http://ecx.images-amazon.com/images/I/610vuESx3bL._SL220_.jpg,0.17302798982188294
https://d8mkdcmng3.imgix.net/cb3e/board-games-miniatures-sails-of-glory-napoleonic-wars-imperial-1791.jpg?h=176&q=90&w=176&s=4ca45cab426261bfe27e5710b0d11328,http://ecx.images-amazon.com/images/I/51Ok%2Bmz4YbL._SL220_.jpg,0.22038567493112948
https://d8mkdcmng3.imgix.net/8240/toys-and-games-board-games-wings-of-glory-gloster-sea-gladiator-xl-.jpg?h=176&q=90&w=176&s=cfaf2bd5dcabfa0dcefe8c972993ad54,http://ecx.images-amazon.com/images/I/41kccDrYaKL._SL220_.jpg,0.00946372239747634
https://d8mkdcmng3.imgix.net/07c6/toys-and-games-board-games-wings-of-glory-schupp-messerschmitt-bf110-c4.jpg?h=176&q=90&w=176&s=b51f6143dd59983619415e88dd87c1a3,http://ecx.images-amazon.com/images/I/415Y-DJ2brL._SL220_.jpg,0.009836065573770493
https://d8mkdcmng3.imgix.net/caf5/toys-and-games-board-games-twilight-creations-zombies-bag-o-clowns-xl-.jpg?h=176&q=90&w=176&s=4956b6ebf444f0e6b1fddcedfd4d2bed,http://ecx.images-amazon.com/images/I/51gy0iqspwL._SL220_.jpg,0.0028735632183908046
