"url","page"
"https://www.base.com/blu-ray/pg735/bn10007132/products.htm?filter=a%3a14%3a260333",44
"https://www.base.com/blu-ray/pg735/bn10007132/products.htm?filter=a%3a14%3a260334",21
"https://www.base.com/blu-ray/pg735/bn10007132/products.htm?filter=a%3a14%3a260335",7
"https://www.base.com/blu-ray/pg735/bn10007132/products.htm?filter=a%3a14%3a260339",33
"https://www.base.com/blu-ray/pg735/bn10007132/products.htm?filter=a%3a14%3a260344",78
"https://www.base.com/blu-ray/pg735/bn10007132/products.htm?filter=a%3a14%3a260348",27
"https://www.base.com/blu-ray/pg735/bn10007132/products.htm?filter=a%3a14%3a260363",27
"https://www.base.com/blu-ray/pg735/bn10007132/products.htm?filter=a%3a14%3a260366",5
"https://www.base.com/blu-ray/pg735/bn10007132/products.htm?filter=a%3a14%3a260371",18
"https://www.base.com/blu-ray/pg735/bn10007132/products.htm?filter=a%3a14%3a260375",5
"https://www.base.com/blu-ray/pg735/bn10007132/products.htm?filter=a%3a14%3a260376",3
"https://www.base.com/blu-ray/pg735/bn10007132/products.htm?filter=a%3a14%3a374165",6
"https://www.base.com/blu-ray/pg735/bn10007132/products.htm?filter=a%3a14%3a374171",4
"https://www.base.com/comingsoon_cat100007.htm?link=dropdownmenu",8
"https://www.base.com/comingsoon_cat100008.htm?link=dropdownmenu",5
"https://www.base.com/comingsoon_cat100012.htm?link=dropdownmenu",10
"https://www.base.com/disney-infinity/pg735/bn10007479/products.htm?filter=a%3a3%3a369196",2
"https://www.base.com/dvd/pg735/bn10006229/curzon-artificial-eye-store.htm",18
"https://www.base.com/dvd/pg735/bn10007308/products.htm?filter=a%3a14%3a260333",99
"https://www.base.com/dvd/pg735/bn10007308/products.htm?filter=a%3a14%3a260334",54
"https://www.base.com/dvd/pg735/bn10007308/products.htm?filter=a%3a14%3a260335",28
"https://www.base.com/dvd/pg735/bn10007308/products.htm?filter=a%3a14%3a260339",167
"https://www.base.com/dvd/pg735/bn10007308/products.htm?filter=a%3a14%3a260344",167
"https://www.base.com/dvd/pg735/bn10007308/products.htm?filter=a%3a14%3a260348",79
"https://www.base.com/dvd/pg735/bn10007308/products.htm?filter=a%3a14%3a260363",59
"https://www.base.com/dvd/pg735/bn10007308/products.htm?filter=a%3a14%3a260366",25
"https://www.base.com/dvd/pg735/bn10007308/products.htm?filter=a%3a14%3a260371",55
"https://www.base.com/dvd/pg735/bn10007308/products.htm?filter=a%3a14%3a260375",18
"https://www.base.com/dvd/pg735/bn10007308/products.htm?filter=a%3a14%3a260376",12
"https://www.base.com/dvd/pg735/bn10007308/products.htm?filter=a%3a14%3a374165",25
"https://www.base.com/dvd/pg735/bn10007308/products.htm?filter=a%3a14%3a374171",17
"https://www.base.com/games/3ds/bestseller/pg735/bn10002012/games.htm?link=dropdownmenu",6
"https://www.base.com/games/3ds/comingsoon/pg735/bn10002012/pre-order.htm?link=dropdownmenu",1
"https://www.base.com/games/3ds/current/pg735/bn10002012/new-releases.htm?link=dropdownmenu",1
"https://www.base.com/games/3ds/pg735/bn10002012/products.htm?filter=a%3a523%3a375630",6
"https://www.base.com/games/3ds/pg735/bn10002012/products.htm?filter=a%3a523%3a375631",1
"https://www.base.com/games/3ds/pg735/bn10002012/products.htm?filter=a%3a523%3a375632",2
"https://www.base.com/games/3ds/pg735/bn10002012/products.htm?filter=a%3a525%3a375656",1
"https://www.base.com/games/3ds/pg735/bn10002012/products.htm?filter=a%3a525%3a375659",1
"https://www.base.com/games/3ds/pg735/bn10002012/products.htm?filter=a%3a525%3a375660",1
"https://www.base.com/games/3ds/pg735/bn10002012/products.htm?filter=a%3a525%3a375661",1
"https://www.base.com/games/3ds/pg735/bn10002012/products.htm?filter=a%3a525%3a375662",1
"https://www.base.com/games/3ds/pg735/bn10002012/products.htm?filter=a%3a525%3a375663",1
"https://www.base.com/games/3ds/pg735/bn10002012/products.htm?filter=a%3a525%3a375664",1
"https://www.base.com/games/3ds/pg735/bn10002012/products.htm?filter=a%3a525%3a375665",1
"https://www.base.com/games/3ds/pg735/bn10002012/products.htm?filter=a%3a525%3a375666",1
"https://www.base.com/games/pc/bestseller/pg735/bn100244/games.htm?link=dropdownmenu",11
"https://www.base.com/games/pc/comingsoon/pg735/bn100244/pre-order.htm?link=dropdownmenu",1
"https://www.base.com/games/pc/current/pg735/bn100244/new-releases.htm?link=dropdownmenu",1
"https://www.base.com/games/ps3/all/pg735/bn100247/games.htm",11
"https://www.base.com/games/ps3/all/pg735/bn100247/games.htm?filter=a%3a523%3a375630",7
"https://www.base.com/games/ps3/all/pg735/bn100247/games.htm?filter=a%3a523%3a375632",4
"https://www.base.com/games/ps4/bestseller/pg735/bn10005853/games.htm?link=dropdownmenu",37
"https://www.base.com/games/ps4/comingsoon/pg735/bn10005853/pre-order.htm?link=dropdownmenu",1
"https://www.base.com/games/ps4/current/pg735/bn10005853/new-releases.htm?link=dropdownmenu",3
"https://www.base.com/games/psvita/all/pg735/bn10003914/games.htm",3
"https://www.base.com/games/psvita/all/pg735/bn10003914/games.htm?filter=a%3a523%3a375630",1
"https://www.base.com/games/psvita/all/pg735/bn10003914/games.htm?filter=a%3a523%3a375632",1
"https://www.base.com/games/switch/bestseller/pg735/bn10008264/games.htm?link=dropdownmenu",15
"https://www.base.com/games/switch/comingsoon/pg735/bn10008264/pre-order.htm?link=dropdownmenu",1
"https://www.base.com/games/switch/current/pg735/bn10008264/new-releases.htm?link=dropdownmenu",1
"https://www.base.com/games/switch/pg735/bn10008264/products.htm?filter=a%3a523%3a375630",1
"https://www.base.com/games/switch/pg735/bn10008264/products.htm?filter=a%3a523%3a375631",1
"https://www.base.com/games/switch/pg735/bn10008264/products.htm?filter=a%3a523%3a375632",1
"https://www.base.com/games/switch/pg735/bn10008264/products.htm?filter=a%3a525%3a375656",1
"https://www.base.com/games/switch/pg735/bn10008264/products.htm?filter=a%3a525%3a375657",1
"https://www.base.com/games/switch/pg735/bn10008264/products.htm?filter=a%3a525%3a375658",1
"https://www.base.com/games/switch/pg735/bn10008264/products.htm?filter=a%3a525%3a375659",1
"https://www.base.com/games/switch/pg735/bn10008264/products.htm?filter=a%3a525%3a375660",1
"https://www.base.com/games/switch/pg735/bn10008264/products.htm?filter=a%3a525%3a375661",1
"https://www.base.com/games/switch/pg735/bn10008264/products.htm?filter=a%3a525%3a375662",1
"https://www.base.com/games/switch/pg735/bn10008264/products.htm?filter=a%3a525%3a375663",1
"https://www.base.com/games/switch/pg735/bn10008264/products.htm?filter=a%3a525%3a375664",1
"https://www.base.com/games/switch/pg735/bn10008264/products.htm?filter=a%3a525%3a375665",1
"https://www.base.com/games/switch/pg735/bn10008264/products.htm?filter=a%3a525%3a375666",1
"https://www.base.com/games/xbox-one/bestseller/pg735/bn10006070/games.htm?link=dropdownmenu",22
"https://www.base.com/games/xbox-one/comingsoon/pg735/bn10006070/pre-order.htm?link=dropdownmenu",3
"https://www.base.com/games/xbox-one/current/pg735/bn10006070/new-releases.htm?link=dropdownmenu",2
"https://www.base.com/games/xbox360/all/pg735/bn100250/games.htm",13
"https://www.base.com/games/xbox360/all/pg735/bn100250/games.htm?filter=a%3a523%3a375630",1
"https://www.base.com/games/xbox360/all/pg735/bn100250/games.htm?filter=a%3a523%3a375632",1
"https://www.base.com/lighting/pg735/bn10008407/default.htm",35
"https://www.base.com/lighting/pg735/bn10008407/default.htm?filter=a%3a558%3a384111",1
"https://www.base.com/lighting/pg735/bn10008407/default.htm?filter=a%3a558%3a384112",1
"https://www.base.com/lighting/pg735/bn10008407/default.htm?filter=a%3a558%3a384114",1
"https://www.base.com/lighting/pg735/bn10008407/default.htm?filter=a%3a558%3a384115",1
"https://www.base.com/lighting/pg735/bn10008407/default.htm?filter=a%3a558%3a384116",1
"https://www.base.com/lighting/pg735/bn10008407/default.htm?filter=a%3a558%3a384117",1
"https://www.base.com/lighting/pg735/bn10008407/default.htm?filter=a%3a558%3a384118",1
"https://www.base.com/lighting/pg735/bn10008407/default.htm?filter=a%3a558%3a384119",1
"https://www.base.com/lighting/pg735/bn10008407/default.htm?filter=a%3a558%3a384120",1
"https://www.base.com/lighting/pg735/bn10008407/default.htm?filter=a%3a560%3a384181%2ca%3a560%3a384183",1
"https://www.base.com/lighting/pg735/bn10008407/default.htm?filter=a%3a560%3a384184",1
"https://www.base.com/lighting/pg735/bn10008407/default.htm?filter=a%3a560%3a384186",1
"https://www.base.com/lighting/pg735/bn10008407/default.htm?filter=a%3a560%3a384187%2ca%3a560%3a384188%2ca%3a560%3a384185",1
"https://www.base.com/lighting/pg735/bn10008407/default.htm?filter=a%3a560%3a384189%2ca%3a560%3a384178",1
"https://www.base.com/lighting/pg735/bn10008407/default.htm?filter=a%3a560%3a384190%2ca%3a560%3a384179",1
"https://www.base.com/memory-and-storage/pg735/bn10007666/default.htm?filter=a%3a12%3a260050",5
"https://www.base.com/memory-and-storage/pg735/bn10007666/default.htm?filter=a%3a530%3a377625",1
"https://www.base.com/memory-and-storage/pg735/bn10007666/default.htm?filter=a%3a530%3a377626",5
"https://www.base.com/memory-and-storage/pg735/bn10007666/default.htm?filter=a%3a530%3a377626%2ca%3a531%3a377629",2
"https://www.base.com/memory-and-storage/pg735/bn10007666/default.htm?filter=a%3a530%3a377626%2ca%3a531%3a377630",1
"https://www.base.com/memory-and-storage/pg735/bn10007666/default.htm?filter=a%3a530%3a377626%2ca%3a531%3a377631",1
"https://www.base.com/memory-and-storage/pg735/bn10007666/default.htm?filter=a%3a530%3a377626%2ca%3a531%3a377632",1
"https://www.base.com/memory-and-storage/pg735/bn10007666/default.htm?filter=a%3a530%3a377626%2ca%3a531%3a377633",1
"https://www.base.com/memory-and-storage/pg735/bn10007666/default.htm?filter=a%3a530%3a377626%2ca%3a531%3a377634",1
"https://www.base.com/memory-and-storage/pg735/bn10007666/default.htm?filter=a%3a530%3a377627",7
"https://www.base.com/memory-and-storage/pg735/bn10007666/default.htm?filter=a%3a530%3a377627%2ca%3a532%3a377635",1
"https://www.base.com/memory-and-storage/pg735/bn10007666/default.htm?filter=a%3a530%3a377627%2ca%3a532%3a377636",1
"https://www.base.com/memory-and-storage/pg735/bn10007666/default.htm?filter=a%3a530%3a377627%2ca%3a532%3a377637",1
"https://www.base.com/memory-and-storage/pg735/bn10007666/default.htm?filter=a%3a530%3a377627%2ca%3a532%3a377638",1
"https://www.base.com/memory-and-storage/pg735/bn10007666/default.htm?filter=a%3a530%3a377627%2ca%3a532%3a377639",1
"https://www.base.com/memory-and-storage/pg735/bn10007666/default.htm?filter=a%3a530%3a377627%2ca%3a532%3a377640",1
"https://www.base.com/memory-and-storage/pg735/bn10007666/default.htm?filter=a%3a530%3a377628",1
"https://www.base.com/memory-and-storage/pg735/bn10007666/default.htm?filter=a%3a530%3a377628%2ca%3a533%3a377641",1
"https://www.base.com/memory-and-storage/pg735/bn10007666/default.htm?filter=a%3a530%3a377628%2ca%3a533%3a377642",1
"https://www.base.com/memory-and-storage/pg735/bn10007666/default.htm?link=foldertab",12
"https://www.base.com/music/pg735/bn100001/products.htm?filter=a%3a493%3a362536",167
"https://www.base.com/music/pg735/bn100001/products.htm?filter=a%3a493%3a362539",1
"https://www.base.com/music/pg735/bn100001/products.htm?filter=a%3a493%3a362540",1
"https://www.base.com/music/pg735/bn100001/products.htm?filter=a%3a493%3a362541",1
"https://www.base.com/music/pg735/bn100001/products.htm?filter=a%3a493%3a362542",1
"https://www.base.com/music/pg735/bn100001/products.htm?filter=a%3a493%3a362543",1
"https://www.base.com/music/pg735/bn100001/products.htm?filter=a%3a493%3a362544",1
"https://www.base.com/music/pg735/bn100001/products.htm?filter=a%3a493%3a362545",1
"https://www.base.com/music/pg735/bn100001/products.htm?filter=a%3a493%3a362547",1
"https://www.base.com/music/pg735/bn100001/products.htm?filter=a%3a493%3a362548",1
"https://www.base.com/music/pg735/bn100001/products.htm?filter=a%3a493%3a362549",1
"https://www.base.com/music/pg735/bn100001/products.htm?filter=a%3a493%3a362550",1
"https://www.base.com/music/pg735/bn100001/products.htm?filter=a%3a493%3a362551",1
"https://www.base.com/music/pg735/bn100001/products.htm?filter=a%3a493%3a362552",1
"https://www.base.com/music/pg735/bn100001/products.htm?filter=a%3a493%3a362555",1
"https://www.base.com/music/pg735/bn100001/products.htm?filter=a%3a493%3a362556",1
"https://www.base.com/music/pg735/bn100001/products.htm?filter=a%3a493%3a362557",1
"https://www.base.com/music/pg735/bn100001/products.htm?filter=a%3a493%3a374566",1
"https://www.base.com/music/pg735/bn100001/products.htm?filter=a%3a493%3a374567",1
"https://www.base.com/newreleases_cat100007.htm?link=dropdownmenu",15
"https://www.base.com/newreleases_cat100008.htm?link=dropdownmenu",9
"https://www.base.com/newreleases_cat100012.htm?link=dropdownmenu",10
"https://www.base.com/pc/pg735/bn100244/products.htm?filter=a%3a13%3a260312",2
"https://www.base.com/pc/pg735/bn100244/products.htm?filter=a%3a13%3a260316",1
"https://www.base.com/pc/pg735/bn100244/products.htm?filter=a%3a13%3a260317",1
"https://www.base.com/pc/pg735/bn100244/products.htm?filter=a%3a13%3a260318",1
"https://www.base.com/pc/pg735/bn100244/products.htm?filter=a%3a13%3a260322",1
"https://www.base.com/pc/pg735/bn100244/products.htm?filter=a%3a13%3a260323",1
"https://www.base.com/pc/pg735/bn100244/products.htm?filter=a%3a13%3a260325",1
"https://www.base.com/pc/pg735/bn100244/products.htm?filter=a%3a13%3a260326",1
"https://www.base.com/pc/pg735/bn100244/products.htm?filter=a%3a13%3a260328",1
"https://www.base.com/pc/pg735/bn100244/products.htm?filter=a%3a13%3a260329",1
"https://www.base.com/pc/pg735/bn100244/products.htm?filter=a%3a13%3a260330",1
"https://www.base.com/pc/pg735/bn100244/products.htm?filter=a%3a13%3a260331",1
"https://www.base.com/pc/pg735/bn100244/products.htm?filter=a:523:375632",3
"https://www.base.com/pc/pg735/bn100244/products.htm?filter=a:525:375656",1
"https://www.base.com/pc/pg735/bn100244/products.htm?filter=a:525:375657",1
"https://www.base.com/pc/pg735/bn100244/products.htm?filter=a:525:375658",1
"https://www.base.com/pc/pg735/bn100244/products.htm?filter=a:525:375659",1
"https://www.base.com/pc/pg735/bn100244/products.htm?filter=a:525:375660",1
"https://www.base.com/pc/pg735/bn100244/products.htm?filter=a:525:375661",1
"https://www.base.com/pc/pg735/bn100244/products.htm?filter=a:525:375662",1
"https://www.base.com/pc/pg735/bn100244/products.htm?filter=a:525:375663",1
"https://www.base.com/pc/pg735/bn100244/products.htm?filter=a:525:375664",1
"https://www.base.com/pc/pg735/bn100244/products.htm?filter=a:525:375665",1
"https://www.base.com/pc/pg735/bn100244/products.htm?filter=a:525:375666",1
"https://www.base.com/ps4/pg735/bn10005853/games.htm?filter=a%3a523%3a375630",30
"https://www.base.com/ps4/pg735/bn10005853/products.htm?filter=a%3a13%3a260312",13
"https://www.base.com/ps4/pg735/bn10005853/products.htm?filter=a%3a13%3a260316",1
"https://www.base.com/ps4/pg735/bn10005853/products.htm?filter=a%3a13%3a260317",1
"https://www.base.com/ps4/pg735/bn10005853/products.htm?filter=a%3a13%3a260318",1
"https://www.base.com/ps4/pg735/bn10005853/products.htm?filter=a%3a13%3a260322",1
"https://www.base.com/ps4/pg735/bn10005853/products.htm?filter=a%3a13%3a260323",1
"https://www.base.com/ps4/pg735/bn10005853/products.htm?filter=a%3a13%3a260325",1
"https://www.base.com/ps4/pg735/bn10005853/products.htm?filter=a%3a13%3a260326",1
"https://www.base.com/ps4/pg735/bn10005853/products.htm?filter=a%3a13%3a260328",1
"https://www.base.com/ps4/pg735/bn10005853/products.htm?filter=a%3a13%3a260329",1
"https://www.base.com/ps4/pg735/bn10005853/products.htm?filter=a%3a13%3a260330",1
"https://www.base.com/ps4/pg735/bn10005853/products.htm?filter=a%3a13%3a260331",1
"https://www.base.com/ps4/pg735/bn10005853/products.htm?filter=a:523:375631",1
"https://www.base.com/ps4/pg735/bn10005853/products.htm?filter=a:523:375632",1
"https://www.base.com/ps4/pg735/bn10005853/products.htm?filter=a:525:375656",1
"https://www.base.com/ps4/pg735/bn10005853/products.htm?filter=a:525:375657",1
"https://www.base.com/ps4/pg735/bn10005853/products.htm?filter=a:525:375658",1
"https://www.base.com/ps4/pg735/bn10005853/products.htm?filter=a:525:375659",1
"https://www.base.com/ps4/pg735/bn10005853/products.htm?filter=a:525:375660",1
"https://www.base.com/ps4/pg735/bn10005853/products.htm?filter=a:525:375661",1
"https://www.base.com/ps4/pg735/bn10005853/products.htm?filter=a:525:375662",1
"https://www.base.com/ps4/pg735/bn10005853/products.htm?filter=a:525:375663",1
"https://www.base.com/ps4/pg735/bn10005853/products.htm?filter=a:525:375664",1
"https://www.base.com/ps4/pg735/bn10005853/products.htm?filter=a:525:375665",1
"https://www.base.com/ps4/pg735/bn10005853/products.htm?filter=a:525:375666",1
"https://www.base.com/smarthome/pg735/bn10008524/default.htm",1
"https://www.base.com/smarthome/pg735/bn10008524/default.htm?filter=a%3a12%3a259960",1
"https://www.base.com/smarthome/pg735/bn10008524/default.htm?filter=a%3a12%3a260187",1
"https://www.base.com/smarthome/pg735/bn10008524/default.htm?filter=a%3a12%3a295783",1
"https://www.base.com/smarthome/pg735/bn10008524/default.htm?filter=a%3a564%3a384228",1
"https://www.base.com/smarthome/pg735/bn10008524/default.htm?filter=a%3a564%3a384229",1
"https://www.base.com/smarthome/pg735/bn10008524/default.htm?filter=a%3a564%3a384230",1
"https://www.base.com/smarthome/pg735/bn10008524/default.htm?filter=a%3a564%3a384231",1
"https://www.base.com/smarthome/pg735/bn10008524/default.htm?filter=a%3a564%3a384232",1
"https://www.base.com/topselling_cat100007.htm?link=dropdownmenu",1
"https://www.base.com/topselling_cat100008.htm?link=dropdownmenu",1
"https://www.base.com/topselling_cat100012.htm?link=dropdownmenu",1
"https://www.base.com/wii-u/pg735/bn10005510/products.htm",1
"https://www.base.com/wii/pg735/bn10005510/products.htm?filter=a%3a523%3a375630",1
"https://www.base.com/wii/pg735/bn10005510/products.htm?filter=a%3a523%3a375632",1
"https://www.base.com/wii/pg735/bn100249/products.htm",1
"https://www.base.com/wii/pg735/bn100249/products.htm?filter=a%3a523%3a375630",1
"https://www.base.com/wii/pg735/bn100249/products.htm?filter=a%3a523%3a375632",1
"https://www.base.com/xbox-one/pg735/bn10006070/games.htm?filter=a%3a523%3a375630",17
"https://www.base.com/xbox-one/pg735/bn10006070/products.htm?filter=a%3a13%3a260312",1
"https://www.base.com/xbox-one/pg735/bn10006070/products.htm?filter=a%3a13%3a260316",1
"https://www.base.com/xbox-one/pg735/bn10006070/products.htm?filter=a%3a13%3a260317",1
"https://www.base.com/xbox-one/pg735/bn10006070/products.htm?filter=a%3a13%3a260318",1
"https://www.base.com/xbox-one/pg735/bn10006070/products.htm?filter=a%3a13%3a260322",1
"https://www.base.com/xbox-one/pg735/bn10006070/products.htm?filter=a%3a13%3a260323",1
"https://www.base.com/xbox-one/pg735/bn10006070/products.htm?filter=a%3a13%3a260325",1
"https://www.base.com/xbox-one/pg735/bn10006070/products.htm?filter=a%3a13%3a260328",1
"https://www.base.com/xbox-one/pg735/bn10006070/products.htm?filter=a%3a13%3a260329",1
"https://www.base.com/xbox-one/pg735/bn10006070/products.htm?filter=a%3a13%3a260330",1
"https://www.base.com/xbox-one/pg735/bn10006070/products.htm?filter=a%3a13%3a260331",1
"https://www.base.com/xbox-one/pg735/bn10006070/products.htm?filter=a:523:375631",1
"https://www.base.com/xbox-one/pg735/bn10006070/products.htm?filter=a:523:375632",1
"https://www.base.com/xbox-one/pg735/bn10006070/products.htm?filter=a:525:375656",1
"https://www.base.com/xbox-one/pg735/bn10006070/products.htm?filter=a:525:375657",1
"https://www.base.com/xbox-one/pg735/bn10006070/products.htm?filter=a:525:375658",1
"https://www.base.com/xbox-one/pg735/bn10006070/products.htm?filter=a:525:375659",1
"https://www.base.com/xbox-one/pg735/bn10006070/products.htm?filter=a:525:375660",1
"https://www.base.com/xbox-one/pg735/bn10006070/products.htm?filter=a:525:375661",1
"https://www.base.com/xbox-one/pg735/bn10006070/products.htm?filter=a:525:375662",1
"https://www.base.com/xbox-one/pg735/bn10006070/products.htm?filter=a:525:375663",1
"https://www.base.com/xbox-one/pg735/bn10006070/products.htm?filter=a:525:375664",1
"https://www.base.com/xbox-one/pg735/bn10006070/products.htm?filter=a:525:375665",1
"https://www.base.com/xbox-one/pg735/bn10006070/products.htm?filter=a:525:375666",1
