"Category URL","Category Name","First Page","Last Page","Source Domain","Product Count"
"https://www.boscovs.com/ast/webdeals-1","Your Selections: & All Products & WebDEALS","1","368","boscovs.com","35300"
"https://www.boscovs.com/ast/clearance-1","Your Selections: & All Products & Yes","1","339","boscovs.com","32500"
"https://www.boscovs.com/ast/for-the-home","Your Selections: & All Products & Bed & Window Treatments & Kitchen & Dining & Candy & Gourmet Treats & Home Climate & Storage & Organization & Patio & Outdoor & Automotive Accessories & Electronics & Vacuums & Home Decor & Pet Shop & Bath & Small Appliances & Furniture & Mattresses & Stationary & Supplies & Luggage & Backpacks & Fitness & Sports","1","296","boscovs.com","28400"
"https://www.boscovs.com/ast/jewelry-and-watches","Your Selections: & All Products & Jewelry & Watches","1","216","boscovs.com","20700"
"https://www.boscovs.com/ast/fashion-jewelry-1","Your Selections: & All Products & Jewelry & Watches & Fashion","1","153","boscovs.com","14600"
"https://www.boscovs.com/ast/jewelry-and-watches-clearance-yes","Your Selections: & All Products & Jewelry & Watches & Yes","1","150","boscovs.com","14400"
"https://www.boscovs.com/ast/ladies-1","Your Selections: & All Products & Misses & Juniors & Womens Plus & Juniors Plus & Petites","1","104","boscovs.com","9980"
"https://www.boscovs.com/ast/sports-fan-1","Your Selections: & All Products & Fan Shop","1","103","boscovs.com","9840"
"https://www.boscovs.com/ast/kids-and-teens-1","Your Selections: & All Products & Kids & Teens","1","94","boscovs.com","9010"
"https://www.boscovs.com/ast/home-decor-1","Your Selections: & All Products & Home Decor","1","85","boscovs.com","8120"
"https://www.boscovs.com/ast/mens","Your Selections: & All Products & Mens","1","71","boscovs.com","6740"
"https://www.boscovs.com/ast/fashion-necklaces-and-pendants-1","Your Selections: & All Products & Jewelry & Watches & Necklaces & Pendants & Fashion","1","67","boscovs.com","6360"
"https://www.boscovs.com/ast/shop-kitchen-dining","Your Selections: & All Products & Kitchen & Dining","1","66","boscovs.com","6310"
"https://www.boscovs.com/ast/fashion-earrings-1","Your Selections: & All Products & Jewelry & Watches & Earrings & Fashion","1","55","boscovs.com","5230"
"https://www.boscovs.com/ast/misses-1","Your Selections: & All Products & Misses","1","51","boscovs.com","4820"
"https://www.boscovs.com/ast/shoes","Your Selections: & All Products & Shoes","1","51","boscovs.com","4890"
"https://www.boscovs.com/ast/bath-bed","Your Selections: & All Products & Bath & Bed","1","50","boscovs.com","4730"
"https://www.boscovs.com/ast/furniture-and-mattresses","Your Selections: & All Products & Furniture & Mattresses","1","42","boscovs.com","3940"
"https://www.boscovs.com/ast/ladies-shoes","Your Selections: & All Products & Ladies & Shoes","1","38","boscovs.com","3600"
"https://www.boscovs.com/ast/fine-jewelry-1","Your Selections: & All Products & Jewelry & Watches & Fine","1","37","boscovs.com","3530"
"https://www.boscovs.com/ast/bed","Your Selections: & All Products & Bed","1","36","boscovs.com","3380"
"https://www.boscovs.com/ast/ladies-top-brands-1","Your Selections: & All Products & Ladies & Ladies Top Brands","1","35","boscovs.com","3340"
"https://www.boscovs.com/ast/jewelry-top-brands-1","Your Selections: & All Products & Jewelry & Watches & Betsey Johnson & Anne Klein & Seiko & Le Vian & Caravelle & Ashley Cooper & Effy & Nine West & Citizen & 1928 & Survivor Collection & Napier & Charles & Colvard & Jessica Simpson & Invicta & Kenneth Cole & Bulova & Disney","1","34","boscovs.com","3190"
"https://www.boscovs.com/ast/handbags-accessories-1","Your Selections: & All Products & Handbags & Wallets & Accessories & Socks & Hosiery & Ladies","1","31","boscovs.com","2960"
"https://www.boscovs.com/ast/glassware-and-drinkware-1","Your Selections: & All Products & Home & Dining & Entertaining & Glassware & Drinkware","1","31","boscovs.com","2940"
"https://www.boscovs.com/ast/fine-jewelry-collections","Your Selections: & All Products & Fine Jewelry Collections","1","29","boscovs.com","2720"
"https://www.boscovs.com/ast/mens-clothing-accessories-1","Your Selections: & All Products & Activewear & Clothing & Portly & Big/Tall & Mens & Young Mens","1","29","boscovs.com","2690"
"https://www.boscovs.com/ast/home-top-brands-1","Your Selections: & All Products & Home & Home Top Brands","1","28","boscovs.com","2660"
"https://www.boscovs.com/ast/home-decor-clearance-1","Your Selections: & All Products & Home Decor & Yes","1","27","boscovs.com","2550"
"https://www.boscovs.com/ast/watches-1","Your Selections: & All Products & Jewelry & Watches & Watches & Watch Bands & Watch Bangles & Sets","1","25","boscovs.com","2400"
"https://www.boscovs.com/ast/misses-clearance-1","Your Selections: & All Products & Misses & Yes","1","25","boscovs.com","2350"
"https://www.boscovs.com/ast/toys","Your Selections: & All Products & Toys","1","23","boscovs.com","2130"
"https://www.boscovs.com/ast/lingerie-sleepwear-1","Your Selections: & All Products & Misses & Ladies & Juniors & Womens Plus & Juniors Plus & Lingerie & Pajamas & Shapewear & Panties & Bras","1","22","boscovs.com","2020"
"https://www.boscovs.com/ast/fashion-bracelets-1","Your Selections: & All Products & Jewelry & Watches & Bracelets & Fashion","1","21","boscovs.com","1970"
"https://www.boscovs.com/ast/mens-clothing-outerwear","Your Selections: & All Products & Mens & Clothing & Outerwear","1","21","boscovs.com","2000"
"https://www.boscovs.com/ast/kids-clearance","Your Selections: & All Products & Toddler Girl & Kids & Baby Girl & Girl 4-6x & Baby Unisex & Little Boys & Boy 8-20 & Boys & Toddler Boy & Big Girls & Big Boys & Little Girls & Boy 4-7 & Girl 7-16 & Baby Boy & Girls & Big Kids & Little Kids & Yes","1","21","boscovs.com","1930"
"https://www.boscovs.com/ast/ladies-backpacks-handbags-minibags-wallets-wristlets-handbags-and-wallets","Your Selections: & All Products & Ladies & Backpacks & Handbags & Minibags & Wallets & Wristlets & Handbags & Wallets","1","20","boscovs.com","1860"
"https://www.boscovs.com/ast/beauty","Your Selections: & All Products & Beauty","1","20","boscovs.com","1840"
"https://www.boscovs.com/ast/misses-tops","Your Selections: & All Products & Misses & Tops","1","19","boscovs.com","1810"
"https://www.boscovs.com/ast/fine-jewelry-necklaces-and-pendants-1","Your Selections: & All Products & Jewelry & Watches & Necklaces & Pendants & Fine","1","19","boscovs.com","1740"
"https://www.boscovs.com/ast/womens-plus","Your Selections: & All Products & Womens Plus","1","18","boscovs.com","1660"
"https://www.boscovs.com/ast/mens-jewelry-and-watches","Your Selections: & All Products & Mens & Jewelry & Watches","1","18","boscovs.com","1650"
"https://www.boscovs.com/ast/shirts-for-men","Your Selections: & All Products & Big/Tall & Mens & Young Mens & Shirts","1","18","boscovs.com","1670"
"https://www.boscovs.com/ast/patio-and-outdoor","Your Selections: & All Products & Patio & Outdoor","1","17","boscovs.com","1570"
"https://www.boscovs.com/ast/wall-decor","Your Selections: & All Products & Wall Decor","1","17","boscovs.com","1580"
"https://www.boscovs.com/ast/juniors-clearance-1","Your Selections: & All Products & Juniors & Juniors Plus & Yes","1","17","boscovs.com","1630"
"https://www.boscovs.com/ast/handbags-accessories-clearance-1","Your Selections: & All Products & Handbags & Wallets & Accessories & Ladies & Yes","1","17","boscovs.com","1560"
"https://www.boscovs.com/ast/mens-clearance-shop-1","Your Selections: & All Products & Accessories & Activewear & Swimsuits & Cover-Ups & Underwear & Outerwear & Socks & Hosiery & Clothing & Portly & Big/Tall & Mens & Young Mens & Yes","1","17","boscovs.com","1590"
"https://www.boscovs.com/ast/fine-gold-jewelry-1","Your Selections: & All Products & Jewelry & Watches & Gold & Fine","1","16","boscovs.com","1510"
"https://www.boscovs.com/ast/outlet-center-1","Your Selections: & All Products & WebDEALS & Outlet Center","1","16","boscovs.com","1460"
"https://www.boscovs.com/ast/designer-brands-1","Your Selections: & All Products & Ladies & Designer Brands","1","16","boscovs.com","1470"
"https://www.boscovs.com/ast/jewelry-and-watches-cubic-zirconia","Your Selections: & All Products & Jewelry & Watches & Cubic Zirconia","1","15","boscovs.com","1410"
"https://www.boscovs.com/ast/bath","Your Selections: & All Products & Bath","1","15","boscovs.com","1350"
"https://www.boscovs.com/ast/petites","Your Selections: & All Products & Petites","1","14","boscovs.com","1250"
"https://www.boscovs.com/ast/juniors-juniorsplus-clothing-1","Your Selections: & All Products & Clothing & Juniors & Juniors Plus","1","14","boscovs.com","1330"
"https://www.boscovs.com/ast/shoe-top-brands-1","Your Selections: & All Products & Shoes & Shoe Top Brands","1","14","boscovs.com","1320"
"https://www.boscovs.com/ast/goldclassics","Your Selections: & All Products & Gold Classics","1","14","boscovs.com","1280"
"https://www.boscovs.com/ast/mens-accessories","Your Selections: & All Products & Mens & Accessories","1","14","boscovs.com","1340"
"https://www.boscovs.com/ast/misses-new-arrivals-1","Your Selections: & All Products & Ladies & Misses & Misses New Arrivals","1","13","boscovs.com","1180"
"https://www.boscovs.com/ast/diamond-jewelry-1","Your Selections: & All Products & Jewelry & Watches & Diamond","1","13","boscovs.com","1230"
"https://www.boscovs.com/ast/adult-unisex-ladies-watch-bands-watch-bangles-and-sets-watches-jewelry-and-watches","Your Selections: & All Products & Adult Unisex & Ladies & Watch Bands & Watch Bangles & Sets & Watches & Jewelry & Watches","1","13","boscovs.com","1180"
"https://www.boscovs.com/ast/kids-teens-top-brands-1","Your Selections: & All Products & Kids & Teens & Kids & Teens Top Brands","1","13","boscovs.com","1210"
"https://www.boscovs.com/ast/ladies-sandals","Your Selections: & All Products & Ladies & Sandals","1","12","boscovs.com","1150"
"https://www.boscovs.com/ast/luggage-and-backpacks","Your Selections: & All Products & Luggage & Backpacks","1","12","boscovs.com","1120"
"https://www.boscovs.com/ast/adult-unisex-mens-watch-bands-watch-bangles-and-sets-watches-jewelry-and-watches","Your Selections: & All Products & Adult Unisex & Mens & Watch Bands & Watch Bangles & Sets & Watches & Jewelry & Watches","1","12","boscovs.com","1140"
"https://www.boscovs.com/ast/baby-gear-1","Your Selections: & All Products & Baby Gear","1","12","boscovs.com","1150"
"https://www.boscovs.com/ast/mens-watches-1","Your Selections: & All Products & Jewelry & Watches & Mens & Watches & Watch Bands & Watch Bangles & Sets","1","12","boscovs.com","1100"
"https://www.boscovs.com/ast/window-treatments","Your Selections: & All Products & Window Treatments","1","12","boscovs.com","1090"
"https://www.boscovs.com/ast/storage-and-organization","Your Selections: & All Products & Storage & Organization","1","12","boscovs.com","1140"
"https://www.boscovs.com/ast/shoes-clearance-1","Your Selections: & All Products & Shoes & Yes","1","12","boscovs.com","1070"
"https://www.boscovs.com/ast/kitchen-dining-clearance-1","Your Selections: & All Products & Kitchen & Dining & Yes","1","12","boscovs.com","1110"
"https://www.boscovs.com/ast/ladies-accessories-socks-and-hosiery","Your Selections: & All Products & Ladies & Accessories & Socks & Hosiery","1","11","boscovs.com","1050"
"https://www.boscovs.com/ast/mothers-day-shop-1","Your Selections: & All Products & Mother's Day","1","10","boscovs.com","939"
"https://www.boscovs.com/ast/alfred-dunner-anne-klein-betsey-johnson-bueno-buxton-dooney-and-bourke-kenneth-cole-london-fog-luv-betsey-by-betsey-johnson-multisac-nine-west-rosetti-sakroots-stone-mountain-the-sak-handbags-and-wallets","Your Selections: & All Products & Alfred Dunner & Anne Klein & Betsey Johnson & Bueno & Buxton & Dooney & Bourke & Kenneth Cole & London Fog & Luv Betsey By Betsey Johnson & MultiSac & Nine West & Rosetti & Sakroots & Stone Mountain & The Sak & Handbags & Wallets","1","10","boscovs.com","959"
"https://www.boscovs.com/ast/fine-jewelry-rings-1","Your Selections: & All Products & Jewelry & Watches & Rings & Fine","1","10","boscovs.com","882"
"https://www.boscovs.com/ast/girl-4-6x-girl-7-16","Your Selections: & All Products & Girl 4-6x & Girl 7-16","1","10","boscovs.com","924"
"https://www.boscovs.com/ast/mens-t-shirts-1","Your Selections: & All Products & Big/Tall & Mens & Young Mens & Shirts & Tees","1","10","boscovs.com","954"
"https://www.boscovs.com/ast/bed-bath-top-brands","Your Selections: & All Products & Home & Bed & Bath & Bath & Bed & Bath Top Brands","1","10","boscovs.com","958"
"https://www.boscovs.com/ast/bed-and-bath-clearance-1","Your Selections: & All Products & Bed & Bath & Yes","1","10","boscovs.com","944"
"https://www.boscovs.com/ast/hot-buys-shop-1","Your Selections: & All Products & WebDEALS & Hot Buys Shop","1","10","boscovs.com","940"
"https://www.boscovs.com/ast/pajamas","Your Selections: & All Products & Pajamas","1","10","boscovs.com","957"
"https://www.boscovs.com/ast/mens-shoes","Your Selections: & All Products & Mens & Shoes","1","9","boscovs.com","847"
"https://www.boscovs.com/ast/fine-sterling-silver-jewelry-1","Your Selections: & All Products & Jewelry & Watches & Sterling Silver & Fine","1","9","boscovs.com","769"
"https://www.boscovs.com/ast/rugs-1","Your Selections: & All Products & Home Decor & Rugs","1","9","boscovs.com","857"
"https://www.boscovs.com/ast/table-linens-1","Your Selections: & All Products & Home & Kitchen & Table Linens","1","9","boscovs.com","800"
"https://www.boscovs.com/ast/petites-clearance-1","Your Selections: & All Products & Petites & Yes","1","9","boscovs.com","804"
"https://www.boscovs.com/ast/womens-plus-clearance-1","Your Selections: & All Products & Womens Plus & Yes","1","9","boscovs.com","857"
"https://www.boscovs.com/ast/misses-dresses-and-suits-1","Your Selections: & All Products & Misses & 232 & 233 & 231 & 243 & 245 & 238 & 237 & 241","1","8","boscovs.com","701"
"https://www.boscovs.com/ast/dresses-and-suits-1","Your Selections: & All Products & Misses & Womens Plus & Petites & Dresses & Pant Sets & Skirt Sets & Suits & Suit Separates","1","8","boscovs.com","754"
"https://www.boscovs.com/ast/womens-plus-tops","Your Selections: & All Products & Womens Plus & Tops","1","8","boscovs.com","673"
"https://www.boscovs.com/ast/luggage-luggage-and-backpacks","Your Selections: & All Products & Luggage & Luggage & Backpacks","1","8","boscovs.com","711"
"https://www.boscovs.com/lpc/fine-gemstone-jewelry","Your Selections: & All Products","1","8","boscovs.com","730"
"https://www.boscovs.com/lpc/designer-bedding-collections","Your Selections: & All Products","1","8","boscovs.com","705"
"https://www.boscovs.com/ast/decorative-pillows-1","Your Selections: & All Products & Decorative Pillows","1","8","boscovs.com","695"
"https://www.boscovs.com/ast/nursery-and-kids-rooms-1","Your Selections: & All Products & Kids & Teens & Nursery & Kids Rooms","1","8","boscovs.com","690"
"https://www.boscovs.com/lpc/dinnerware-and-serveware","Your Selections: & All Products","1","8","boscovs.com","742"
"https://www.boscovs.com/ast/sauder","Your Selections: & All Products & Sauder","1","8","boscovs.com","746"
"https://www.boscovs.com/ast/fragrance-shop","Your Selections: & All Products & Perfume & Cologne","1","8","boscovs.com","712"
"https://www.boscovs.com/ast/casual-231-232-233-237-238-241-243-245-266","Your Selections: & All Products & Casual & 231 & 232 & 233 & 237 & 238 & 241 & 243 & 245 & 266","1","7","boscovs.com","586"
"https://www.boscovs.com/ast/petites-tops","Your Selections: & All Products & Petites & Tops","1","7","boscovs.com","603"
"https://www.boscovs.com/ast/bras-1","Your Selections: & All Products & Bras, Panties & Lingerie & Bras","1","7","boscovs.com","671"
"https://www.boscovs.com/ast/ladies-pajamas-and-robes-1","Your Selections: & All Products & Pajamas & Misses & Juniors & Womens Plus & Juniors Plus & Petites","1","7","boscovs.com","627"
"https://www.boscovs.com/ast/ladies-athletic-shoes-and-sneakers-shoes","Your Selections: & All Products & Ladies & Athletic Shoes & Sneakers & Shoes","1","7","boscovs.com","662"
"https://www.boscovs.com/ast/gemstoneclassics","Your Selections: & All Products & Gemstone Classics","1","7","boscovs.com","617"
"https://www.boscovs.com/ast/baby-and-toddlers-1","Your Selections: & All Products & Clothing & Toddler Girl & Baby Girl & Baby Boy & Baby Unisex & Toddler Boy","1","7","boscovs.com","671"
"https://www.boscovs.com/ast/mens-dress-accessories-1","Your Selections: & All Products & Accessories & Mens & Ties & Handkerchiefs & Cuff Links & Bow Ties & Belts & Suspenders & Tie Clips","1","7","boscovs.com","583"
"https://www.boscovs.com/ast/kids-bedding-1","Your Selections: & All Products & Baby & Toddler Bedding & Kids Bedding","1","7","boscovs.com","577"
"https://www.boscovs.com/ast/bedroom-furniture-1","Your Selections: & All Products & Furniture & Mattresses & Bedroom & Kids Room","1","7","boscovs.com","634"
"https://www.boscovs.com/ast/candles-1","Your Selections: & All Products & Home Decor & Candles & Candle Accessories","1","7","boscovs.com","619"
"https://www.boscovs.com/ast/all-cookware-1","Your Selections: & All Products & Home & Kitchen & Cookware & All Cookware","1","7","boscovs.com","598"
"https://www.boscovs.com/ast/tervis","Your Selections: & All Products & Tervis","1","7","boscovs.com","606"
"https://www.boscovs.com/ast/luggage-clearance-1","Your Selections: & All Products & Luggage & Backpacks & Yes","1","7","boscovs.com","612"
"https://www.boscovs.com/ast/activewear","Your Selections: & All Products & Activewear","1","7","boscovs.com","663"
"https://www.boscovs.com/ast/swimsuits-and-cover-ups","Your Selections: & All Products & Swimsuits & Cover-Ups","1","7","boscovs.com","596"
"https://www.boscovs.com/ast/misses-pants","Your Selections: & All Products & Misses & Pants","1","6","boscovs.com","493"
"https://www.boscovs.com/ast/panties-bras-panties-and-lingerie","Your Selections: & All Products & Panties & Bras, Panties & Lingerie","1","6","boscovs.com","495"
"https://www.boscovs.com/ast/ladies-boots-shoes","Your Selections: & All Products & Ladies & Boots & Shoes","1","6","boscovs.com","514"
"https://www.boscovs.com/ast/wallets-wristlets-handbags-and-wallets","Your Selections: & All Products & Wallets & Wristlets & Handbags & Wallets","1","6","boscovs.com","495"
"https://www.boscovs.com/ast/ashley-cooper-jewelry-and-watches","Your Selections: & All Products & Ashley Cooper & Jewelry & Watches","1","6","boscovs.com","517"
"https://www.boscovs.com/ast/girls-trends-1","Your Selections: & All Products & Sunday Funday & Floral Fresh & Pop Of Color & Fearless & Girly Vibes","1","6","boscovs.com","483"
"https://www.boscovs.com/ast/girl-7-16","Your Selections: & All Products & Girl 7-16","1","6","boscovs.com","544"
"https://www.boscovs.com/ast/juniors-juniors-plus-tops","Your Selections: & All Products & Juniors & Juniors Plus & Tops","1","6","boscovs.com","540"
"https://www.boscovs.com/ast/sheets-bed","Your Selections: & All Products & Sheets & Bed","1","6","boscovs.com","541"
"https://www.boscovs.com/ast/furniture-and-mattresses-bedroom","Your Selections: & All Products & Furniture & Mattresses & Bedroom","1","6","boscovs.com","545"
"https://www.boscovs.com/lpc/bathroom-collections","Your Selections: & All Products","1","6","boscovs.com","532"
"https://www.boscovs.com/ast/frames-1","Your Selections: & All Products & Home Decor & Frames","1","6","boscovs.com","514"
"https://www.boscovs.com/ast/small-appliances","Your Selections: & All Products & Small Appliances","1","6","boscovs.com","494"
"https://www.boscovs.com/ast/barware-1","Your Selections: & All Products & Balloon & Goblet Glasses & Mixed Glassware Sets & Margarita Glasses & Highball & Shot Glasses & Martini Glasses & Double Old Fashion Glasses & Carafes, Decanters & Growlers & Bar & Wine Accessories & Champagne Glasses & Flutes & Beer Glasses","1","6","boscovs.com","510"
"https://www.boscovs.com/ast/fitness-and-sports-1","Your Selections: & All Products & Home & Fitness & Sports","1","6","boscovs.com","495"
"https://www.boscovs.com/ast/patio-and-outdoor-clearance-yes","Your Selections: & All Products & Patio & Outdoor & Yes","1","6","boscovs.com","568"
"https://www.boscovs.com/ast/jeans-for-the-family-1","Your Selections: & All Products & WebDEALS & Seasonal & Jeans For The Family","1","6","boscovs.com","512"
"https://www.boscovs.com/ast/ladies-athletic-shoes-and-sneakers-shoes-sport-casuals","Your Selections: & All Products & Ladies & Athletic Shoes & Sneakers & Shoes & Sport Casuals","1","5","boscovs.com","415"
"https://www.boscovs.com/lpc/kids-shoes","Your Selections: & All Products","1","5","boscovs.com","407"
"https://www.boscovs.com/ast/handbags-handbags-and-wallets-crossbody-messenger","Your Selections: & All Products & Handbags & Handbags & Wallets & Crossbody & Messenger","1","5","boscovs.com","450"
"https://www.boscovs.com/ast/makeup-beauty","Your Selections: & All Products & Makeup & Beauty","1","5","boscovs.com","425"
"https://www.boscovs.com/ast/bridalsets-engagement-rings-promise-rings-wedding-bands","Your Selections: & All Products & Bridal Sets & Engagement Rings & Promise Rings & Wedding Bands","1","5","boscovs.com","417"
"https://www.boscovs.com/ast/boy-4-7-boy-8-20-clothing","Your Selections: & All Products & Boy 4-7 & Boy 8-20 & Clothing","1","5","boscovs.com","476"
"https://www.boscovs.com/ast/carters-clothing","Your Selections: & All Products & Carter's & Clothing","1","5","boscovs.com","421"
"https://www.boscovs.com/ast/mens-wallets-accessories","Your Selections: & All Products & Mens & Wallets & Accessories","1","5","boscovs.com","455"
"https://www.boscovs.com/ast/blankets-and-throws-bed","Your Selections: & All Products & Blankets & Throws & Bed","1","5","boscovs.com","461"
"https://www.boscovs.com/ast/comforters-and-bedding-sets-bed","Your Selections: & All Products & Comforters & Bedding Sets & Bed","1","5","boscovs.com","468"
"https://www.boscovs.com/lpc/nursery-bedding","Your Selections: & All Products","1","5","boscovs.com","464"
"https://www.boscovs.com/ast/lamps-and-lighting","Your Selections: & All Products & Lamps & Lighting","1","5","boscovs.com","416"
"https://www.boscovs.com/ast/kitchen-gadgets-and-utensils-1","Your Selections: & All Products & Home & Kitchen & Kitchen Gadgets & Utensils","1","5","boscovs.com","419"
"https://www.boscovs.com/ast/alfred-dunner-clothing","Your Selections: & All Products & Alfred Dunner & Clothing","1","5","boscovs.com","431"
"https://www.boscovs.com/ast/perfume","Your Selections: & All Products & Perfume","1","5","boscovs.com","436"
"https://www.boscovs.com/ast/fine-jewelry-earrings-1","Your Selections: & All Products & Jewelry & Watches & Earrings & Fine","1","5","boscovs.com","473"
"https://www.boscovs.com/ast/misses-swimsuits-and-cover-ups","Your Selections: & All Products & Misses & Swimsuits & Cover-Ups","1","4","boscovs.com","309"
"https://www.boscovs.com/lpc/dresses-sale","Your Selections: & All Products","1","4","boscovs.com","303"
"https://www.boscovs.com/ast/social-and-evening-231-232-233-237-238-241-243-245-266","Your Selections: & All Products & Social & Evening & 231 & 232 & 233 & 237 & 238 & 241 & 243 & 245 & 266","1","4","boscovs.com","306"
"https://www.boscovs.com/ast/juniors-juniors-plus-misses-petites-womens-plus-pant-suits-skirt-suits-suit-separates","Your Selections: & All Products & Juniors & Juniors Plus & Misses & Petites & Womens Plus & Pant Suits & Skirt Suits & Suit Separates","1","4","boscovs.com","301"
"https://www.boscovs.com/ast/petites-new-arrivals-1","Your Selections: & All Products & Petites & Ladies & Petites & Petites New Arrivals","1","4","boscovs.com","345"
"https://www.boscovs.com/ast/misses-womens-plus-swimsuits-and-cover-ups","Your Selections: & All Products & Misses & Womens Plus & Swimsuits & Cover-Ups","1","4","boscovs.com","365"
"https://www.boscovs.com/ast/ladies-jeans-1","Your Selections: & All Products & Misses & Ladies & Womens Plus & Petites & Jeans","1","4","boscovs.com","376"
"https://www.boscovs.com/ast/scrubs-and-lab-coats-1","Your Selections: & All Products & Scrub Tops & Scrub Pants","1","4","boscovs.com","319"
"https://www.boscovs.com/ast/ladies-trends-1","Your Selections: & All Products & Keep It Moving & The 70's & Desk To Dinner & Spring Fling & The Wild Side","1","4","boscovs.com","329"
"https://www.boscovs.com/ast/ladies-heels-and-pumps-shoes","Your Selections: & All Products & Ladies & Heels & Pumps & Shoes","1","4","boscovs.com","291"
"https://www.boscovs.com/ast/strappy-sandals-1","Your Selections: & All Products & Ladies & Sandals & Strappy","1","4","boscovs.com","310"
"https://www.boscovs.com/ast/ladies-sandals-shoes-wedges","Your Selections: & All Products & Ladies & Sandals & Shoes & Wedges","1","4","boscovs.com","375"
"https://www.boscovs.com/ast/juniors-shoes-1","Your Selections: & All Products & Shoes & Juniors Shoes","1","4","boscovs.com","301"
"https://www.boscovs.com/ast/handbags-handbags-and-wallets-item-type~totes","Your Selections: & All Products & Handbags & Handbags & Wallets & Totes","1","4","boscovs.com","321"
"https://www.boscovs.com/ast/ladies-socks-and-hosiery","Your Selections: & All Products & Ladies & Socks & Hosiery","1","4","boscovs.com","324"
"https://www.boscovs.com/ast/ladies-sunglasses-1","Your Selections: & All Products & Ladies & Sunglasses","1","4","boscovs.com","320"
"https://www.boscovs.com/ast/skincare-beauty","Your Selections: & All Products & Skincare & Beauty","1","4","boscovs.com","363"
"https://www.boscovs.com/ast/pearl-onyx-jewerly-1","Your Selections: & All Products & Jewelry & Watches & Onyx & Pearls","1","4","boscovs.com","290"
"https://www.boscovs.com/ast/fashion-rings-1","Your Selections: & All Products & Jewelry & Watches & Rings & Fashion","1","4","boscovs.com","379"
"https://www.boscovs.com/ast/baby-girls-1","Your Selections: & All Products & Accessories & Swimsuits & Cover-Ups & Outerwear & Socks & Hosiery & Clothing & Baby Girl & Baby Unisex","1","4","boscovs.com","299"
"https://www.boscovs.com/ast/baby-boy-baby-girl-baby-unisex-toddler-boy-toddler-girl-sets-activewear-clothing","Your Selections: & All Products & Baby Boy & Baby Girl & Baby Unisex & Toddler Boy & Toddler Girl & Sets & Activewear & Clothing","1","4","boscovs.com","364"
"https://www.boscovs.com/ast/boy-8-20-clothing","Your Selections: & All Products & Boy 8-20 & Clothing","1","4","boscovs.com","320"
"https://www.boscovs.com/ast/girl-4-6x","Your Selections: & All Products & Girl 4-6x","1","4","boscovs.com","380"
"https://www.boscovs.com/ast/young-mens-clothing","Your Selections: & All Products & Young Mens & Clothing","1","4","boscovs.com","320"
"https://www.boscovs.com/ast/mens-ties-accessories","Your Selections: & All Products & Mens & Ties & Accessories","1","4","boscovs.com","350"
"https://www.boscovs.com/ast/mens-trends-1","Your Selections: & All Products & Rise Of The G-Tees & Clash Of Patterns & Style Your Empire & Jeanious","1","4","boscovs.com","340"
"https://www.boscovs.com/ast/quilts-and-bedspreads-bed","Your Selections: & All Products & Quilts & Bedspreads & Bed","1","4","boscovs.com","365"
"https://www.boscovs.com/lpc/warmth-shop","Your Selections: & All Products","1","4","boscovs.com","304"
"https://www.boscovs.com/ast/shower-curtain-hooks-shower-curtains-bath","Your Selections: & All Products & Shower Curtain Hooks & Shower Curtains & Bath","1","4","boscovs.com","307"
"https://www.boscovs.com/ast/towels-bath","Your Selections: & All Products & Towels & Bath","1","4","boscovs.com","361"
"https://www.boscovs.com/ast/avanti-bath","Your Selections: & All Products & Avanti & Bath","1","4","boscovs.com","323"
"https://www.boscovs.com/ast/top-treatments-window-treatments","Your Selections: & All Products & Top Treatments & Window Treatments","1","4","boscovs.com","368"
"https://www.boscovs.com/ast/home-office-1","Your Selections: & All Products & Furniture & Mattresses & Office","1","4","boscovs.com","310"
"https://www.boscovs.com/ast/chairs-and-recliners-furniture-and-mattresses","Your Selections: & All Products & Chairs & Recliners & Furniture & Mattresses","1","4","boscovs.com","340"
"https://www.boscovs.com/ast/decorative-pillows-home-decor","Your Selections: & All Products & Decorative Pillows & Home Decor","1","4","boscovs.com","361"
"https://www.boscovs.com/ast/bakeware-1","Your Selections: & All Products & Home & Kitchen & Bakeware","1","4","boscovs.com","301"
"https://www.boscovs.com/ast/cutlery-1","Your Selections: & All Products & Home & Kitchen & Cutlery","1","4","boscovs.com","366"
"https://www.boscovs.com/ast/pet-shop","Your Selections: & All Products & Pet Shop","1","4","boscovs.com","323"
"https://www.boscovs.com/ast/wedding-and-bridal-1","Your Selections: & All Products & Bridal & Wedding","1","4","boscovs.com","367"
"https://www.boscovs.com/ast/juniors-new-arrivals-1","Your Selections: & All Products & Ladies & Juniors & Juniors New Arrivals","1","4","boscovs.com","335"
"https://www.boscovs.com/ast/ladies-calvin-klein-1","Your Selections: & All Products & Misses & Womens Plus & Petites & Calvin Klein","1","4","boscovs.com","360"
"https://www.boscovs.com/ast/hasting-and-smith","Your Selections: & All Products & Hasting & Smith","1","4","boscovs.com","308"
"https://www.boscovs.com/ast/activewear-misses-1","Your Selections: & All Products & Activewear & Misses & Ladies","1","3","boscovs.com","224"
"https://www.boscovs.com/ast/dresses-new-arrivals-1","Your Selections: & All Products & Ladies & Dresses New Arrivals","1","3","boscovs.com","240"
"https://www.boscovs.com/ast/petites-pants","Your Selections: & All Products & Petites & Pants","1","3","boscovs.com","221"
"https://www.boscovs.com/ast/womens-plus-new-arrivals-1","Your Selections: & All Products & Ladies & Womens Plus & Womens Plus New Arrivals","1","3","boscovs.com","269"
"https://www.boscovs.com/ast/womens-plus-pants","Your Selections: & All Products & Womens Plus & Pants","1","3","boscovs.com","232"
"https://www.boscovs.com/ast/gifts-for-her-1","Your Selections: & All Products & Ladies & Gifts For Her","1","3","boscovs.com","216"
"https://www.boscovs.com/ast/ladies-shoes-new-arrivals-1","Your Selections: & All Products & Shoes & Ladies Shoes & Ladies Shoes New Arrivals","1","3","boscovs.com","249"
"https://www.boscovs.com/ast/ladies-clogs-and-mules-shoes","Your Selections: & All Products & Ladies & Clogs & Mules & Shoes","1","3","boscovs.com","235"
"https://www.boscovs.com/ast/ladies-flats-shoes","Your Selections: & All Products & Ladies & Flats & Shoes","1","3","boscovs.com","239"
"https://www.boscovs.com/ast/ladies-loafers-and-moccasins-shoes","Your Selections: & All Products & Ladies & Loafers & Moccasins & Shoes","1","3","boscovs.com","216"
"https://www.boscovs.com/ast/ladies-slippers-shoes","Your Selections: & All Products & Ladies & Slippers & Shoes","1","3","boscovs.com","255"
"https://www.boscovs.com/ast/active-brands","Your Selections: & All Products & Shoes & Athletic Shoes & Sneakers & Sneakers & U.S. Polo Assn. & Fila & Skechers & New Balance & RBX & Keds & Ryka & Avia & Reebok & Asics","1","3","boscovs.com","268"
"https://www.boscovs.com/ast/mens-athletic-shoes-and-sneakers-shoes","Your Selections: & All Products & Mens & Athletic Shoes & Sneakers & Shoes","1","3","boscovs.com","240"
"https://www.boscovs.com/ast/mens-oxfords-shoes","Your Selections: & All Products & Mens & Oxfords & Shoes","1","3","boscovs.com","201"
"https://www.boscovs.com/ast/girls-shoes-1","Your Selections: & All Products & Shoes & Toddler Girl & Baby Girl & Girls & Big Girls & Little Girls","1","3","boscovs.com","280"
"https://www.boscovs.com/ast/naturalizer","Your Selections: & All Products & Naturalizer","1","3","boscovs.com","228"
"https://www.boscovs.com/ast/skechers","Your Selections: & All Products & Skechers","1","3","boscovs.com","282"
"https://www.boscovs.com/ast/handbags-new-arrivals-1","Your Selections: & All Products & Handbags & Accessories & Handbags New Arrivals","1","3","boscovs.com","213"
"https://www.boscovs.com/ast/ladies-misses-petites-womens-plus-leggings","Your Selections: & All Products & Ladies & Misses & Petites & Womens Plus & Leggings","1","3","boscovs.com","212"
"https://www.boscovs.com/ast/luggage-and-backpacks-carry-ons","Your Selections: & All Products & Luggage & Backpacks & Carry-Ons","1","3","boscovs.com","213"
"https://www.boscovs.com/ast/hue","Your Selections: & All Products & HUE","1","3","boscovs.com","212"
"https://www.boscovs.com/ast/beauty-makeup-face-1","Your Selections: & All Products & Beauty & Oil Control & Blotting Paper & Setting Powder & Sprays & Moisturizers & Blush & Bronzers & Primers & Concealers & Powders & Bb & Cc Creams & Foundations","1","3","boscovs.com","243"
"https://www.boscovs.com/ast/earrings-diamond-1","Your Selections: & All Products & Jewelry & Watches & Earrings & Diamond","1","3","boscovs.com","233"
"https://www.boscovs.com/ast/jewelry-and-watches-moissanite","Your Selections: & All Products & Jewelry & Watches & Moissanite","1","3","boscovs.com","235"
"https://www.boscovs.com/ast/anne-klein-jewelry-and-watches","Your Selections: & All Products & Anne Klein & Jewelry & Watches","1","3","boscovs.com","227"
"https://www.boscovs.com/ast/citizen","Your Selections: & All Products & Citizen","1","3","boscovs.com","251"
"https://www.boscovs.com/ast/le-vian","Your Selections: & All Products & Le Vian","1","3","boscovs.com","212"
"https://www.boscovs.com/ast/diamondclassics","Your Selections: & All Products & Diamond Classics","1","3","boscovs.com","201"
"https://www.boscovs.com/ast/baby-boys-1","Your Selections: & All Products & Accessories & Swimsuits & Cover-Ups & Underwear & Outerwear & Socks & Hosiery & Clothing & Baby Boy & Baby Unisex","1","3","boscovs.com","278"
"https://www.boscovs.com/ast/toddler-girls","Your Selections: & All Products & Toddler Girl","1","3","boscovs.com","202"
"https://www.boscovs.com/ast/boy-4-7-boy-8-20-boys-tops-clothing","Your Selections: & All Products & Boy 4-7 & Boy 8-20 & Boys & Tops & Clothing","1","3","boscovs.com","258"
"https://www.boscovs.com/ast/girl-4-6x-girl-7-16-girls-jeans-leggings-pants-shorts-skirts","Your Selections: & All Products & Girl 4-6x & Girl 7-16 & Girls & Jeans & Leggings & Pants & Shorts & Skirts","1","3","boscovs.com","198"
"https://www.boscovs.com/ast/girl-4-6x-girl-7-16-sets","Your Selections: & All Products & Girl 4-6x & Girl 7-16 & Sets","1","3","boscovs.com","222"
"https://www.boscovs.com/ast/girl-4-6x-girl-7-16-girls-tops","Your Selections: & All Products & Girl 4-6x & Girl 7-16 & Girls & Tops","1","3","boscovs.com","244"
"https://www.boscovs.com/ast/kids-pajamas-shop","Your Selections: & All Products & Pajamas & Toddler Girl & Girl 7-16 & Baby Girl & Baby Boy & Girl 4-6x & Baby Unisex & Girls & Boy 8-20 & Boys & Toddler Boy & Boy 4-7","1","3","boscovs.com","253"
"https://www.boscovs.com/ast/juniors-juniors-plus-dresses","Your Selections: & All Products & Juniors & Juniors Plus & Dresses","1","3","boscovs.com","288"
"https://www.boscovs.com/ast/juniors-career-1","Your Selections: & All Products & Kids & Teens & Juniors & Juniors & Juniors Plus Career Clothing","1","3","boscovs.com","209"
"https://www.boscovs.com/ast/big-tall-mens-young-mens-activewear-1","Your Selections: & All Products & Activewear & Big/Tall & Mens & Young Mens","1","3","boscovs.com","198"
"https://www.boscovs.com/ast/mens-button-down-shirts-1","Your Selections: & All Products & Big/Tall & Mens & Young Mens & Shirts & Casual Button Downs","1","3","boscovs.com","226"
"https://www.boscovs.com/ast/mens-graphic-tees-1","Your Selections: & All Products & Big/Tall & Mens & Young Mens & Shirts & Graphic Tees","1","3","boscovs.com","215"
"https://www.boscovs.com/ast/mens-socks-and-underwear-1","Your Selections: & All Products & Underwear & Socks & Hosiery & Big/Tall & Mens & Young Mens","1","3","boscovs.com","270"
"https://www.boscovs.com/ast/big-tall","Your Selections: & All Products & Big/Tall","1","3","boscovs.com","261"
"https://www.boscovs.com/ast/mens-gifts-and-gadgets","Your Selections: & All Products & Gifts For Him","1","3","boscovs.com","217"
"https://www.boscovs.com/lpc/comforters-quilts-bedspreads-under-40","Your Selections: & All Products","1","3","boscovs.com","279"
"https://www.boscovs.com/ast/pillows-bed","Your Selections: & All Products & Pillows & Bed","1","3","boscovs.com","268"
"https://www.boscovs.com/ast/bath-rugs-and-mats-bath","Your Selections: & All Products & Bath Rugs & Mats & Bath","1","3","boscovs.com","288"
"https://www.boscovs.com/ast/croscill","Your Selections: & All Products & Croscill","1","3","boscovs.com","236"
"https://www.boscovs.com/ast/window-treatments-rod-pockets","Your Selections: & All Products & Window Treatments & Rod Pockets","1","3","boscovs.com","281"
"https://www.boscovs.com/ast/curtain-hardware-window-treatments","Your Selections: & All Products & Curtain Hardware & Window Treatments","1","3","boscovs.com","203"
"https://www.boscovs.com/ast/clocks-1","Your Selections: & All Products & Clocks","1","3","boscovs.com","222"
"https://www.boscovs.com/ast/lenox","Your Selections: & All Products & Lenox","1","3","boscovs.com","251"
"https://www.boscovs.com/ast/pavilion","Your Selections: & All Products & Pavilion","1","3","boscovs.com","213"
"https://www.boscovs.com/ast/yankee-candle","Your Selections: & All Products & Yankee Candle","1","3","boscovs.com","227"
"https://www.boscovs.com/ast/outerwear","Your Selections: & All Products & Outerwear","1","3","boscovs.com","235"
"https://www.boscovs.com/ast/4th-of-july","Your Selections: & All Products & 4th Of July","1","3","boscovs.com","237"
"https://www.boscovs.com/ast/ruby-rd-clothing","Your Selections: & All Products & Ruby Rd. & Clothing","1","3","boscovs.com","198"
"https://www.boscovs.com/ast/clinique","Your Selections: & All Products & Clinique","1","3","boscovs.com","275"
"https://www.boscovs.com/ast/lancome","Your Selections: & All Products & Lancome","1","3","boscovs.com","198"
"https://www.boscovs.com/ast/cologne","Your Selections: & All Products & Cologne","1","3","boscovs.com","276"
"https://www.boscovs.com/ast/bath-and-body-beauty","Your Selections: & All Products & Bath & Body & Beauty","1","3","boscovs.com","212"
"https://www.boscovs.com/ast/personal-care","Your Selections: & All Products & Personal Care","1","3","boscovs.com","260"
"https://www.boscovs.com/ast/misses-leggings","Your Selections: & All Products & Misses & Leggings","1","2","boscovs.com","151"
"https://www.boscovs.com/ast/misses-pants-capris","Your Selections: & All Products & Misses & Pants & Capris","1","2","boscovs.com","105"
"https://www.boscovs.com/ast/misses-shorts","Your Selections: & All Products & Misses & Shorts","1","2","boscovs.com","111"
"https://www.boscovs.com/ast/misses-skirts","Your Selections: & All Products & Misses & Skirts","1","2","boscovs.com","113"
"https://www.boscovs.com/ast/petites-dresses-and-suits-1","Your Selections: & All Products & Petites & 232 & 233 & 231 & 243 & 245 & 238 & 237 & 241","1","2","boscovs.com","168"
"https://www.boscovs.com/ast/juniors-juniors-plus-ladies-misses-womens-plus-lingerie","Your Selections: & All Products & Juniors & Juniors Plus & Ladies & Misses & Womens Plus & Lingerie","1","2","boscovs.com","97"
"https://www.boscovs.com/ast/ladies-shapewear","Your Selections: & All Products & Ladies & Shapewear","1","2","boscovs.com","137"
"https://www.boscovs.com/ast/misses-womens-plus-one-piece-swimsuits-and-cover-ups","Your Selections: & All Products & Misses & Womens Plus & One Piece & Swimsuits & Cover-Ups","1","2","boscovs.com","106"
"https://www.boscovs.com/ast/misses-womens-plus-swim-tops-swimsuits-and-cover-ups","Your Selections: & All Products & Misses & Womens Plus & Swim Tops & Swimsuits & Cover-Ups","1","2","boscovs.com","175"
"https://www.boscovs.com/ast/womens-plus-dresses-and-suits-1","Your Selections: & All Products & Womens Plus & 232 & 233 & 231 & 243 & 245 & 238 & 237 & 241","1","2","boscovs.com","181"
"https://www.boscovs.com/ast/skinny-jeans-1","Your Selections: & All Products & Misses & Womens Plus & Petites & Jeans & Skinny","1","2","boscovs.com","113"
"https://www.boscovs.com/ast/straight-leg-jeans-1","Your Selections: & All Products & Misses & Womens Plus & Petites & Jeans & Straight","1","2","boscovs.com","141"
"https://www.boscovs.com/ast/zac-and-rachel","Your Selections: & All Products & Zac & Rachel","1","2","boscovs.com","120"
"https://www.boscovs.com/ast/ladies-shoes-social-and-evening","Your Selections: & All Products & Ladies & Shoes & Social & Evening","1","2","boscovs.com","106"
"https://www.boscovs.com/ast/adult-unisex-ladies-shoes-work","Your Selections: & All Products & Adult Unisex & Ladies & Shoes & Work","1","2","boscovs.com","164"
"https://www.boscovs.com/ast/thong-flip-flop-sandals-1","Your Selections: & All Products & Shoes & Ladies & Sandals & Flip Flops","1","2","boscovs.com","130"
"https://www.boscovs.com/ast/ladies-sandals-shoes-platform","Your Selections: & All Products & Ladies & Sandals & Shoes & Platform","1","2","boscovs.com","164"
"https://www.boscovs.com/ast/mens-boots-shoes","Your Selections: & All Products & Mens & Boots & Shoes","1","2","boscovs.com","113"
"https://www.boscovs.com/ast/mens-loafers-and-moccasins-shoes","Your Selections: & All Products & Mens & Loafers & Moccasins & Shoes","1","2","boscovs.com","152"
"https://www.boscovs.com/ast/boys-shoes-1","Your Selections: & All Products & Shoes & Baby Boy & Little Boys & Boys & Big Boys & Toddler Boy & Big Kids","1","2","boscovs.com","104"
"https://www.boscovs.com/ast/dr-scholls-shoes","Your Selections: & All Products & Dr. Scholl's & Shoes","1","2","boscovs.com","111"
"https://www.boscovs.com/ast/easy-street","Your Selections: & All Products & Easy Street","1","2","boscovs.com","169"
"https://www.boscovs.com/ast/lifestride","Your Selections: & All Products & LifeStride","1","2","boscovs.com","153"
"https://www.boscovs.com/ast/handbags-handbags-and-wallets-hobo","Your Selections: & All Products & Handbags & Handbags & Wallets & Hobo","1","2","boscovs.com","133"
"https://www.boscovs.com/ast/minibags-handbags-and-wallets","Your Selections: & All Products & Minibags & Handbags & Wallets","1","2","boscovs.com","99"
"https://www.boscovs.com/ast/handbags-handbags-and-wallets-satchel","Your Selections: & All Products & Handbags & Handbags & Wallets & Satchel","1","2","boscovs.com","175"
"https://www.boscovs.com/ast/backpacks-luggage-and-backpacks","Your Selections: & All Products & Backpacks & Luggage & Backpacks","1","2","boscovs.com","158"
"https://www.boscovs.com/ast/lunch-bags-coolers-and-picnic-baskets-1","Your Selections: & All Products & Coolers & Lunch Boxes","1","2","boscovs.com","130"
"https://www.boscovs.com/ast/rain-gear-and-umbrellas","Your Selections: & All Products & Misses & Ladies & Umbrellas & Coats & Boots & Raincoats & Rain & Winter","1","2","boscovs.com","157"
"https://www.boscovs.com/ast/ladies-scarves-and-wraps-accessories","Your Selections: & All Products & Ladies & Scarves & Wraps & Accessories","1","2","boscovs.com","132"
"https://www.boscovs.com/ast/travel-accessories-luggage-and-backpacks","Your Selections: & All Products & Travel Accessories & Luggage & Backpacks","1","2","boscovs.com","168"
"https://www.boscovs.com/ast/bueno","Your Selections: & All Products & Bueno","1","2","boscovs.com","146"
"https://www.boscovs.com/ast/rosetti","Your Selections: & All Products & Rosetti","1","2","boscovs.com","102"
"https://www.boscovs.com/ast/ladies-nine-west-accessories-handbags-and-wallets","Your Selections: & All Products & Ladies & Nine West & Accessories & Handbags & Wallets","1","2","boscovs.com","132"
"https://www.boscovs.com/ast/the-sak-handbags-and-wallets","Your Selections: & All Products & The Sak & Handbags & Wallets","1","2","boscovs.com","103"
"https://www.boscovs.com/ast/stone-mountain","Your Selections: & All Products & Stone Mountain","1","2","boscovs.com","144"
"https://www.boscovs.com/ast/beauty-makeup-eyes-1","Your Selections: & All Products & Beauty & Mascaras & Brows & Eye Shadows & False Eyelashes & Eye Liners","1","2","boscovs.com","118"
"https://www.boscovs.com/ast/engagement-rings-1","Your Selections: & All Products & Jewelry & Watches & Rings & Engagement Rings","1","2","boscovs.com","134"
"https://www.boscovs.com/ast/wedding-bands-1","Your Selections: & All Products & Jewelry & Watches & Wedding Bands","1","2","boscovs.com","181"
"https://www.boscovs.com/ast/fashion-jewelry-sets-1","Your Selections: & All Products & Jewelry & Watches & Sets & Fashion","1","2","boscovs.com","174"
"https://www.boscovs.com/ast/social-evening-jewelry-1","Your Selections: & All Products & Jewelry & Watches & Social & Evening","1","2","boscovs.com","175"
"https://www.boscovs.com/ast/jewelry-armoires-jewelry-boxes-jewelry-and-watches","Your Selections: & All Products & Jewelry Armoires & Jewelry Boxes & Jewelry & Watches","1","2","boscovs.com","109"
"https://www.boscovs.com/ast/jewelry-gifts-1","Your Selections: & All Products & Jewelry Gifts","1","2","boscovs.com","108"
"https://www.boscovs.com/ast/kids-watches-1","Your Selections: & All Products & Jewelry & Watches & Kids & Girls & Boys & Watches","1","2","boscovs.com","104"
"https://www.boscovs.com/ast/bulova","Your Selections: & All Products & Bulova","1","2","boscovs.com","189"
"https://www.boscovs.com/ast/caravelle-jewelry-and-watches","Your Selections: & All Products & Caravelle & Jewelry & Watches","1","2","boscovs.com","118"
"https://www.boscovs.com/ast/guess-jewelry-and-watches","Your Selections: & All Products & Guess & Jewelry & Watches","1","2","boscovs.com","149"
"https://www.boscovs.com/ast/endless-affection","Your Selections: & All Products & Endless Affection","1","2","boscovs.com","104"
"https://www.boscovs.com/ast/jewelry-and-watches-true-light","Your Selections: & All Products & Jewelry & Watches & True Light","1","2","boscovs.com","109"
"https://www.boscovs.com/ast/toddler-boys","Your Selections: & All Products & Toddler Boy","1","2","boscovs.com","105"
"https://www.boscovs.com/ast/boy-4-7-clothing","Your Selections: & All Products & Boy 4-7 & Clothing","1","2","boscovs.com","156"
"https://www.boscovs.com/ast/boy-4-7-boy-8-20-activewear","Your Selections: & All Products & Boy 4-7 & Boy 8-20 & Activewear","1","2","boscovs.com","118"
"https://www.boscovs.com/ast/boy-4-7-boy-8-20-boys-jeans-pants-shorts-clothing","Your Selections: & All Products & Boy 4-7 & Boy 8-20 & Boys & Jeans & Pants & Shorts & Clothing","1","2","boscovs.com","159"
"https://www.boscovs.com/ast/girl-7-16-girls-accessories","Your Selections: & All Products & Girl 7-16 & Girls & Accessories","1","2","boscovs.com","149"
"https://www.boscovs.com/ast/girl-4-6x-girl-7-16-activewear","Your Selections: & All Products & Girl 4-6x & Girl 7-16 & Activewear","1","2","boscovs.com","104"
"https://www.boscovs.com/ast/girl-4-6x-girl-7-16-dresses","Your Selections: & All Products & Girl 4-6x & Girl 7-16 & Dresses","1","2","boscovs.com","133"
"https://www.boscovs.com/ast/school-uniforms-for-all-ages-1","Your Selections: & All Products & Girl 7-16 & Girl 4-6x & Juniors & Boy 8-20 & Juniors Plus & Boy 4-7 & Young Mens & Uniform","1","2","boscovs.com","126"
"https://www.boscovs.com/ast/juniors-juniors-plus-pants","Your Selections: & All Products & Juniors & Juniors Plus & Pants","1","2","boscovs.com","135"
"https://www.boscovs.com/ast/baby-boy-baby-girl-baby-unisex-boys-girls-kids-furniture-and-mattresses","Your Selections: & All Products & Baby Boy & Baby Girl & Baby Unisex & Boys & Girls & Kids & Furniture & Mattresses","1","2","boscovs.com","171"
"https://www.boscovs.com/ast/big-tall-mens-young-mens-hoodies-and-sweatshirts-clothing","Your Selections: & All Products & Big/Tall & Mens & Young Mens & Hoodies & Sweatshirts & Clothing","1","2","boscovs.com","159"
"https://www.boscovs.com/ast/big-tall-mens-portly-young-mens-shorts-activewear-clothing","Your Selections: & All Products & Big/Tall & Mens & Portly & Young Mens & Shorts & Activewear & Clothing","1","2","boscovs.com","152"
"https://www.boscovs.com/ast/mens-dress-shirts-1","Your Selections: & All Products & Big/Tall & Mens & Young Mens & Dress Shirts","1","2","boscovs.com","188"
"https://www.boscovs.com/ast/mens-pants-1","Your Selections: & All Products & Big/Tall & Mens & Young Mens & Pants","1","2","boscovs.com","161"
"https://www.boscovs.com/ast/mens-suits-and-suit-separates-1","Your Selections: & All Products & Portly & Big/Tall & Mens & Suits & Suit Separates","1","2","boscovs.com","159"
"https://www.boscovs.com/ast/big-tall-mens-belts-accessories","Your Selections: & All Products & Big/Tall & Mens & Belts & Accessories","1","2","boscovs.com","129"
"https://www.boscovs.com/ast/electronics","Your Selections: & All Products & Electronics","1","2","boscovs.com","162"
"https://www.boscovs.com/ast/mens-adidas-activewear-clothing","Your Selections: & All Products & Mens & Adidas & Activewear & Clothing","1","2","boscovs.com","98"
"https://www.boscovs.com/ast/mens-architect","Your Selections: & All Products & Mens & Architect","1","2","boscovs.com","158"
"https://www.boscovs.com/ast/mens-dickies","Your Selections: & All Products & Mens & Dickies","1","2","boscovs.com","101"
"https://www.boscovs.com/ast/mens-dockers","Your Selections: & All Products & Mens & Dockers","1","2","boscovs.com","100"
"https://www.boscovs.com/ast/big-tall-mens-haggar","Your Selections: & All Products & Big/Tall & Mens & Haggar","1","2","boscovs.com","150"
"https://www.boscovs.com/ast/mens-izod","Your Selections: & All Products & Mens & IZOD","1","2","boscovs.com","109"
"https://www.boscovs.com/ast/mens-van-heusen","Your Selections: & All Products & Mens & Van Heusen","1","2","boscovs.com","150"
"https://www.boscovs.com/ast/duvets-bed","Your Selections: & All Products & Duvets & Bed","1","2","boscovs.com","121"
"https://www.boscovs.com/ast/bath-bed-size-twin-xl","Your Selections: & All Products & Bath & Bed & Twin XL","1","2","boscovs.com","98"
"https://www.boscovs.com/ast/bed-hypoallergenic","Your Selections: & All Products & Bed & Hypoallergenic","1","2","boscovs.com","112"
"https://www.boscovs.com/ast/ashley-cooper-bath-bed","Your Selections: & All Products & Ashley Cooper & Bath & Bed","1","2","boscovs.com","169"
"https://www.boscovs.com/ast/waverly","Your Selections: & All Products & Waverly","1","2","boscovs.com","178"
"https://www.boscovs.com/lpc/curtain-collections","Your Selections: & All Products","1","2","boscovs.com","179"
"https://www.boscovs.com/ast/grommet-curtains-and-drapes-1","Your Selections: & All Products & Window Treatments & Curtains & Drapes & Grommets","1","2","boscovs.com","154"
"https://www.boscovs.com/ast/kitchen-curtains-1","Your Selections: & All Products & Window Treatments & Curtains & Drapes & Kitchen Curtains","1","2","boscovs.com","101"
"https://www.boscovs.com/ast/as-seen-on-tv","Your Selections: & All Products & As Seen On TV","1","2","boscovs.com","176"
"https://www.boscovs.com/ast/carpet-cleaners-cleaning-solutions-cleaning-supplies-vacuums","Your Selections: & All Products & Carpet Cleaners & Cleaning Solutions & Cleaning Supplies & Vacuums","1","2","boscovs.com","100"
"https://www.boscovs.com/ast/mattresses-and-box-springs-furniture-and-mattresses","Your Selections: & All Products & Mattresses & Box Springs & Furniture & Mattresses","1","2","boscovs.com","105"
"https://www.boscovs.com/ast/sofas-and-loveseats-furniture-and-mattresses","Your Selections: & All Products & Sofas & Loveseats & Furniture & Mattresses","1","2","boscovs.com","148"
"https://www.boscovs.com/ast/kitchen-and-dining-furniture-1","Your Selections: & All Products & Furniture & Mattresses & Dining Room & Kitchen","1","2","boscovs.com","128"
"https://www.boscovs.com/ast/patio-furniture-patio-and-outdoor","Your Selections: & All Products & Patio Furniture & Patio & Outdoor","1","2","boscovs.com","105"
"https://www.boscovs.com/ast/furniture-protectors-furniture-slipcovers","Your Selections: & All Products & Furniture Protectors & Furniture Slipcovers","1","2","boscovs.com","121"
"https://www.boscovs.com/ast/kitchentowels","Your Selections: & All Products & Kitchen Towels","1","2","boscovs.com","106"
"https://www.boscovs.com/ast/home-climate","Your Selections: & All Products & Home Climate","1","2","boscovs.com","107"
"https://www.boscovs.com/ast/collectible-figurines-and-accents-home-decor","Your Selections: & All Products & Collectible Figurines & Accents & Home Decor","1","2","boscovs.com","181"
"https://www.boscovs.com/ast/farberware","Your Selections: & All Products & Farberware","1","2","boscovs.com","100"
"https://www.boscovs.com/ast/kitchenaid","Your Selections: & All Products & KitchenAid","1","2","boscovs.com","108"
"https://www.boscovs.com/ast/webbusters-1","Your Selections: & All Products & WebBuster","1","2","boscovs.com","150"
"https://www.boscovs.com/ast/bridal-gifts","Your Selections: & All Products & Handbags & Wallets & Kitchen & Dining & Patio & Outdoor & Luggage & Backpacks & Home Decor & Bridal & Wedding","1","2","boscovs.com","153"
"https://www.boscovs.com/ast/webdeals-seasonal-wedding-and-bridal-top-registered-gifts","Your Selections: & All Products & WebDEALS & Seasonal & Wedding & Bridal & Top Registered Gifts","1","2","boscovs.com","167"
"https://www.boscovs.com/ast/outdoor-entertaining","Your Selections: & All Products & Outdoor Entertaining","1","2","boscovs.com","160"
"https://www.boscovs.com/ast/trend-setter","Your Selections: & All Products & Trend Setter","1","2","boscovs.com","167"
"https://www.boscovs.com/ast/juniors-plus","Your Selections: & All Products & Juniors Plus","1","2","boscovs.com","169"
"https://www.boscovs.com/ast/juniors-trends-1","Your Selections: & All Products & Juniors & Juniors Plus & Floral Tribute & Change Your Stripes & Show Stoppers & It's A Wrap & Bring On The Blue","1","2","boscovs.com","137"
"https://www.boscovs.com/ast/ny-collection","Your Selections: & All Products & NY Collection","1","2","boscovs.com","104"
"https://www.boscovs.com/ast/rafaella","Your Selections: & All Products & Rafaella","1","2","boscovs.com","166"
"https://www.boscovs.com/ast/skyes-the-limit","Your Selections: & All Products & Skye's The Limit","1","2","boscovs.com","138"
"https://www.boscovs.com/ast/beauty-eye-lip-care-1","Your Selections: & All Products & Beauty & Puffiness & Dark Circles & Lip Balm & Treatments & Eye Care & Fine Lines & Wrinkles","1","2","boscovs.com","113"
"https://www.boscovs.com/ast/estee-lauder","Your Selections: & All Products & Estee Lauder","1","2","boscovs.com","170"
"https://www.boscovs.com/ast/elizabeth-arden","Your Selections: & All Products & Elizabeth Arden","1","2","boscovs.com","137"
"https://www.boscovs.com/ast/perfume-cologne-gift-sets","Your Selections: & All Products & Beauty & Perfume & Cologne & Gift Sets","1","2","boscovs.com","109"
"https://www.boscovs.com/ast/fine-jewelry-bracelets-1","Your Selections: & All Products & Jewelry & Watches & Bracelets & Fine","1","2","boscovs.com","173"
"https://www.boscovs.com/ast/misses-outerwear","Your Selections: & All Products & Misses & Outerwear","1","1","boscovs.com","55"
"https://www.boscovs.com/ast/misses-petites-womens-plus-jumpsuits","Your Selections: & All Products & Misses & Petites & Womens Plus & Jumpsuits","1","1","boscovs.com","45"
"https://www.boscovs.com/lpc/little-black-dresses","Your Selections: & All Products","1","1","boscovs.com","77"
"https://www.boscovs.com/ast/juniors-juniors-plus-misses-petites-womens-plus-outerwear","Your Selections: & All Products & Juniors & Juniors Plus & Misses & Petites & Womens Plus & Outerwear","1","1","boscovs.com","96"
"https://www.boscovs.com/ast/petites-pants-capris","Your Selections: & All Products & Petites & Pants & Capris","1","1","boscovs.com","64"
"https://www.boscovs.com/ast/petites-skirts","Your Selections: & All Products & Petites & Skirts","1","1","boscovs.com","13"
"https://www.boscovs.com/ast/wardrobe-solutions","Your Selections: & All Products & Wardrobe Solutions","1","1","boscovs.com","72"
"https://www.boscovs.com/ast/misses-womens-plus-swim-bottoms-swimsuits-and-cover-ups","Your Selections: & All Products & Misses & Womens Plus & Swim Bottoms & Swimsuits & Cover-Ups","1","1","boscovs.com","77"
"https://www.boscovs.com/ast/misses-womens-plus-cover-ups-swimsuits-and-cover-ups","Your Selections: & All Products & Misses & Womens Plus & Cover-Ups & Swimsuits & Cover-Ups","1","1","boscovs.com","7"
"https://www.boscovs.com/ast/womens-plus-activewear","Your Selections: & All Products & Womens Plus & Activewear","1","1","boscovs.com","5"
"https://www.boscovs.com/ast/womens-plus-outerwear","Your Selections: & All Products & Womens Plus & Outerwear","1","1","boscovs.com","22"
"https://www.boscovs.com/ast/womens-plus-skirts","Your Selections: & All Products & Womens Plus & Skirts","1","1","boscovs.com","22"
"https://www.boscovs.com/ast/womens-plus-swimsuits-and-cover-ups","Your Selections: & All Products & Womens Plus & Swimsuits & Cover-Ups","1","1","boscovs.com","56"
"https://www.boscovs.com/ast/bootcut-jeans-1","Your Selections: & All Products & Misses & Womens Plus & Petites & Jeans & Bootcut","1","1","boscovs.com","19"
"https://www.boscovs.com/ast/vintage-america","Your Selections: & All Products & Vintage America","1","1","boscovs.com","37"
"https://www.boscovs.com/ast/ladies-boat-shoes-shoes","Your Selections: & All Products & Ladies & Boat Shoes & Shoes","1","1","boscovs.com","17"
"https://www.boscovs.com/ast/ladies-oxfords-shoes","Your Selections: & All Products & Ladies & Oxfords & Shoes","1","1","boscovs.com","12"
"https://www.boscovs.com/ast/pretty-platforms","Your Selections: & All Products & Pretty Platforms","1","1","boscovs.com","33"
"https://www.boscovs.com/ast/stylish-slides","Your Selections: & All Products & Stylish Slides","1","1","boscovs.com","46"
"https://www.boscovs.com/ast/sassy-sandals","Your Selections: & All Products & Sassy Sandals","1","1","boscovs.com","93"
"https://www.boscovs.com/ast/happy-heels","Your Selections: & All Products & Happy Heels","1","1","boscovs.com","20"
"https://www.boscovs.com/ast/flirty-flats","Your Selections: & All Products & Flirty Flats","1","1","boscovs.com","42"
"https://www.boscovs.com/ast/ladies-sandals-sport","Your Selections: & All Products & Ladies & Sandals & Sport","1","1","boscovs.com","38"
"https://www.boscovs.com/lpc/beach-shoes","Your Selections: & All Products","1","1","boscovs.com","94"
"https://www.boscovs.com/ast/asics","Your Selections: & All Products & Asics","1","1","boscovs.com","11"
"https://www.boscovs.com/ast/adidas-shoes","Your Selections: & All Products & Adidas & Shoes","1","1","boscovs.com","12"
"https://www.boscovs.com/ast/avia","Your Selections: & All Products & Avia","1","1","boscovs.com","15"
"https://www.boscovs.com/ast/fila-shoes","Your Selections: & All Products & Fila & Shoes","1","1","boscovs.com","59"
"https://www.boscovs.com/ast/new-balance-shoes","Your Selections: & All Products & New Balance & Shoes","1","1","boscovs.com","29"
"https://www.boscovs.com/ast/reebok-shoes","Your Selections: & All Products & Reebok & Shoes","1","1","boscovs.com","38"
"https://www.boscovs.com/ast/mens-boat-shoes-shoes","Your Selections: & All Products & Mens & Boat Shoes & Shoes","1","1","boscovs.com","33"
"https://www.boscovs.com/ast/mens-sandals-shoes","Your Selections: & All Products & Mens & Sandals & Shoes","1","1","boscovs.com","56"
"https://www.boscovs.com/ast/mens-slippers-shoes","Your Selections: & All Products & Mens & Slippers & Shoes","1","1","boscovs.com","42"
"https://www.boscovs.com/ast/kids-boots-1","Your Selections: & All Products & Toddler Girl & Little Boys & Big Girls & Big Boys & Little Girls & Big Kids & Little Kids & Boots","1","1","boscovs.com","36"
"https://www.boscovs.com/ast/shoe-storage-storage-and-organization","Your Selections: & All Products & Shoe Storage & Storage & Organization","1","1","boscovs.com","50"
"https://www.boscovs.com/ast/clarks","Your Selections: & All Products & Clarks","1","1","boscovs.com","79"
"https://www.boscovs.com/ast/crocs","Your Selections: & All Products & Crocs","1","1","boscovs.com","78"
"https://www.boscovs.com/ast/easy-spirit","Your Selections: & All Products & Easy Spirit","1","1","boscovs.com","56"
"https://www.boscovs.com/ast/dockers-shoes","Your Selections: & All Products & Dockers & Shoes","1","1","boscovs.com","52"
"https://www.boscovs.com/ast/florsheim","Your Selections: & All Products & Florsheim","1","1","boscovs.com","57"
"https://www.boscovs.com/ast/grasshoppers","Your Selections: & All Products & Grasshoppers","1","1","boscovs.com","16"
"https://www.boscovs.com/ast/keds","Your Selections: & All Products & Keds","1","1","boscovs.com","7"
"https://www.boscovs.com/ast/koolaburra-by-ugg","Your Selections: & All Products & Koolaburra By UGG","1","1","boscovs.com","12"
"https://www.boscovs.com/ast/sperry-top-sider","Your Selections: & All Products & Sperry Top-Sider","1","1","boscovs.com","22"
"https://www.boscovs.com/ast/tamarac-shoes","Your Selections: & All Products & Tamarac & Shoes","1","1","boscovs.com","14"
"https://www.boscovs.com/ast/evening-bags-clutches-1","Your Selections: & All Products & Handbags & Wallets & Handbags & Evening Bags & Clutch","1","1","boscovs.com","73"
"https://www.boscovs.com/ast/handbags-handbags-and-wallets-shoulder","Your Selections: & All Products & Handbags & Handbags & Wallets & Shoulder","1","1","boscovs.com","75"
"https://www.boscovs.com/ast/ladies-belts-accessories","Your Selections: & All Products & Ladies & Belts & Accessories","1","1","boscovs.com","43"
"https://www.boscovs.com/ast/bridal-and-wedding-accessories-1","Your Selections: & All Products & Handbags & Accessories & Accessory Gifts For Her & Bridal & Wedding Accessories","1","1","boscovs.com","59"
"https://www.boscovs.com/ast/ladies-hats-accessories","Your Selections: & All Products & Ladies & Hats & Accessories","1","1","boscovs.com","54"
"https://www.boscovs.com/ast/reader-glasses-1","Your Selections: & All Products & Reading Glasses","1","1","boscovs.com","48"
"https://www.boscovs.com/ast/laptop-and-business-cases-luggage-and-backpacks","Your Selections: & All Products & Laptop & Business Cases & Luggage & Backpacks","1","1","boscovs.com","86"
"https://www.boscovs.com/ast/anne-klein-handbags-and-wallets","Your Selections: & All Products & Anne Klein & Handbags & Wallets","1","1","boscovs.com","27"
"https://www.boscovs.com/ast/buxton","Your Selections: & All Products & Buxton","1","1","boscovs.com","91"
"https://www.boscovs.com/ast/dooney-and-bourke","Your Selections: & All Products & Dooney & Bourke","1","1","boscovs.com","66"
"https://www.boscovs.com/ast/jessica-simpson-handbags-and-wallets","Your Selections: & All Products & Jessica Simpson & Handbags & Wallets","1","1","boscovs.com","21"
"https://www.boscovs.com/ast/ladies-kenneth-cole-accessories-handbags-and-wallets","Your Selections: & All Products & Ladies & Kenneth Cole & Accessories & Handbags & Wallets","1","1","boscovs.com","4"
"https://www.boscovs.com/ast/sakroots","Your Selections: & All Products & Sakroots","1","1","boscovs.com","64"
"https://www.boscovs.com/ast/beauty-makeup-brushes-and-tools","Your Selections: & All Products & Beauty & Makeup Brushes & Tools","1","1","boscovs.com","77"
"https://www.boscovs.com/ast/beauty-makeup-lips-1","Your Selections: & All Products & Beauty & Makeup & Lip Liners & Lipsticks & Lip Balm & Treatments & Lip Gloss","1","1","boscovs.com","72"
"https://www.boscovs.com/ast/beauty-palettes","Your Selections: & All Products & Beauty & Palettes","1","1","boscovs.com","15"
"https://www.boscovs.com/ast/birthstone-jewelry-1","Your Selections: & All Products & Jewelry & Watches & Birthstone Jewelry","1","1","boscovs.com","45"
"https://www.boscovs.com/ast/bridalsets","Your Selections: & All Products & Bridal Sets","1","1","boscovs.com","79"
"https://www.boscovs.com/ast/promise-rings-1","Your Selections: & All Products & Jewelry & Watches & Rings & Promise Rings","1","1","boscovs.com","28"
"https://www.boscovs.com/ast/watch-bands-1","Your Selections: & All Products & Jewelry & Watches & Watch Bands","1","1","boscovs.com","82"
"https://www.boscovs.com/ast/effy","Your Selections: & All Products & Effy","1","1","boscovs.com","80"
"https://www.boscovs.com/ast/enchanted-by-disney","Your Selections: & All Products & Enchanted By Disney","1","1","boscovs.com","30"
"https://www.boscovs.com/ast/celebrate-love","Your Selections: & All Products & Celebrate Love","1","1","boscovs.com","9"
"https://www.boscovs.com/ast/eternal-promise","Your Selections: & All Products & Eternal Promise","1","1","boscovs.com","30"
"https://www.boscovs.com/ast/gentlemens-classics","Your Selections: & All Products & Gentlemen's Classics","1","1","boscovs.com","90"
"https://www.boscovs.com/ast/just-us","Your Selections: & All Products & Just Us","1","1","boscovs.com","6"
"https://www.boscovs.com/ast/loveblooms","Your Selections: & All Products & Loveblooms","1","1","boscovs.com","84"
"https://www.boscovs.com/ast/love-symphony-collection-1","Your Selections: & All Products & Love Symphony","1","1","boscovs.com","35"
"https://www.boscovs.com/ast/radiant-rainbow","Your Selections: & All Products & Radiant Rainbow","1","1","boscovs.com","72"
"https://www.boscovs.com/ast/then-now-and-forever","Your Selections: & All Products & Then Now & Forever","1","1","boscovs.com","23"
"https://www.boscovs.com/ast/baby-boy-baby-girl-baby-unisex-toddler-boy-toddler-girl-outerwear","Your Selections: & All Products & Baby Boy & Baby Girl & Baby Unisex & Toddler Boy & Toddler Girl & Outerwear","1","1","boscovs.com","14"
"https://www.boscovs.com/ast/nursery","Your Selections: & All Products & Nursery","1","1","boscovs.com","42"
"https://www.boscovs.com/ast/boy-4-7-boy-8-20-shorts-clothing","Your Selections: & All Products & Boy 4-7 & Boy 8-20 & Shorts & Clothing","1","1","boscovs.com","76"
"https://www.boscovs.com/ast/boy-4-7-boy-8-20-outerwear","Your Selections: & All Products & Boy 4-7 & Boy 8-20 & Outerwear","1","1","boscovs.com","32"
"https://www.boscovs.com/ast/boys-pajamas-1","Your Selections: & All Products & Boy 8-20 & Boys & Boy 4-7 & Pajamas","1","1","boscovs.com","15"
"https://www.boscovs.com/ast/boys-dress-clothes-1","Your Selections: & All Products & Boy 8-20 & Boys & Boy 4-7 & Dress","1","1","boscovs.com","35"
"https://www.boscovs.com/ast/boys-underwear-and-socks-1","Your Selections: & All Products & Boy 8-20 & Boys & Boy 4-7 & Socks & Underwear","1","1","boscovs.com","30"
"https://www.boscovs.com/ast/girl-4-6x-girl-7-16-shorts","Your Selections: & All Products & Girl 4-6x & Girl 7-16 & Shorts","1","1","boscovs.com","85"
"https://www.boscovs.com/ast/girl-4-6x-girl-7-16-outerwear","Your Selections: & All Products & Girl 4-6x & Girl 7-16 & Outerwear","1","1","boscovs.com","21"
"https://www.boscovs.com/ast/girl-scouts","Your Selections: & All Products & Girl Scouts","1","1","boscovs.com","47"
"https://www.boscovs.com/ast/kids-coats-1","Your Selections: & All Products & Kids & Teens & Kids Coats","1","1","boscovs.com","75"
"https://www.boscovs.com/ast/juniors-plus-clothing","Your Selections: & All Products & Juniors Plus & Clothing","1","1","boscovs.com","28"
"https://www.boscovs.com/ast/juniors-activewear-1","Your Selections: & All Products & Activewear & Juniors & Juniors Plus","1","1","boscovs.com","4"
"https://www.boscovs.com/ast/juniors-juniors-plus-outerwear","Your Selections: & All Products & Juniors & Juniors Plus & Outerwear","1","1","boscovs.com","6"
"https://www.boscovs.com/ast/juniors-juniors-plus-jeans","Your Selections: & All Products & Juniors & Juniors Plus & Jeans","1","1","boscovs.com","60"
"https://www.boscovs.com/ast/juniors-juniors-plus-leggings","Your Selections: & All Products & Juniors & Juniors Plus & Leggings","1","1","boscovs.com","65"
"https://www.boscovs.com/ast/clothing_youngmens_mens_jeans","Your Selections: & All Products & Clothing & Mens & Young Mens & Jeans","1","1","boscovs.com","38"
"https://www.boscovs.com/ast/juniors-juniors-plus-shorts-clothing","Your Selections: & All Products & Juniors & Juniors Plus & Shorts & Clothing","1","1","boscovs.com","59"
"https://www.boscovs.com/ast/juniors-juniors-plus-skirts","Your Selections: & All Products & Juniors & Juniors Plus & Skirts","1","1","boscovs.com","14"
"https://www.boscovs.com/ast/juniors-juniors-plus-swimsuits-and-cover-ups","Your Selections: & All Products & Juniors & Juniors Plus & Swimsuits & Cover-Ups","1","1","boscovs.com","88"
"https://www.boscovs.com/ast/baby-boy-baby-girl-baby-unisex-kids-home-decor","Your Selections: & All Products & Baby Boy & Baby Girl & Baby Unisex & Kids & Home Decor","1","1","boscovs.com","8"
"https://www.boscovs.com/ast/kids-window-treatments","Your Selections: & All Products & Kids & Window Treatments","1","1","boscovs.com","13"
"https://www.boscovs.com/ast/joggers-for-men","Your Selections: & All Products & Mens & Young Mens & Joggers","1","1","boscovs.com","38"
"https://www.boscovs.com/ast/surf-and-skate-1","Your Selections: & All Products & Mens & Young Mens & Surf & Skate","1","1","boscovs.com","70"
"https://www.boscovs.com/ast/kids-adidas-1","Your Selections: & All Products & Famous Brands & Adidas & Girls Adidas & Boys Adidas","1","1","boscovs.com","65"
"https://www.boscovs.com/ast/kids-izod-1","Your Selections: & All Products & Boy 8-20 & Boys & Boy 4-7 & IZOD","1","1","boscovs.com","23"
"https://www.boscovs.com/ast/kids-lee-1","Your Selections: & All Products & Famous Brands & Lee & Lee For Girls & Lee For Boys","1","1","boscovs.com","30"
"https://www.boscovs.com/ast/kids-nautica-1","Your Selections: & All Products & Girl 7-16 & Baby Girl & Girl 4-6x & Boy 8-20 & Boy 4-7 & Nautica","1","1","boscovs.com","64"
"https://www.boscovs.com/ast/oshkosh-bgosh","Your Selections: & All Products & OshKosh B'Gosh","1","1","boscovs.com","17"
"https://www.boscovs.com/ast/kids-us-polo-assn-1","Your Selections: & All Products & Girl 7-16 & Girl 4-6x & Boy 8-20 & Boy 4-7 & U.S. Polo Assn.","1","1","boscovs.com","25"
"https://www.boscovs.com/ast/lego-movie-2","Your Selections: & All Products & LEGO Movie 2","1","1","boscovs.com","17"
"https://www.boscovs.com/ast/big-tall-mens-outerwear","Your Selections: & All Products & Big/Tall & Mens & Outerwear","1","1","boscovs.com","56"
"https://www.boscovs.com/ast/big-tall-mens-young-mens-jeans-clothing","Your Selections: & All Products & Big/Tall & Mens & Young Mens & Jeans & Clothing","1","1","boscovs.com","44"
"https://www.boscovs.com/ast/mens-pajamas","Your Selections: & All Products & Mens & Pajamas","1","1","boscovs.com","60"
"https://www.boscovs.com/ast/mens-polo-shirts-1","Your Selections: & All Products & Big/Tall & Mens & Young Mens & Shirts & Polos","1","1","boscovs.com","59"
"https://www.boscovs.com/ast/mens-sportcoats-and-blazers-1","Your Selections: & All Products & Portly & Big/Tall & Mens & Sportcoats & Blazers","1","1","boscovs.com","62"
"https://www.boscovs.com/ast/big-tall-mens-young-mens-swimsuits-and-cover-ups","Your Selections: & All Products & Big/Tall & Mens & Young Mens & Swimsuits & Cover-Ups","1","1","boscovs.com","46"
"https://www.boscovs.com/ast/big-tall-mens-clothing-work","Your Selections: & All Products & Big/Tall & Mens & Clothing & Work","1","1","boscovs.com","73"
"https://www.boscovs.com/ast/mens-young-mens-hats","Your Selections: & All Products & Mens & Young Mens & Hats","1","1","boscovs.com","84"
"https://www.boscovs.com/ast/mens-sunglasses-and-eyewear-accessories","Your Selections: & All Products & Mens & Sunglasses","1","1","boscovs.com","16"
"https://www.boscovs.com/ast/young-mens-hoodies-and-sweatshirts-clothing","Your Selections: & All Products & Young Mens & Hoodies & Sweatshirts & Clothing","1","1","boscovs.com","5"
"https://www.boscovs.com/ast/mens-champion","Your Selections: & All Products & Mens & Champion","1","1","boscovs.com","71"
"https://www.boscovs.com/ast/mens-chaps","Your Selections: & All Products & Mens & Chaps","1","1","boscovs.com","16"
"https://www.boscovs.com/ast/mens-gildan","Your Selections: & All Products & Mens & Gildan","1","1","boscovs.com","29"
"https://www.boscovs.com/ast/mens-lee","Your Selections: & All Products & Mens & Lee","1","1","boscovs.com","17"
"https://www.boscovs.com/ast/mens-levis","Your Selections: & All Products & Mens & Levi's","1","1","boscovs.com","34"
"https://www.boscovs.com/ast/bed-electric","Your Selections: & All Products & Bed & Electric","1","1","boscovs.com","7"
"https://www.boscovs.com/ast/mens-stanley-clothing","Your Selections: & All Products & Mens & Stanley & Clothing","1","1","boscovs.com","13"
"https://www.boscovs.com/ast/mens-us-polo-assn","Your Selections: & All Products & Mens & U.S. Polo Assn.","1","1","boscovs.com","64"
"https://www.boscovs.com/ast/mens-wolverine","Your Selections: & All Products & Mens & Wolverine","1","1","boscovs.com","5"
"https://www.boscovs.com/ast/down-and-down-alternative-comforters-1","Your Selections: & All Products & Comforters & Bedding Sets & Down Alternative & Down Fill","1","1","boscovs.com","28"
"https://www.boscovs.com/ast/back-sleeper-pillows-1","Your Selections: & All Products & Pillows & Back Sleeper","1","1","boscovs.com","11"
"https://www.boscovs.com/ast/side-sleeper-pillows-1","Your Selections: & All Products & Bed & Pillows & Side Sleeper","1","1","boscovs.com","13"
"https://www.boscovs.com/ast/stomach-sleeper-pillows-1","Your Selections: & All Products & Bed & Pillows & Stomach Sleeper","1","1","boscovs.com","11"
"https://www.boscovs.com/ast/specialty-pillows-1","Your Selections: & All Products & Bed & Pillows & Specialty Pillows","1","1","boscovs.com","28"
"https://www.boscovs.com/ast/memory-foam-pillows-1","Your Selections: & All Products & Bed & Pillows & Memory Foam","1","1","boscovs.com","29"
"https://www.boscovs.com/ast/mattress-pads-toppers-1","Your Selections: & All Products & Bed & Mattress Toppers & Mattress Pads","1","1","boscovs.com","58"
"https://www.boscovs.com/ast/memory-foam-bedding-1","Your Selections: & All Products & Bed & Memory Foam","1","1","boscovs.com","36"
"https://www.boscovs.com/ast/sleep-cool-technology-1","Your Selections: & All Products & Bed & Sleep Cool","1","1","boscovs.com","23"
"https://www.boscovs.com/ast/bathroom-scales-bath","Your Selections: & All Products & Bathroom Scales & Bath","1","1","boscovs.com","18"
"https://www.boscovs.com/ast/laura-ashley-bath-bed","Your Selections: & All Products & Laura Ashley & Bath & Bed","1","1","boscovs.com","66"
"https://www.boscovs.com/ast/nautica-bath-bed","Your Selections: & All Products & Nautica & Bath & Bed","1","1","boscovs.com","42"
"https://www.boscovs.com/ast/olivia-parker-bath-bed","Your Selections: & All Products & Olivia Parker & Bath & Bed","1","1","boscovs.com","17"
"https://www.boscovs.com/ast/sensorpedic","Your Selections: & All Products & SensorPEDIC","1","1","boscovs.com","44"
"https://www.boscovs.com/ast/tommy-bahama-bed","Your Selections: & All Products & Tommy Bahama & Bed","1","1","boscovs.com","67"
"https://www.boscovs.com/ast/air-beds-and-mattresses","Your Selections: & All Products & Air Beds & Mattresses","1","1","boscovs.com","11"
"https://www.boscovs.com/ast/beach-towels-1","Your Selections: & All Products & Bath & Towels & Beach Towels","1","1","boscovs.com","45"
"https://www.boscovs.com/ast/999-curtain-sale-1","Your Selections: & All Products & Home & Window Treatments & $9.99 Curtain Sale","1","1","boscovs.com","91"
"https://www.boscovs.com/ast/blackout-and-insulated-curtains-and-drapes-1","Your Selections: & All Products & Window Treatments & Curtains & Drapes & Blackout & Insulated","1","1","boscovs.com","63"
"https://www.boscovs.com/ast/sheer-curtains-and-drapes-1","Your Selections: & All Products & Window Treatments & Curtains & Drapes & Sheer","1","1","boscovs.com","67"
"https://www.boscovs.com/ast/blinds-and-shades-window-treatments","Your Selections: & All Products & Blinds & Shades & Window Treatments","1","1","boscovs.com","21"
"https://www.boscovs.com/ast/sectionals","Your Selections: & All Products & Sectionals","1","1","boscovs.com","9"
"https://www.boscovs.com/ast/lamps-and-lighting-home-decor-salt-lamps","Your Selections: & All Products & Lamps & Lighting & Home Decor & Salt Lamps","1","1","boscovs.com","10"
"https://www.boscovs.com/ast/flatware-chests-flatware-sets-spoons-kitchen-and-dining","Your Selections: & All Products & Flatware Chests & Flatware Sets & Spoons & Kitchen & Dining","1","1","boscovs.com","57"
"https://www.boscovs.com/ast/candy","Your Selections: & All Products & Candy","1","1","boscovs.com","23"
"https://www.boscovs.com/ast/cuisinart","Your Selections: & All Products & Cuisinart","1","1","boscovs.com","83"
"https://www.boscovs.com/ast/fiesta","Your Selections: & All Products & Fiesta","1","1","boscovs.com","49"
"https://www.boscovs.com/ast/jim-shore","Your Selections: & All Products & Jim Shore","1","1","boscovs.com","49"
"https://www.boscovs.com/ast/keurig","Your Selections: & All Products & Keurig","1","1","boscovs.com","78"
"https://www.boscovs.com/ast/lemax","Your Selections: & All Products & Lemax","1","1","boscovs.com","11"
"https://www.boscovs.com/ast/la-z-boy","Your Selections: & All Products & La-Z-Boy","1","1","boscovs.com","73"
"https://www.boscovs.com/ast/tempur-pedic","Your Selections: & All Products & Tempur-Pedic","1","1","boscovs.com","16"
"https://www.boscovs.com/ast/flamingo","Your Selections: & All Products & Flamingo","1","1","boscovs.com","39"
"https://www.boscovs.com/ast/furniture-and-mattresses-clearance-1","Your Selections: & All Products & Furniture & Mattresses & Yes","1","1","boscovs.com","77"
"https://www.boscovs.com/ast/window-treatments-clearance-1","Your Selections: & All Products & Window Treatments & Yes","1","1","boscovs.com","96"
"https://www.boscovs.com/ast/small-appliances-clearance-yes","Your Selections: & All Products & Small Appliances & Yes","1","1","boscovs.com","7"
"https://www.boscovs.com/ast/bridal-jewelry-1","Your Selections: & All Products & Jewelry & Watches & Bridal & Wedding","1","1","boscovs.com","79"
"https://www.boscovs.com/ast/dresses-bridal-and-wedding","Your Selections: & All Products & Dresses & Bridal & Wedding","1","1","boscovs.com","48"
"https://www.boscovs.com/ast/tees-4th-of-july","Your Selections: & All Products & Tees & 4th Of July","1","1","boscovs.com","71"
"https://www.boscovs.com/ast/fitness-enthusiast","Your Selections: & All Products & Fitness Enthusiast","1","1","boscovs.com","36"
"https://www.boscovs.com/ast/wine-lover","Your Selections: & All Products & Wine Lover","1","1","boscovs.com","28"
"https://www.boscovs.com/ast/sentimentalist","Your Selections: & All Products & Sentimentalist","1","1","boscovs.com","49"
"https://www.boscovs.com/ast/spa-life","Your Selections: & All Products & Spa Life","1","1","boscovs.com","65"
"https://www.boscovs.com/ast/top-chef","Your Selections: & All Products & Top Chef","1","1","boscovs.com","67"
"https://www.boscovs.com/ast/juniors-prom-dresses-1","Your Selections: & All Products & Juniors & Juniors Plus & Dresses & Prom","1","1","boscovs.com","29"
"https://www.boscovs.com/ast/chaus","Your Selections: & All Products & Chaus","1","1","boscovs.com","87"
"https://www.boscovs.com/ast/democracy","Your Selections: & All Products & Democracy","1","1","boscovs.com","88"
"https://www.boscovs.com/ast/beauty-cleansers-1","Your Selections: & All Products & Beauty & Face Wash & Cleansers & Scrubs & Exfoliators","1","1","boscovs.com","64"
"https://www.boscovs.com/ast/skincare-beauty-masks-and-peels","Your Selections: & All Products & Skincare & Beauty & Masks & Peels","1","1","boscovs.com","47"
"https://www.boscovs.com/ast/skincare-beauty-moisturizers","Your Selections: & All Products & Skincare & Beauty & Moisturizers","1","1","boscovs.com","96"
"https://www.boscovs.com/ast/skincare-beauty-serums","Your Selections: & All Products & Skincare & Beauty & Serums","1","1","boscovs.com","36"
"https://www.boscovs.com/ast/sun-beauty","Your Selections: & All Products & Sun & Beauty","1","1","boscovs.com","21"
"https://www.boscovs.com/ast/philosophy","Your Selections: & All Products & Philosophy","1","1","boscovs.com","88"
"https://www.boscovs.com/ast/dermablend","Your Selections: & All Products & Dermablend","1","1","boscovs.com","15"
"https://www.boscovs.com/ast/fashion-fair","Your Selections: & All Products & Fashion Fair","1","1","boscovs.com","19"
"https://www.boscovs.com/ast/strivectin","Your Selections: & All Products & StriVectin","1","1","boscovs.com","6"
"https://www.boscovs.com/ast/honeybee-gardens","Your Selections: & All Products & Honeybee Gardens","1","1","boscovs.com","14"
"https://www.boscovs.com/ast/rapidlash","Your Selections: & All Products & RapidLash","1","1","boscovs.com","4"
"https://www.boscovs.com/ast/ardell-beauty","Your Selections: & All Products & Ardell & Beauty","1","1","boscovs.com","7"
"https://www.boscovs.com/ast/vitabath","Your Selections: & All Products & Vitabath","1","1","boscovs.com","23"
"https://www.boscovs.com/ast/arialwand","Your Selections: & All Products & Arialwand","1","1","boscovs.com","13"
"https://www.boscovs.com/ast/calvin-klein-beauty","Your Selections: & All Products & Calvin Klein & Beauty","1","1","boscovs.com","42"
"https://www.boscovs.com/ast/dior-beauty","Your Selections: & All Products & Dior & Beauty","1","1","boscovs.com","32"
"https://www.boscovs.com/ast/dolce-and-gabbana-beauty","Your Selections: & All Products & Dolce & Gabbana & Beauty","1","1","boscovs.com","20"
"https://www.boscovs.com/ast/donna-karan-beauty","Your Selections: & All Products & Donna Karan & Beauty","1","1","boscovs.com","10"
"https://www.boscovs.com/ast/giorgio-armani-beauty","Your Selections: & All Products & Giorgio Armani & Beauty","1","1","boscovs.com","26"
"https://www.boscovs.com/ast/john-varvatos-beauty","Your Selections: & All Products & John Varvatos & Beauty","1","1","boscovs.com","11"
"https://www.boscovs.com/ast/juicy-couture-beauty","Your Selections: & All Products & Juicy Couture & Beauty","1","1","boscovs.com","16"
"https://www.boscovs.com/ast/michael-kors-beauty","Your Selections: & All Products & Michael Kors & Beauty","1","1","boscovs.com","9"
"https://www.boscovs.com/ast/prada-beauty","Your Selections: & All Products & Prada & Beauty","1","1","boscovs.com","13"
"https://www.boscovs.com/ast/ralph-lauren-beauty","Your Selections: & All Products & Ralph Lauren & Beauty","1","1","boscovs.com","41"
"https://www.boscovs.com/ast/versace-beauty","Your Selections: & All Products & Versace & Beauty","1","1","boscovs.com","26"
"https://www.boscovs.com/ast/vince-camuto-beauty","Your Selections: & All Products & Vince Camuto & Beauty","1","1","boscovs.com","14"
"https://www.boscovs.com/ast/bath-soaps-and-bubble-bath","Your Selections: & All Products & Bath Soaps & Bubble Bath","1","1","boscovs.com","58"
"https://www.boscovs.com/ast/bath-bombs","Your Selections: & All Products & Bath Bombs","1","1","boscovs.com","36"
"https://www.boscovs.com/ast/body-wash-and-shower-gels","Your Selections: & All Products & Body Wash & Shower Gels","1","1","boscovs.com","42"
"https://www.boscovs.com/ast/bath-and-body-body-lotions","Your Selections: & All Products & Bath & Body & Body Lotions","1","1","boscovs.com","34"
"https://www.boscovs.com/ast/bathsets","Your Selections: & All Products & Bath Sets","1","1","boscovs.com","9"
"https://www.boscovs.com/ast/bath-and-body-beauty-conditioner-shampoo","Your Selections: & All Products & Bath & Body & Beauty & Conditioner & Shampoo","1","1","boscovs.com","43"
"https://www.boscovs.com/ast/poo-pourri","Your Selections: & All Products & Poo-Pourri","1","1","boscovs.com","15"
"https://www.boscovs.com/ast/essential-oils-and-diffusers","Your Selections: & All Products & Essential Oils & Diffusers","1","1","boscovs.com","26"
"https://www.boscovs.com/ast/mensskincare-beauty","Your Selections: & All Products & Mens Skincare & Beauty","1","1","boscovs.com","49"
"https://www.boscovs.com/ast/dental-care-personal-care","Your Selections: & All Products & Dental Care & Personal Care","1","1","boscovs.com","13"
"https://www.boscovs.com/ast/hair-care-personal-care","Your Selections: & All Products & Hair Care & Personal Care","1","1","boscovs.com","53"
"https://www.boscovs.com/ast/massage-and-spa-personal-care","Your Selections: & All Products & Massage & Spa & Personal Care","1","1","boscovs.com","55"
"https://www.boscovs.com/ast/beautymirrors-personal-care","Your Selections: & All Products & Beauty Mirrors & Personal Care","1","1","boscovs.com","15"
"https://www.boscovs.com/ast/shaving-and-hair-removal-personal-care","Your Selections: & All Products & Shaving & Hair Removal & Personal Care","1","1","boscovs.com","71"
