"categoryname","item","page","pageType","url"
"Gift Cards",20,1,"search","https://www.hobbylobby.com/Gift-Cards/c/14"
"Weekly Ad",68,1,"search","https://www.hobbylobby.com/find-savings"
"Chevron",1,1,"search","https://www.hobbylobby.com/Wearable-Art/Chevron/c/dc-wearable-pattern-chevron"
"Posters",40,1,"search","https://www.hobbylobby.com/Home-Decor-Frames/Posters/c/3-109-1056"
"Wall Art",40,1,"search","https://www.hobbylobby.com/Home-Decor-Frames/Mirrors-Wall-Decor/Wall-Art/c/3-109-1053"
"Animal Prints",2,2,"search","https://www.hobbylobby.com/Wearable-Art/Animal-Prints/c/dc-wearable-pattern-animal-prints"
"Blankets & Throws",3,3,"search","https://www.hobbylobby.com/Home-Decor-Frames/Decor-Pillows/Blankets-Throws/c/3-110-1068"
"Clearance - St. Patrick's Day",4,4,"search","https://www.hobbylobby.com/Clearance---St-Patricks-Day/c/15-12-205"
"Books & Planners",5,5,"search","https://www.hobbylobby.com/Floral-Weddings/Books-Planners/c/4-125"
"I Love This Yarn!",6,6,"search","https://www.hobbylobby.com/Yarn-Needle-Art/I-Love-This-Yarn/c/dc-YN-Yarn"
"Brilliance",6,6,"search","https://www.hobbylobby.com/Beads-Jewelry/Brilliance/c/dc-beads-collection-brilliance"
"Stripes",6,6,"search","https://www.hobbylobby.com/Wearable-Art/Stripes/c/dc-wearable-pattern-stripes"
"Lion Brand",7,7,"search","https://www.hobbylobby.com/Yarn-Needle-Art/Lion-Brand/c/dc-yarn-brands-lion-brand"
"Clearance - Valentine's Day",7,7,"search","https://www.hobbylobby.com/Clearance---Valentines-Day/c/15-12-207"
"Americana",8,8,"search","https://www.hobbylobby.com/Crafts-Hobbies/Americana/c/dc-crafts-brand-americana"
"Kitchen & Dining",8,8,"search","https://www.hobbylobby.com/Kitchen-Dining/c/53-315"
"Chevron",9,9,"search","https://www.hobbylobby.com/Party-Baking/Chevron/c/dc-party-patterns-chevron"
"Apparel & Accessories",10,10,"search","https://www.hobbylobby.com/Apparel-Accessories/c/53-325"
"Books",12,12,"search","https://www.hobbylobby.com/Beads-Jewelry/Books/c/2-108"
"Polka Dots",12,12,"search","https://www.hobbylobby.com/Wearable-Art/Polka-Dots/c/dc-wearable-pattern-polka-dots"
"Scribbles",12,12,"search","https://www.hobbylobby.com/Wearable-Art/Scribbles/c/dc-wearable-brand-scribbles"
"Party Supplies",14,14,"search","https://www.hobbylobby.com/Party-Supplies/c/53-335"
"Activities & Toys",14,14,"search","https://www.hobbylobby.com/Activities-Toys/c/53-305"
"Seasonal Fabrics",15,15,"search","https://www.hobbylobby.com/Fabric-Sewing/Seasonal-Fabrics/c/6-137"
"Quatrefoil",15,15,"search","https://www.hobbylobby.com/Fabric-Sewing/Quatrefoil/c/dc-fabric-patterns-quatrefoil"
"Natural Gallery",15,15,"search","https://www.hobbylobby.com/Beads-Jewelry/Natural-Gallery/c/dc-beads-collection-natural-gallery"
"Clearance - Christmas",15,15,"search","https://www.hobbylobby.com/Clearance---Christmas/c/15-12-201"
"Folk Art",16,16,"search","https://www.hobbylobby.com/Crafts-Hobbies/Folk-Art/c/dc-crafts-brand-folk-art"
"Light",16,16,"search","https://www.hobbylobby.com/Yarn-Needle-Art/Light/c/dc-yarn-weight-light"
"Clearance - Floral & Wedding",16,16,"search","https://www.hobbylobby.com/Clearance---Floral-Wedding/c/4-999"
"Art Sets",17,17,"search","https://www.hobbylobby.com/Art-Supplies/Art-Sets/c/8-161"
"Eucalyptus & Cattails",17,17,"search","https://www.hobbylobby.com/Floral-Wedding/Floral-Top-Flowers-Plants---Eucalyptus-Cattails/c/dc-floral-plant-type-eucalyptus-and-cattails"
"Baby Bee",17,17,"search","https://www.hobbylobby.com/Yarn-Needle-Art/Baby-Bee/c/dc-yarn-brands-baby-bee"
"Paint Party",18,18,"search","https://www.hobbylobby.com/Party-Baking/Themed-Party-Collections/Paint-Party/c/10-189-1462"
"Youth Fashions",18,18,"search","https://www.hobbylobby.com/Wearable-Art/Youth-Fashions/c/11-194"
"Elle Oh Elle",19,19,"search","https://www.hobbylobby.com/Elle-Oh-Elle/c/dc-elle-oh-elle"
"Damask",19,19,"search","https://www.hobbylobby.com/Fabric-Sewing/Damask/c/dc-fabric-patterns-damask"
"Daisies",19,19,"search","https://www.hobbylobby.com/Floral-Wedding/Floral-Top-Flowers-Plants---Daisies/c/dc-floral-plant-type-daisies"
"Party Supplies",19,19,"search","https://www.hobbylobby.com/Party-Supplies/c/55-525"
"Potpourri",19,19,"search","https://www.hobbylobby.com/Home-Decor-Frames/Potpourri/c/dc-HA-Potpourri"
"Prismacolor",20,20,"search","https://www.hobbylobby.com/Art-Supplies/Prismacolor/c/dc-art-brands-prismacolor"
"Bulky",20,20,"search","https://www.hobbylobby.com/Yarn-Needle-Art/Bulky/c/dc-yarn-weight-bulky"
"Wearable Art",21,21,"search","https://www.hobbylobby.com/Get-Creative%21/Wearable-Art/c/13-241"
"DMC",22,22,"search","https://www.hobbylobby.com/Yarn-Needle-Art/DMC/c/dc-yarn-brands-dmc"
"Pastels & Chalk",23,23,"search","https://www.hobbylobby.com/Art-Supplies/Drawing-Illustration/Pastels-Chalk/c/8-167-1304"
"Copic",23,23,"search","https://www.hobbylobby.com/Art-Supplies/Copic/c/dc-art-brands-copic"
"Woodland Creatures",24,24,"search","https://www.hobbylobby.com/Party-Baking/Themed-Party-Collections/Woodland-Creatures/c/10-189-1463"
"Superhero",24,24,"search","https://www.hobbylobby.com/Party-Baking/Themed-Party-Collections/Superhero/c/10-189-1482"
"Bag-of-Chips",24,24,"search","https://www.hobbylobby.com/Party-Baking/Bag-of-Chips/c/dc-party-brand-bag-of-chips"
"Seasons & Holidays",24,24,"search","https://www.hobbylobby.com/Yarn-Needle-Art/Seasons-Holidays/c/dc-yarn-themes-holidays"
"Apparel & Accessories",24,24,"search","https://www.hobbylobby.com/Apparel-Accessories/c/55-520"
"Jewelry Kits",24,24,"search","https://www.hobbylobby.com/Beads-Jewelry/Jewelry-Kits/c/2-109"
"Twinkle Twinkle Little One",25,25,"search","https://www.hobbylobby.com/Party-Baking/Themed-Party-Collections/1st-Birthday/c/10-189-1444"
"Joy",25,25,"search","https://www.hobbylobby.com/Wearable-Art/Joy/c/dc-wearable-brand-joy"
"Special Occasion Fabrics",26,26,"search","https://www.hobbylobby.com/Fabric-Sewing/Special-Occasion-Fabrics/c/6-138"
"Clearance - Seasonal",26,26,"search","https://www.hobbylobby.com/Clearance---Seasonal/c/12-999"
"Branches, Berries & Seeds",27,27,"search","https://www.hobbylobby.com/Floral-Wedding/Branches-Berries-Seeds/c/dc-floral-plant-type-branches-berries-and-seeds"
"Oil Painting",27,27,"search","https://www.hobbylobby.com/Art-Supplies/Painting-Supplies/Oil-Painting/c/8-168-1310"
"SEI",27,27,"search","https://www.hobbylobby.com/Wearable-Art/SEI/c/dc-wearable-brand-sei"
"Animal Prints",28,28,"search","https://www.hobbylobby.com/Fabric-Sewing/Animal-Prints/c/dc-fabric-patterns-animal-prints"
"Pirates",28,28,"search","https://www.hobbylobby.com/Party-Baking/Themed-Party-Collections/Pirates/c/10-189-1443"
"Letters",28,28,"search","https://www.hobbylobby.com/Home-Decor-Frames/Letters/c/dc-Letters"
"Books",29,29,"search","https://www.hobbylobby.com/Fabric-Sewing/Sewing-Books/c/6-143"
"Winsor & Newton",29,29,"search","https://www.hobbylobby.com/Art-Supplies/Winsor-Newton/c/dc-art-brands-winsor-newton"
"Baskets & Eggs",29,29,"search","https://www.hobbylobby.com/Baskets-Eggs/c/53-320"
"Letters & Numbers Wall Decor",30,30,"search","https://www.hobbylobby.com/Home-Decor-Frames/Mirrors-Wall-Decor/Letters-Numbers-Wall-Decor/c/3-109-1057"
"Party",32,32,"search","https://www.hobbylobby.com/Get-Creative%21/Party/c/13-240"
"Fragrance Warmers",32,32,"search","https://www.hobbylobby.com/Home-Decor-Frames/Fragrance-Warmers/c/dc-HA-Warmers"
"Chevron",33,33,"search","https://www.hobbylobby.com/Fabric-Sewing/Chevron/c/dc-fabric-patterns-chevron"
"Rugs & Mats",33,33,"search","https://www.hobbylobby.com/Home-Decor-Frames/Decor-Pillows/Rugs-Mats/c/3-110-1069"
"Western",34,34,"search","https://www.hobbylobby.com/Party-Baking/Themed-Party-Collections/Western/c/10-189-1441"
"Crafts",34,34,"search","https://www.hobbylobby.com/Crafts/c/53-330"
"Paisley",36,36,"search","https://www.hobbylobby.com/Fabric-Sewing/Paisley/c/dc-fabric-patterns-paisley"
"Roses",36,36,"search","https://www.hobbylobby.com/Floral-Wedding/Floral-Top-Flowers-Plants---Roses/c/dc-floral-plant-type-roses"
"Princess",37,37,"search","https://www.hobbylobby.com/Party-Baking/Themed-Party-Collections/Princess/c/10-189-1452"
"Mark Richards",39,39,"search","https://www.hobbylobby.com/Wearable-Art/Mark-Richards/c/dc-wearable-brand-mark-richards"
"Memo Boards, Chalkboards & Corkboards Wall Decor",39,39,"search","https://www.hobbylobby.com/Home-Decor-Frames/Memo-Boards-Chalkboards-Corkboards-Wall-Decor/c/dc-HA-Wall-Decor-Chalkboards"
"Cacti & Southwestern",40,41,"search","https://www.hobbylobby.com/Floral-Wedding/Floral-Top-Flowers-Plants---Cacti-Southwestern/c/dc-floral-plant-type-cacti"
"Bright Ideas",40,42,"search","https://www.hobbylobby.com/Party-Baking/Themed-Party-Collections/Bright-Ideas/c/10-189-1461"
"Watercolor Painting",40,42,"search","https://www.hobbylobby.com/Art-Supplies/Painting-Supplies/Watercolor-Painting/c/8-168-1311"
"Sharpie",40,42,"search","https://www.hobbylobby.com/Art-Supplies/Sharpie/c/dc-art-brands-sharpie"
"Utility Fabrics",40,43,"search","https://www.hobbylobby.com/Fabric-Sewing/Utility-Fabrics/c/6-140"
"Nursery",40,44,"search","https://www.hobbylobby.com/Home-Decor-Frames/Nursery/c/dc-home-accents-room-nursery"
"Wreaths",40,44,"search","https://www.hobbylobby.com/Floral-Wedding/Wreaths/c/dc-Wreaths"
"Crafts",40,45,"search","https://www.hobbylobby.com/Crafts/c/55-505"
"Medium",40,45,"search","https://www.hobbylobby.com/Yarn-Needle-Art/Medium/c/dc-yarn-weight-medium"
"Bathroom",40,46,"search","https://www.hobbylobby.com/Home-Decor-Frames/Bathroom/c/dc-home-accents-room-bathroom"
"Art Fixtures",40,47,"search","https://www.hobbylobby.com/Art-Supplies/Art-Fixtures/c/8-170"
"Wilton",40,49,"search","https://www.hobbylobby.com/Party-Baking/Wilton/c/dc-party-brand-wilton"
"Storage & Organization",40,52,"search","https://www.hobbylobby.com/Art-Supplies/Storage-Organization/c/8-169"
"Decorations",40,52,"search","https://www.hobbylobby.com/Decorations/c/53-310"
"Wall Clocks",40,53,"search","https://www.hobbylobby.com/Home-Decor-Frames/Mirrors-Wall-Decor/Wall-Clocks/c/3-109-1050"
"Acrylic Painting",40,56,"search","https://www.hobbylobby.com/Art-Supplies/Painting-Supplies/Acrylic-Painting/c/8-168-1309"
"Strathmore",40,57,"search","https://www.hobbylobby.com/Art-Supplies/Strathmore/c/dc-art-brands-strathmore"
"Clearance - Party & Baking",40,57,"search","https://www.hobbylobby.com/Clearance---Party-Baking/c/10-999"
"Clearance - Mirrors & Wall Decor",40,58,"search","https://www.hobbylobby.com/Clearance/Clearance---Home-Decor/Clearance---Mirrors-Wall-Decor/c/15-3-109"
"Canson",40,59,"search","https://www.hobbylobby.com/Art-Supplies/Canson/c/dc-art-brands-canson"
"Dried Flowers",40,62,"search","https://www.hobbylobby.com/Floral-Weddings/Dried-Flowers/c/4-117"
"Lanterns",40,62,"search","https://www.hobbylobby.com/Home-Decor-Frames/Decor-Pillows/Lanterns/c/3-110-1078"
"Fragrance Cubes",40,63,"search","https://www.hobbylobby.com/Home-Decor-Frames/Fragrance-Cubes/c/dc-HA-Cubes"
"Flowers & Nature",40,64,"search","https://www.hobbylobby.com/Yarn-Needle-Art/Flowers-Nature/c/dc-yarn-themes-flowers-nature"
"Revell",40,66,"search","https://www.hobbylobby.com/Crafts-Hobbies/Revell/c/dc-crafts-brand-revell"
"Glues & Adhesives",40,66,"search","https://www.hobbylobby.com/Scrapbook-Paper-Crafts/Glues-Adhesives/c/7-150"
"Planners",40,68,"search","https://www.hobbylobby.com/Scrapbook-Paper-Crafts/Planners-Accessories/Planners/c/7-160-100"
"Tulip",40,69,"search","https://www.hobbylobby.com/Wearable-Art/Tulip/c/dc-wearable-brand-tulip"
"Wall Mirrors",40,69,"search","https://www.hobbylobby.com/Home-Decor-Frames/Wall-Mirrors/c/dc-HA-Wall-Mirrors"
"Knitting",40,70,"search","https://www.hobbylobby.com/Yarn-Needle-Art/Knitting/c/5-129"
"Mirrors",40,71,"search","https://www.hobbylobby.com/Home-Decor-Frames/Mirrors/c/dc-HA-Mirrors"
"Pillows",40,71,"search","https://www.hobbylobby.com/Home-Decor-Frames/Decor-Pillows/Pillows/c/3-110-1062"
"Testors & Model Master",40,73,"search","https://www.hobbylobby.com/Crafts-Hobbies/Testors-Model-Master/c/dc-crafts-brand-testors-model-master"
"Sizzix",40,73,"search","https://www.hobbylobby.com/Scrapbook-Paper-Crafts/Sizzix/c/dc-papercrafting-brands-sizzix"
"Yarn Bee",40,76,"search","https://www.hobbylobby.com/Yarn-Needle-Art/Yarn-Bee/c/dc-yarn-brands-yarn-bee"
"Liquitex",40,78,"search","https://www.hobbylobby.com/Art-Supplies/Liquitex/c/dc-art-brands-liquitex"
"Clocks",40,80,"search","https://www.hobbylobby.com/Home-Decor-Frames/Clocks/c/dc-HA-Clocks"
"Storage & Organization",40,83,"search","https://www.hobbylobby.com/Beads-Jewelry/Storage-Organization/c/2-105"
"Dollmaking",40,86,"search","https://www.hobbylobby.com/Crafts-Hobbies/Dollmaking/c/9-180"
"Spare Parts",40,90,"search","https://www.hobbylobby.com/Scrapbook-Paper-Crafts/Spare-Parts/c/dc-PC-Spare"
"Leisure Arts",40,91,"search","https://www.hobbylobby.com/Yarn-Needle-Art/Leisure-Arts/c/dc-yarn-brands-leisure-arts"
"Basically Yours",40,91,"search","https://www.hobbylobby.com/Wearable-Art/Basically-Yours/c/dc-CH-Basically"
"Canvas & Duck Cloth",40,94,"search","https://www.hobbylobby.com/Fabric-Sewing/Canvas-Duck-Cloth/c/6-134"
"Card Making",40,95,"search","https://www.hobbylobby.com/Scrapbook-Paper-Crafts/Card-Making/c/7-147"
"Cricut Vinyl & Accessories",40,95,"search","https://www.hobbylobby.com/Scrapbook-Paper-Crafts/Cricut-Vinyl-Accessories/c/dc-PC-Cricut"
"Pillow Covers",40,96,"search","https://www.hobbylobby.com/Home-Decor-Frames/Decor-Pillows/Pillow-Covers/c/3-110-1084"
"Orange",40,97,"search","https://www.hobbylobby.com/Floral-Wedding/Orange/c/dc-floral-top-colors-orange?q=%3Arelevance%3AcolorFamily%3AOrange&amp"
"Flannel & Fleece Fabric",40,101,"search","https://www.hobbylobby.com/Fabric-Sewing/Flannel-Fleece-Fabric/c/6-135"
"Stripes",40,102,"search","https://www.hobbylobby.com/Fabric-Sewing/Stripes/c/dc-fabric-patterns-stripes"
"Polka Dot",40,103,"search","https://www.hobbylobby.com/Fabric-Sewing/Polka-Dot/c/dc-fabric-patterns-polka-dot"
"Markers",40,103,"search","https://www.hobbylobby.com/Art-Supplies/Drawing-Illustration/Markers/c/8-167-1298"
"Clearance - Decor & Pillows",40,104,"search","https://www.hobbylobby.com/Clearance/Clearance---Home-Decor/Clearance---Decor-Pillows/c/15-3-110"
"Shelves",40,106,"search","https://www.hobbylobby.com/Home-Decor-Frames/Storage-Organization/Shelves/c/3-109-1052"
"Crochet",40,110,"search","https://www.hobbylobby.com/Yarn-Needle-Art/Crochet/c/5-128"
"Acrylic & Plastic Beads",40,110,"search","https://www.hobbylobby.com/Beads-Jewelry/Beads/Acrylic-Plastic-Beads/c/2-100-1001"
"Fashion Tid Bits",40,111,"search","https://www.hobbylobby.com/Wearable-Art/Fashion-Tid-Bits/c/dc-wearable-brand-fashion-tid-bits"
"Storage & Organization",40,112,"search","https://www.hobbylobby.com/Scrapbook-Paper-Crafts/Storage-Organization/c/7-155"
"Drafting",40,112,"search","https://www.hobbylobby.com/Art-Supplies/Drafting/c/8-166"
"Bags & Surfaces",40,113,"search","https://www.hobbylobby.com/Wearable-Art/Bags-Surfaces/c/11-196"
"Yarn",40,115,"search","https://www.hobbylobby.com/Yarn-Needle-Art/Yarn/c/5-126"
"Yarn & Needle Art Weekly Ad",40,115,"search","https://www.hobbylobby.com/Yarn-%26-Needle-Art/Needle-Art-Weekly-Ad/c/dc-needle-art-weekly-ad"
"Yellow",40,118,"search","https://www.hobbylobby.com/Floral-Wedding/Yellow/c/dc-floral-top-colors-yellow?q=%3Arelevance%3AcolorFamily%3AYellow&amp"
"Vintaj",40,118,"search","https://www.hobbylobby.com/Beads-Jewelry/Vintaj/c/dc-BJ-Vintaj"
"Tim Holtz",40,123,"search","https://www.hobbylobby.com/Scrapbook-Paper-Crafts/Tim-Holtz/c/dc-PC-Holtz"
"Accessories & Embellishments",40,127,"search","https://www.hobbylobby.com/Wearable-Art/Accessories-Embellishments/c/11-199"
"Luau",40,128,"search","https://www.hobbylobby.com/Party-Baking/Themed-Party-Collections/Luau/c/10-189-1438"
"Special Occasions",40,129,"search","https://www.hobbylobby.com/Scrapbook-Paper-Crafts/Special-Occasions/c/dc-scrapbook-themes-special-occasions"
"Animals",40,130,"search","https://www.hobbylobby.com/Yarn-Needle-Art/Animals/c/dc-yarn-themes-animals"
"Calligraphy",40,133,"search","https://www.hobbylobby.com/Art-Supplies/Drawing-Illustration/Calligraphy/c/8-167-1306"
"Polka Dots",40,136,"search","https://www.hobbylobby.com/Party-Baking/Polka-Dots/c/dc-party-patterns-polka-dots"
"Creations of Grace",40,136,"search","https://www.hobbylobby.com/Wearable-Art/Creations-of-Grace/c/dc-wearable-brand-creations-of-grace"
"Decorations",40,138,"search","https://www.hobbylobby.com/Decorations/c/55-510"
"Tools & Adhesive",40,144,"search","https://www.hobbylobby.com/Beads-Jewelry/Tools-Adhesive/c/2-104"
"Baby Shower",40,145,"search","https://www.hobbylobby.com/Party-Baking/Themed-Party-Collections/Baby-Shower/c/10-189-1437"
"Books",40,147,"search","https://www.hobbylobby.com/Art-Supplies/Books/c/8-160"
"Places & Travel",40,148,"search","https://www.hobbylobby.com/Scrapbook-Paper-Crafts/Places-Travel/c/dc-scrapbook-themes-places-travel"
"Infant & Toddler Fashions",40,149,"search","https://www.hobbylobby.com/Wearable-Art/Toddler-Fashions/c/11-195"
"The Happy Planner",40,151,"search","https://www.hobbylobby.com/Scrapbook-Paper-Crafts/Create-365-The-Happy-Planner/c/dc-papercrafting-brands-create-365"
"Books",40,151,"search","https://www.hobbylobby.com/Yarn-Needle-Art/Books/c/5-131"
"Lamps",40,157,"search","https://www.hobbylobby.com/Home-Decor-Frames/Lighting/Lamps/c/3-114-1085"
"Greenery & Foliage",40,160,"search","https://www.hobbylobby.com/Floral-Wedding/Floral-Top-Flowers-Plants---Greenery-Foliage/c/dc-floral-plant-type-greenery-and-foliage"
"Albums & Refill Pages",40,160,"search","https://www.hobbylobby.com/Scrapbook-Paper-Crafts/Albums-Refill-Pages/c/7-146"
"The Fine Touch",40,161,"search","https://www.hobbylobby.com/Art-Supplies/The-Fine-Touch/c/dc-art-brands-the-fine-touch"
"Metal Beads",40,161,"search","https://www.hobbylobby.com/Beads-Jewelry/Beads/Metal-Beads/c/2-100-1004"
"Adhesive Wall Art",40,162,"search","https://www.hobbylobby.com/Home-Decor-Frames/Adhesive-Wall-Art/c/dc-HA-Vinyl"
"Wall Crosses",40,166,"search","https://www.hobbylobby.com/Home-Decor-Frames/Mirrors-Wall-Decor/Wall-Crosses/c/3-109-1058"
"Floral Containers & Vases",40,168,"search","https://www.hobbylobby.com/Home-Decor-Frames/Floral-Containers-Vases/c/dc-HA-Floral-Containers"
"Purple",40,170,"search","https://www.hobbylobby.com/Floral-Wedding/Purple/c/dc-floral-top-colors-purple?q=%3Arelevance%3AcolorFamily%3APurple&amp"
"Needle Arts",40,171,"search","https://www.hobbylobby.com/Yarn-Needle-Art/Needle-Arts/c/5-130"
"Mixed Media Jewelry",40,174,"search","https://www.hobbylobby.com/Beads-Jewelry/Mixed-Media-Jewelry/c/2-107"
"Framed Art",40,179,"search","https://www.hobbylobby.com/Home-Decor-Frames/Framed-Art/c/dc-HA-Framed"
"Artiste",40,181,"search","https://www.hobbylobby.com/Yarn-Needle-Art/Artiste/c/dc-yarn-brands-artiste"
"Bead Stringing by On-A-Cord, On-A-String & On-A-Wire",40,182,"search","https://www.hobbylobby.com/Beads-Jewelry/Bead-Stringing-by-On-A-Cord-On-A-String-On-A-Wire/c/dc-BJ-Stringing"
"EK Success",40,183,"search","https://www.hobbylobby.com/Scrapbook-Paper-Crafts/EK-Success/c/dc-papercrafting-brand-ek-success"
"Stripes",40,184,"search","https://www.hobbylobby.com/Party-Baking/Stripes/c/dc-party-patterns-stripes"
"Fiddlestix Paperie",40,188,"search","https://www.hobbylobby.com/Party-Baking/Fiddlestix-Paperie/c/dc-party-brand-fiddlestix-paperie"
"Traditions",40,189,"search","https://www.hobbylobby.com/Beads-Jewelry/Traditions/c/dc-BJ-Traditions"
"Fairy Tale",40,189,"search","https://www.hobbylobby.com/Beads-Jewelry/Fairy-Tale/c/dc-beads-collection-fairy-tale"
"Paints, Dyes & Adhesives",40,190,"search","https://www.hobbylobby.com/Wearable-Art/Paints-Dyes-Adhesives/c/11-198"
"Yarnology",40,194,"search","https://www.hobbylobby.com/Yarn-Needle-Art/Yarnology/c/dc-yarn-brands-yarnology"
"Ribbon",40,196,"search","https://www.hobbylobby.com/Floral-Weddings/Ribbon/c/4-122"
"Notions & Tools",40,196,"search","https://www.hobbylobby.com/Yarn-Needle-Art/Notions-Tools/c/5-132"
"Gemstone & Semi-Precious Beads",40,196,"search","https://www.hobbylobby.com/Beads-Jewelry/Beads/Gemstone-Semi-Precious-Beads/c/2-100-1002"
"Red",40,199,"search","https://www.hobbylobby.com/Floral-Wedding/Red/c/dc-floral-top-colors-red?q=%3Arelevance%3AcolorFamily%3ARed&amp"
"Playside Creations",40,202,"search","https://www.hobbylobby.com/Crafts-Hobbies/Playside-Creations/c/dc-CH-Playside"
"Furniture",40,202,"search","https://www.hobbylobby.com/Home-Decor-Frames/Furniture/c/3-115"
"Adult Fashions",40,209,"search","https://www.hobbylobby.com/Wearable-Art/Adult-Fashions/c/11-193"
"Stampabilities",40,213,"search","https://www.hobbylobby.com/Scrapbook-Paper-Crafts/Stampabilities/c/dc-PC-Stampabilities"
"Mixed Media",40,214,"search","https://www.hobbylobby.com/Scrapbook-Paper-Crafts/Mixed-Media/c/7-158"
"Pink",40,217,"search","https://www.hobbylobby.com/Floral-Wedding/Pink/c/dc-floral-top-colors-pink?q=%3Arelevance%3AcolorFamily%3APink&amp"
"Containers & Fillers",40,227,"search","https://www.hobbylobby.com/Floral-Weddings/Containers-Fillers/c/4-116"
"Clearance - Paper Crafts",40,230,"search","https://www.hobbylobby.com/Clearance---Paper-Crafts/c/7-999"
"Seasons & Holidays",40,232,"search","https://www.hobbylobby.com/Scrapbook-Paper-Crafts/Seasons-Holidays/c/dc-scrapbook-themes-holidays"
"Brushes",40,236,"search","https://www.hobbylobby.com/Art-Supplies/Brushes/c/8-163"
"Sports",40,243,"search","https://www.hobbylobby.com/Scrapbook-Paper-Crafts/Sports/c/dc-scrapbook-themes-sports"
"Bushes & Garlands",40,249,"search","https://www.hobbylobby.com/Floral-Weddings/Bushes-Garlands/c/4-119"
"Bushes & Garlands",40,249,"search","https://www.hobbylobby.com/Floral-Wedding/Bushes-Garlands/c/4-119"
"Glass Beads",40,255,"search","https://www.hobbylobby.com/Beads-Jewelry/Beads/Glass-Beads/c/2-100-1005"
"Me & My Big Ideas",40,259,"search","https://www.hobbylobby.com/Scrapbook-Paper-Crafts/Me-And-My-Big-Ideas/c/dc-papercrafting-brands-mambi"
"Clearance - Home Decor",40,261,"search","https://www.hobbylobby.com/Clearance---Home-Decor/c/3-999"
"Clearance - Home Decor",40,261,"search","https://www.hobbylobby.com/Clearance/Clearance---Home-Decor/c/3-999"
"Clearance - Art",40,275,"search","https://www.hobbylobby.com/Clearance---Art/c/8-999"
"Apparel Fabrics",40,278,"search","https://www.hobbylobby.com/Fabric-Sewing/Apparel-Fabrics/c/6-133"
"Flower Stems",40,285,"search","https://www.hobbylobby.com/Floral-Weddings/Floral-Stems/c/4-120"
"Flower Stems",40,285,"search","https://www.hobbylobby.com/Floral-Wedding/Flower-Stems/c/4-120"
"Gift Wrap",40,286,"search","https://www.hobbylobby.com/Party-Baking/Gift-Wrap/c/10-190"
"Storage & Planters",40,296,"search","https://www.hobbylobby.com/Storage-Planters/c/50-020"
"Inspirational Books & Gifts",40,300,"search","https://www.hobbylobby.com/Home-Decor-Frames/Inspirational-Books-Gifts/c/3-116"
"Planners & Accessories",40,305,"search","https://www.hobbylobby.com/Planners-Accessories/c/7-160"
"Cross Stitch",40,305,"search","https://www.hobbylobby.com/Yarn-Needle-Art/Cross-Stitch/c/5-127"
"Iron-Ons & Appliques",40,305,"search","https://www.hobbylobby.com/Wearable-Art/Iron-Ons-Appliques/c/11-197"
"Clearance - Crafts & Hobbies",40,305,"search","https://www.hobbylobby.com/Clearance---Crafts-Hobbies/c/9-999"
"Painting Supplies",40,311,"search","https://www.hobbylobby.com/Art-Supplies/Painting-Supplies/c/8-168"
"Home Decor Fabric & Trim",40,320,"search","https://www.hobbylobby.com/Fabric-Sewing/Home-Decor-Fabrics/c/6-142"
"Clearance - Fabric & Sewing",40,323,"search","https://www.hobbylobby.com/Clearance---Fabric-Sewing/c/6-999"
"Master's Touch",40,329,"search","https://www.hobbylobby.com/Art-Supplies/Master%27s-Touch/c/dc-art-brands-masters-touch"
"Bead Stringing & Chains",40,330,"search","https://www.hobbylobby.com/Beads-Jewelry/Bead-Stringing-Chains/c/2-102"
"Tabletop Glass Decor",40,341,"search","https://www.hobbylobby.com/Home-Decor-Frames/Tabletop-Glass-Decor/c/dc-HA-Tabletop-Glass-Decor"
"Canvas & Surfaces",40,342,"search","https://www.hobbylobby.com/Art-Supplies/Canvas-Surfaces/c/8-165"
"Accessories & Tools",40,345,"search","https://www.hobbylobby.com/Scrapbook-Paper-Crafts/Accessories-Tools/c/7-156"
"Clearance - Yarn & Needle Art",40,348,"search","https://www.hobbylobby.com/Clearance---Yarn-Needle-Art/c/5-999"
"Candleholders",40,356,"search","https://www.hobbylobby.com/Home-Decor-Frames/Candleholders/c/dc-HA-Candleholders"
"Sports Fabrics",40,364,"search","https://www.hobbylobby.com/Fabric-Sewing/Sports-Fabrics/c/6-139"
"Art Supplies Weekly Ad",40,376,"search","https://www.hobbylobby.com/Art-Supplies/Art-Supplies-Weekly-Ad/c/dc-art-supplies-weekly-ad"
"Candles & LED Candles",40,377,"search","https://www.hobbylobby.com/Home-Decor-Frames/Candles-LED-Candles/c/dc-HA-Candles"
"Die Cut Machines & Accessories",40,386,"search","https://www.hobbylobby.com/Scrapbook-Paper-Crafts/Die-Cut-Machines-Accessories/c/7-148"
"Decor & Pillows",40,386,"search","https://www.hobbylobby.com/Decor-Pillows/c/50-005"
"Animals",40,402,"search","https://www.hobbylobby.com/Scrapbook-Paper-Crafts/Animals/c/dc-scrapbook-themes-animals"
"Floral Supplies",40,407,"search","https://www.hobbylobby.com/Floral-Weddings/Floral-Supplies/c/4-124"
"Clearance - Beads & Jewelry",40,426,"search","https://www.hobbylobby.com/Clearance---Beads-Jewelry/c/2-999"
"Clearance - Wearable Art",40,429,"search","https://www.hobbylobby.com/Clearance---Wearable-Art/c/11-999"
"Garden",40,433,"search","https://www.hobbylobby.com/Garden/c/50-010"
"Green",40,439,"search","https://www.hobbylobby.com/Floral-Wedding/Green/c/dc-floral-top-colors-green?q=%3Arelevance%3AcolorFamily%3AGreen&amp"
"Charms by A Bead Story & Charm Me",40,441,"search","https://www.hobbylobby.com/Beads-Jewelry/Charms-by-A-Bead-Story-Charm-Me/c/dc-BJ-Charms"
"Stamping",40,470,"search","https://www.hobbylobby.com/Scrapbook-Paper-Crafts/Stamping/c/7-152"
"the Jewelry Shoppe & My Jewelry Shoppe",40,490,"search","https://www.hobbylobby.com/Beads-Jewelry/the-Jewelry-Shoppe-My-Jewelry-Shoppe/c/dc-BJ-Shoppe"
"Drawing & Illustration",40,494,"search","https://www.hobbylobby.com/Art-Supplies/Drawing-Illustration/c/8-167"
"Tabletop Ceramic, Resin & Pottery Decor",40,494,"search","https://www.hobbylobby.com/Home-Decor-Frames/Tabletop-Ceramic-Resin-Pottery-Decor/c/dc-HA-Tabletop-Ceramic-Resin-Pottery"
"Kitchen & Picnic",40,495,"search","https://www.hobbylobby.com/Kitchen-Picnic/c/50-015"
"Sunny Side Up Bakery",40,508,"search","https://www.hobbylobby.com/Party-Baking/Sunny-Side-Up-Bakery/c/dc-party-brand-sunny-side-up-bakery"
"the Ribbon Boutique",40,512,"search","https://www.hobbylobby.com/Fabric-Sewing/the-Ribbon-Boutique/c/dc-fabric-brand-the-ribbon-boutique"
"Knobs",40,524,"search","https://www.hobbylobby.com/Home-Decor-Frames/Knobs-Hardware/Knobs/c/3-110-1057"
"Knobs, Drawer Pulls & Handles",40,524,"search","https://www.hobbylobby.com/Home-Decor-Frames/Knobs-Drawer-Pulls-Handles/c/dc-HA-Knobs"
"Project Supplies",40,533,"search","https://www.hobbylobby.com/Art-Supplies/Project-Supplies/c/8-171"
"Flowers & Nature",40,541,"search","https://www.hobbylobby.com/Scrapbook-Paper-Crafts/Flowers-Nature/c/dc-scrapbook-themes-flowers-nature"
"Model Kits",40,545,"search","https://www.hobbylobby.com/Crafts-Hobbies/Model-Kits/c/9-184"
"Crafts Weekly Ad",40,547,"search","https://www.hobbylobby.com/Crafts-Weekly-Ad/c/dc-crafts-weekly-ad"
"Party Supplies",40,553,"search","https://www.hobbylobby.com/Party-Baking/Party-Supplies/c/10-188"
"White",40,566,"search","https://www.hobbylobby.com/Floral-Wedding/White/c/dc-floral-top-colors-white?q=%3Arelevance%3AcolorFamily%3AWhite&amp"
"Quilting Fabrics",40,569,"search","https://www.hobbylobby.com/Fabric-Sewing/Quilting-Fabrics/c/6-136"
"Metal Gallery",40,576,"search","https://www.hobbylobby.com/Beads-Jewelry/Metal-Gallery/c/dc-BJ-Metal%20Gallery"
"Stationery & Office Decor",40,601,"search","https://www.hobbylobby.com/Party-Baking/Stationery-Office-Decor/c/10-191"
"Basic Crafts",40,613,"search","https://www.hobbylobby.com/Crafts-Hobbies/Basic-Crafts/c/9-172"
"Baking Supplies",40,619,"search","https://www.hobbylobby.com/Party-Baking/Baking-Supplies/c/10-192"
"Color Gallery by Bead Treasures",40,620,"search","https://www.hobbylobby.com/Beads-Jewelry/Color-Gallery-by-Bead-Treasures/c/dc-BJ-Gallery"
"Finished Jewelry",40,645,"search","https://www.hobbylobby.com/Beads-Jewelry/Finished-Jewelry/c/2-106"
"Stickabilities",40,646,"search","https://www.hobbylobby.com/Scrapbook-Paper-Crafts/Stickabilities/c/dc-papercrafting-collection-stickabilities"
"Paper & Cardstock",40,704,"search","https://www.hobbylobby.com/Scrapbook-Paper-Crafts/Paper-Cardstock/c/7-151"
"Jewelry Findings",40,714,"search","https://www.hobbylobby.com/Beads-Jewelry/Jewelry-Findings/c/2-103"
"Metal Wall Decor",40,737,"search","https://www.hobbylobby.com/Home-Decor-Frames/Metal-Wall-Decor/c/dc-HA-Wall-Decor-Metal"
"Wedding",40,739,"search","https://www.hobbylobby.com/Floral-Weddings/Wedding/c/4-115"
"Wedding",40,739,"search","https://www.hobbylobby.com/Floral-Wedding/Wedding/c/4-115"
"Ribbon",40,753,"search","https://www.hobbylobby.com/Fabric-Sewing/Ribbon/c/dc-Ribbon"
"Wood Crafting",40,808,"search","https://www.hobbylobby.com/Crafts-Hobbies/Wood-Crafting/c/9-178"
"Wall Decor",40,823,"search","https://www.hobbylobby.com/Wall-Decor/c/50-025"
"Embellishments",40,827,"search","https://www.hobbylobby.com/Scrapbook-Paper-Crafts/Embellishments/c/7-157"
"Ribbons & Trim",40,843,"search","https://www.hobbylobby.com/Fabric-Sewing/Ribbons-Trim/c/6-141"
"Sew-Ology",40,899,"search","https://www.hobbylobby.com/Fabric-Sewing/Sew-Ology/c/dc-fabric-brand-sew-ology"
"Storage & Organization",40,951,"search","https://www.hobbylobby.com/Home-Decor-Frames/Storage-Organization/c/3-112"
"Wood Wall Decor",40,956,"search","https://www.hobbylobby.com/Home-Decor-Frames/Wood-Wall-Decor/c/dc-HA-Wall-Decor-Wood"
"Themed Party Collections",40,1009,"search","https://www.hobbylobby.com/Party-Baking/Themed-Party-Collections/c/10-189"
"Beads",40,1036,"search","https://www.hobbylobby.com/Beads-Jewelry/Beads/c/2-100"
"Frames & Photo Albums",40,1099,"search","https://www.hobbylobby.com/Home-Decor-Frames/Frames-Photo-Albums/c/3-113"
"Frames & Photo Albums",40,1099,"search","https://www.hobbylobby.com/Home-Decor-Frames/Frames-Photo-Albums/c/3-113?q=%3Arelevance&amp"
"Floral Weekly Ad",40,1225,"search","https://www.hobbylobby.com/Floral-%26-Wedding/Floral-Weekly-Ad/c/dc-floral-weekly-ad"
"Farmhouse & Industrial",40,1229,"search","https://www.hobbylobby.com/Home-Decor-Frames/Farmhouse-Industrial/c/dc-farmhouse"
"Sewing & Quilting Notions",40,1231,"search","https://www.hobbylobby.com/Fabric-Sewing/Sewing-Quilting-Notions/c/6-144"
"Charms & Pendants",40,1548,"search","https://www.hobbylobby.com/Beads-Jewelry/Charms-Pendants/c/2-101"
"Stickers",40,1570,"search","https://www.hobbylobby.com/Scrapbook-Paper-Crafts/Stickers/c/7-153"
"Fabric",40,1641,"search","https://www.hobbylobby.com/Fabric-Sewing/Fabric/c/dc-Fabric"
"Decor & Pillows",40,1670,"search","https://www.hobbylobby.com/Home-Decor-Frames/Decor-Pillows/c/3-110"
"Decor & Pillows",40,1670,"search","https://www.hobbylobby.com/Home-Decor-Frames/Decor-Pillows/c/3-110?q=%3Arelevance&amp"
"Brother Sister Design Studio",40,1691,"search","https://www.hobbylobby.com/Party-Baking/Brother-Sister-Design-Studio/c/dc-party-brand-brother-sister-design-studio"
"Beads & Jewelry Making Weekly Ad",40,1827,"search","https://www.hobbylobby.com/Beads-%26-Jewelry/Beads-%26-Jewelry-Making-Weekly-Ad/c/dc-beads-jewelry-making-weekly-ad"
"Fabric Weekly Ad",40,1847,"search","https://www.hobbylobby.com/Fabric-%26-Sewing/Fabric-Weekly-Ad/c/dc-fabric-weekly-ad"
"Scrapbooking & Paper Crafts Weekly Ad",40,2359,"search","https://www.hobbylobby.com/Scrapbook-%26-Paper-Crafts/Scrapbooking-%26-Paper-Crafts-Weekly-Ad/c/dc-scrapbook-paper-crafts-weekly-ad"
"the Paper Studio",40,3215,"search","https://www.hobbylobby.com/Scrapbook-Paper-Crafts/the-Paper-Studio/c/dc-papercrafts-brand-thepaperstudio"
"Home Decor Weekly Ad",40,4583,"search","https://www.hobbylobby.com/Home-Decor-Weekly-Ad/c/dc-home-accents-weekly-ad"
