"Category.URL","Category Name","First Page","Last Page","Source Domain","Product.Count"
"https://www.midwayusa.com/handgun-parts/br?cid=23855","Gun Parts > Handgun Parts","1","239","midwayusa.com","5733"
"https://www.midwayusa.com/rifle-parts/br?cid=23854","Gun Parts > Rifle Parts","1","226","midwayusa.com","5406"
"https://www.midwayusa.com/optics/br?cid=657","Optics","1","135","midwayusa.com","3234"
"https://www.midwayusa.com/ammunition/br?cid=653","Ammunition","1","132","midwayusa.com","3160"
"https://www.midwayusa.com/shotgun-parts/br?cid=23856","Gun Parts > Shotgun Parts","1","98","midwayusa.com","2331"
"https://www.midwayusa.com/bullets/br?cid=19785","Reloading Supplies > Bullets","1","79","midwayusa.com","1893"
"https://www.midwayusa.com/magazines/br?cid=18830","Gun Parts > Magazines","1","78","midwayusa.com","1866"
"https://www.midwayusa.com/knives/br?cid=23678","Knives & Tools > Knives","1","74","midwayusa.com","1775"
"https://www.midwayusa.com/rifle-ammunition/br?cid=690","Ammunition > Rifle Ammunition","1","70","midwayusa.com","1666"
"https://www.midwayusa.com/rifle-scopes/br?cid=11392","Optics > Rifle Scopes","1","38","midwayusa.com","905"
"https://www.midwayusa.com/centerfire-scopes/br?cid=11396","Optics > Rifle Scopes > Centerfire Scopes","1","36","midwayusa.com","841"
"https://www.midwayusa.com/reloading-dies-and-accessories/br?cid=23846","Reloading Supplies > Reloading Dies & Accessories","1","36","midwayusa.com","860"
"https://www.midwayusa.com/case-cleaning-and-preparation/br?cid=695","Reloading Supplies > Case Cleaning & Preparation","1","34","midwayusa.com","816"
"https://www.midwayusa.com/scope-bases-and-mounts/br?cid=8705","Optics > Scope Bases & Mounts","1","33","midwayusa.com","784"
"https://www.midwayusa.com/gun-cleaning/br?cid=20763","Shooting Gear > Gun Cleaning","1","33","midwayusa.com","773"
"https://www.midwayusa.com/handgun-ammunition/br?cid=691","Ammunition > Handgun Ammunition","1","32","midwayusa.com","745"
"https://www.midwayusa.com/bullet-casting/br?cid=685","Reloading Supplies > Bullet Casting","1","32","midwayusa.com","748"
"https://www.midwayusa.com/targets-and-clay-throwers/br?cid=7234","Shooting Gear > Targets & Clay Throwers","1","28","midwayusa.com","654"
"https://www.midwayusa.com/shotgun-ammunition/br?cid=9217","Ammunition > Shotgun Ammunition","1","25","midwayusa.com","595"
"https://www.midwayusa.com/boots-and-shoes/br?cid=22858","Footwear > Boots & Shoes","1","25","midwayusa.com","588"
"https://www.midwayusa.com/rifles/br?cid=23852","Guns > Rifles","1","24","midwayusa.com","555"
"https://www.midwayusa.com/holsters-by-gun-make-and-model/br?cid=20789","Holsters & Belts > Holsters by Gun Make & Model","1","20","midwayusa.com","479"
"https://www.midwayusa.com/game-calls/br?cid=7617","Hunting Gear > Game Calls","1","20","midwayusa.com","462"
"https://www.midwayusa.com/handguns/br?cid=23851","Guns > Handguns","1","19","midwayusa.com","450"
"https://www.midwayusa.com/decoys/br?cid=19378","Hunting Gear > Decoys","1","19","midwayusa.com","451"
"https://www.midwayusa.com/shellholders-and-shellplates/br?cid=19786","Reloading Supplies > Shellholders & Shellplates","1","18","midwayusa.com","426"
"https://www.midwayusa.com/shotshell-equipment-and-components/br?cid=8603","Reloading Supplies > Shotshell Equipment & Components","1","18","midwayusa.com","417"
"https://www.midwayusa.com/slings-and-sling-swivels/br?cid=22411","Shooting Gear > Slings & Sling Swivels","1","17","midwayusa.com","397"
"https://www.midwayusa.com/backpacks-and-bags/br?cid=20621","Camping & Survival > Backpacks & Bags","1","15","midwayusa.com","352"
"https://www.midwayusa.com/shirts/br?cid=23727","Clothing > Shirts","1","15","midwayusa.com","359"
"https://www.midwayusa.com/paper-targets/br?cid=17792","Shooting Gear > Targets & Clay Throwers > Paper Targets","1","14","midwayusa.com","332"
"https://www.midwayusa.com/shotguns/br?cid=23853","Guns > Shotguns","1","14","midwayusa.com","313"
"https://www.midwayusa.com/gun-cases/br?cid=19752","Shooting Gear > Gun Cases","1","13","midwayusa.com","295"
"https://www.midwayusa.com/magazine-pouches/br?cid=23007","Shooting Gear > Magazine Pouches","1","12","midwayusa.com","288"
"https://www.midwayusa.com/red-dot-sights/br?cid=11757","Optics > Red Dot Sights","1","12","midwayusa.com","267"
"https://www.midwayusa.com/shooting-rests-and-bags/br?cid=15820","Shooting Gear > Shooting Rests & Bags","1","12","midwayusa.com","276"
"https://www.midwayusa.com/reloading-presses-and-accessories/br?cid=23847","Reloading Supplies > Reloading Presses & Accessories","1","11","midwayusa.com","250"
"https://www.midwayusa.com/archery-targets/br?cid=22747","Archery > Archery Targets","1","11","midwayusa.com","254"
"https://www.midwayusa.com/lights/br?cid=23077","Camping & Survival > Lights","1","11","midwayusa.com","241"
"https://www.midwayusa.com/firearm-specific-tools/br?cid=23800","Gunsmithing Supplies > Firearm Specific Tools","1","10","midwayusa.com","238"
"https://www.midwayusa.com/blinds/br?cid=23276","Hunting Gear > Blinds","1","10","midwayusa.com","223"
"https://www.midwayusa.com/treestands/br?cid=23277","Hunting Gear > Treestands","1","10","midwayusa.com","234"
"https://www.midwayusa.com/bipods-monopods-and-shooting-sticks/br?cid=10514","Shooting Gear > Bipods, Monopods & Shooting Sticks","1","10","midwayusa.com","224"
"https://www.midwayusa.com/scents-and-scent-eliminators/br?cid=19338","Hunting Gear > Scents & Scent Eliminators","1","10","midwayusa.com","226"
"https://www.midwayusa.com/broadheads-and-points/br?cid=22744","Archery > Broadheads & Points","1","9","midwayusa.com","205"
"https://www.midwayusa.com/caps-hats-and-beanies/br?cid=23306","Clothing > Caps, Hats & Beanies","1","9","midwayusa.com","216"
"https://www.midwayusa.com/recoil-pads-and-reducers/br?cid=9207","Gun Parts > Recoil Pads & Reducers","1","9","midwayusa.com","215"
"https://www.midwayusa.com/powder-measures-scales-and-tools/br?cid=701","Reloading Supplies > Powder Measures, Scales & Tools","1","9","midwayusa.com","203"
"https://www.midwayusa.com/gun-safes-and-storage/br?cid=23758","Shooting Gear > Gun Safes & Storage","1","9","midwayusa.com","208"
"https://www.midwayusa.com/videos/br?cid=15839","Books, Videos & Software > Videos","1","9","midwayusa.com","200"
"https://www.midwayusa.com/jackets-coats-and-parkas/br?cid=23724","Clothing > Jackets, Coats & Parkas","1","9","midwayusa.com","206"
"https://www.midwayusa.com/pants/br?cid=23725","Clothing > Pants","1","9","midwayusa.com","201"
"https://www.midwayusa.com/scope-rings/br?cid=698","Optics > Scope Rings","1","8","midwayusa.com","189"
"https://www.midwayusa.com/smokeless-powder/br?cid=17586","Reloading Supplies > Smokeless Powder","1","8","midwayusa.com","171"
"https://www.midwayusa.com/eye-and-ear-protection/br?cid=10509","Shooting Gear > Eye & Ear Protection","1","8","midwayusa.com","185"
"https://www.midwayusa.com/books/br?cid=15814","Books, Videos & Software > Books","1","8","midwayusa.com","172"
"https://www.midwayusa.com/air-rifles/br?cid=23173","Air Guns > Air Rifles","1","7","midwayusa.com","168"
"https://www.midwayusa.com/rimfire-ammunition/br?cid=7547","Ammunition > Rimfire Ammunition","1","7","midwayusa.com","154"
"https://www.midwayusa.com/atv/br?cid=19385","Hunting Gear > ATV","1","7","midwayusa.com","152"
"https://www.midwayusa.com/dog-training-and-supplies/br?cid=21244","Hunting Gear > Dog Training & Supplies","1","7","midwayusa.com","145"
"https://www.midwayusa.com/military-surplus-gear/br?cid=23346","Military Surplus > Military Surplus Gear","1","7","midwayusa.com","164"
"https://www.midwayusa.com/red-dot-sight-mounts-and-adapters/br?cid=11839","Optics > Red Dot Sight Mounts & Adapters","1","7","midwayusa.com","151"
"https://www.midwayusa.com/weapon-lights/br?cid=664","Optics > Weapon Lights","1","7","midwayusa.com","168"
"https://www.midwayusa.com/ammunition-carriers/br?cid=20172","Shooting Gear > Ammunition Carriers","1","7","midwayusa.com","155"
"https://www.midwayusa.com/food/br?cid=21078","Camping & Survival > Food","1","7","midwayusa.com","146"
"https://www.midwayusa.com/sunglasses/br?cid=23112","Clothing > Sunglasses","1","6","midwayusa.com","133"
"https://www.midwayusa.com/ar-15-complete-uppers/br?cid=23443","Gun Parts > AR-15 Complete Uppers","1","6","midwayusa.com","125"
"https://www.midwayusa.com/gunsmithing-fixtures/br?cid=23801","Gunsmithing Supplies > Gunsmithing Fixtures","1","6","midwayusa.com","123"
"https://www.midwayusa.com/reamers-and-cutters/br?cid=23807","Gunsmithing Supplies > Reamers & Cutters","1","6","midwayusa.com","132"
"https://www.midwayusa.com/game-and-trail-cameras/br?cid=20759","Hunting Gear > Game & Trail Cameras","1","6","midwayusa.com","124"
"https://www.midwayusa.com/black-powder-rifles/br?cid=23206","Black Powder > Black Powder Rifles","1","6","midwayusa.com","128"
"https://www.midwayusa.com/tents-and-shelters/br?cid=19423","Camping & Survival > Tents & Shelters","1","6","midwayusa.com","128"
"https://www.midwayusa.com/multi-tools/br?cid=9559","Knives & Tools > Multi-Tools","1","6","midwayusa.com","121"
"https://www.midwayusa.com/sweaters-sweatshirts-and-hoodies/br?cid=23729","Clothing > Sweaters, Sweatshirts & Hoodies","1","5","midwayusa.com","102"
"https://www.midwayusa.com/universal-holsters/br?cid=23620","Holsters & Belts > Universal Holsters","1","5","midwayusa.com","97"
"https://www.midwayusa.com/holster-and-duty-belts/br?cid=7616","Holsters & Belts > Holster & Duty Belts","1","5","midwayusa.com","107"
"https://www.midwayusa.com/game-processing/br?cid=23697","Hunting Gear > Game Processing","1","5","midwayusa.com","112"
"https://www.midwayusa.com/knife-sharpeners/br?cid=9562","Knives & Tools > Knife Sharpeners","1","5","midwayusa.com","100"
"https://www.midwayusa.com/binoculars/br?cid=9060","Optics > Binoculars","1","5","midwayusa.com","111"
"https://www.midwayusa.com/laser-sights/br?cid=704","Optics > Laser Sights","1","5","midwayusa.com","115"
"https://www.midwayusa.com/choke-tubes-and-wrenches/br?cid=9199","Shooting Gear > Choke Tubes & Wrenches","1","5","midwayusa.com","116"
"https://www.midwayusa.com/magazine-loaders/br?cid=8899","Shooting Gear > Magazine Loaders","1","5","midwayusa.com","106"
"https://www.midwayusa.com/arrows-and-crossbow-bolts/br?cid=22743","Archery > Arrows & Crossbow Bolts","1","5","midwayusa.com","107"
"https://www.midwayusa.com/black-powder-cleaning-and-maintenance/br?cid=23203","Black Powder > Black Powder Cleaning & Maintenance","1","5","midwayusa.com","104"
"https://www.midwayusa.com/hydration/br?cid=21081","Camping & Survival > Hydration","1","5","midwayusa.com","116"
"https://www.midwayusa.com/air-pistols/br?cid=10616","Air Guns > Air Pistols","1","4","midwayusa.com","78"
"https://www.midwayusa.com/air-gun-pellets-and-bbs/br?cid=22953","Air Guns > Air Gun Pellets & BBs","1","4","midwayusa.com","91"
"https://www.midwayusa.com/air-gun-accessories/br?cid=10535","Air Guns > Air Gun Accessories","1","4","midwayusa.com","80"
"https://www.midwayusa.com/bow-sights/br?cid=22755","Archery > Bow Sights","1","4","midwayusa.com","76"
"https://www.midwayusa.com/gloves/br?cid=23004","Clothing > Gloves","1","4","midwayusa.com","93"
"https://www.midwayusa.com/military-surplus-clothing/br?cid=23345","Military Surplus > Military Surplus Clothing","1","4","midwayusa.com","96"
"https://www.midwayusa.com/screwdrivers-and-bits/br?cid=23810","Gunsmithing Supplies > Screwdrivers & Bits","1","4","midwayusa.com","84"
"https://www.midwayusa.com/holster-accessories/br?cid=12662","Holsters & Belts > Holster Accessories","1","4","midwayusa.com","96"
"https://www.midwayusa.com/food-plots/br?cid=23698","Hunting Gear > Food Plots","1","4","midwayusa.com","73"
"https://www.midwayusa.com/axes-hatchets-and-tomahawks/br?cid=10215","Knives & Tools > Axes, Hatchets & Tomahawks","1","4","midwayusa.com","89"
"https://www.midwayusa.com/scope-covers-and-sunshades/br?cid=8653","Optics > Scope Covers & Sunshades","1","4","midwayusa.com","79"
"https://www.midwayusa.com/spotting-scopes/br?cid=8412","Optics > Spotting Scopes","1","4","midwayusa.com","85"
"https://www.midwayusa.com/thermal-imaging/br?cid=23785","Optics > Thermal Imaging","1","4","midwayusa.com","83"
"https://www.midwayusa.com/ammo-boxes-and-labels/br?cid=683","Reloading Supplies > Ammo Boxes & Labels","1","4","midwayusa.com","85"
"https://www.midwayusa.com/priming-tools/br?cid=706","Reloading Supplies > Priming Tools","1","4","midwayusa.com","79"
"https://www.midwayusa.com/revolver-speedloaders-and-moon-clips/br?cid=20727","Shooting Gear > Revolver Speedloaders & Moon Clips","1","4","midwayusa.com","87"
"https://www.midwayusa.com/bowfishing/br?cid=22742","Archery > Bowfishing","1","4","midwayusa.com","82"
"https://www.midwayusa.com/black-powder-pistols-and-revolvers/br?cid=23204","Black Powder > Black Powder Pistols & Revolvers","1","4","midwayusa.com","90"
"https://www.midwayusa.com/survival-gear/br?cid=22021","Camping & Survival > Survival Gear","1","4","midwayusa.com","81"
"https://www.midwayusa.com/crossbow-accessories/br?cid=22764","Archery > Crossbow Accessories","1","3","midwayusa.com","65"
"https://www.midwayusa.com/bow-releases-wrist-slings-and-arm-guards/br?cid=22756","Archery > Bow Releases, Wrist Slings & Arm Guards","1","3","midwayusa.com","57"
"https://www.midwayusa.com/vests/br?cid=23730","Clothing > Vests","1","3","midwayusa.com","68"
"https://www.midwayusa.com/face-masks-balaclavas-and-neck-gaiters/br?cid=23318","Clothing > Face Masks, Balaclavas & Neck Gaiters","1","3","midwayusa.com","55"
"https://www.midwayusa.com/socks/br?cid=22863","Footwear > Socks","1","3","midwayusa.com","68"
"https://www.midwayusa.com/action-wrenches-and-receiver-tools/br?cid=23791","Gunsmithing Supplies > Action Wrenches & Receiver Tools","1","3","midwayusa.com","50"
"https://www.midwayusa.com/glass-bedding/br?cid=23792","Gunsmithing Supplies > Glass Bedding","1","3","midwayusa.com","49"
"https://www.midwayusa.com/paint-stain-polish-and-finish/br?cid=23804","Gunsmithing Supplies > Paint, Stain, Polish & Finish","1","3","midwayusa.com","59"
"https://www.midwayusa.com/sight-installation-and-adjustment-tools/br?cid=23811","Gunsmithing Supplies > Sight Installation & Adjustment Tools","1","3","midwayusa.com","50"
"https://www.midwayusa.com/stock-accents/br?cid=23812","Gunsmithing Supplies > Stock Accents","1","3","midwayusa.com","50"
"https://www.midwayusa.com/defense-and-pepper-sprays/br?cid=20693","Shooting Gear > Defense & Pepper Sprays","1","3","midwayusa.com","63"
"https://www.midwayusa.com/deer-and-game-feeders/br?cid=23699","Hunting Gear > Deer & Game Feeders","1","3","midwayusa.com","51"
"https://www.midwayusa.com/game-carts-and-field-dressing/br?cid=23696","Hunting Gear > Game Carts & Field Dressing","1","3","midwayusa.com","58"
"https://www.midwayusa.com/minerals-and-attractants/br?cid=23700","Hunting Gear > Minerals & Attractants","1","3","midwayusa.com","49"
"https://www.midwayusa.com/swords/br?cid=23694","Knives & Tools > Swords","1","3","midwayusa.com","71"
"https://www.midwayusa.com/machetes/br?cid=20712","Knives & Tools > Machetes","1","3","midwayusa.com","66"
"https://www.midwayusa.com/night-vision/br?cid=9059","Optics > Night Vision","1","3","midwayusa.com","67"
"https://www.midwayusa.com/scope-accessories/br?cid=22949","Optics > Scope Accessories","1","3","midwayusa.com","51"
"https://www.midwayusa.com/scope-mounting/br?cid=696","Optics > Scope Mounting","1","3","midwayusa.com","60"
"https://www.midwayusa.com/spotting-scope-tripods-and-mounts/br?cid=8655","Optics > Spotting Scope Tripods & Mounts","1","3","midwayusa.com","49"
"https://www.midwayusa.com/case-length-gauges/br?cid=8868","Reloading Supplies > Case Length Gauges","1","3","midwayusa.com","54"
"https://www.midwayusa.com/primers/br?cid=17587","Reloading Supplies > Primers","1","3","midwayusa.com","64"
"https://www.midwayusa.com/batons-and-impact-weapons/br?cid=20921","Shooting Gear > Batons & Impact Weapons","1","3","midwayusa.com","71"
"https://www.midwayusa.com/chronographs-and-shot-timers/br?cid=19985","Shooting Gear > Chronographs & Shot Timers","1","3","midwayusa.com","67"
"https://www.midwayusa.com/shooting-accessories/br?cid=7237","Shooting Gear > Shooting Accessories","1","3","midwayusa.com","49"
"https://www.midwayusa.com/archery-cases-and-slings/br?cid=22740","Archery > Archery Cases & Slings","1","3","midwayusa.com","49"
"https://www.midwayusa.com/camp-kitchen-and-bath/br?cid=23235","Camping & Survival > Camp Kitchen & Bath","1","3","midwayusa.com","55"
"https://www.midwayusa.com/camp-stoves/br?cid=23232","Camping & Survival > Camp Stoves","1","3","midwayusa.com","58"
"https://www.midwayusa.com/coolers/br?cid=21484","Camping & Survival > Coolers","1","3","midwayusa.com","57"
"https://www.midwayusa.com/cots-pads-hammocks-and-air-mattresses/br?cid=19781","Camping & Survival > Cots, Pads, Hammocks & Air Mattresses","1","3","midwayusa.com","51"
"https://www.midwayusa.com/navigation-and-communication/br?cid=19731","Camping & Survival > Navigation & Communication","1","3","midwayusa.com","71"
"https://www.midwayusa.com/sleeping-bags/br?cid=19424","Camping & Survival > Sleeping Bags","1","3","midwayusa.com","49"
"https://www.midwayusa.com/base-layers/br?cid=23718","Clothing > Base Layers","1","3","midwayusa.com","68"
"https://www.midwayusa.com/ammo-cans-and-dry-boxes/br?cid=23192","Shooting Gear > Ammo Cans & Dry Boxes","1","2","midwayusa.com","43"
"https://www.midwayusa.com/compound-bows/br?cid=22738","Archery > Compound Bows","1","2","midwayusa.com","25"
"https://www.midwayusa.com/crossbows/br?cid=22761","Archery > Crossbows","1","2","midwayusa.com","42"
"https://www.midwayusa.com/bow-stabilizers-and-dampeners/br?cid=22751","Archery > Bow Stabilizers & Dampeners","1","2","midwayusa.com","31"
"https://www.midwayusa.com/shorts/br?cid=23728","Clothing > Shorts","1","2","midwayusa.com","30"
"https://www.midwayusa.com/belts/br?cid=23316","Clothing > Belts","1","2","midwayusa.com","48"
"https://www.midwayusa.com/boot-care-and-laces/br?cid=22861","Footwear > Boot Care & Laces","1","2","midwayusa.com","26"
"https://www.midwayusa.com/abrasives-and-polishing/br?cid=23790","Gunsmithing Supplies > Abrasives & Polishing","1","2","midwayusa.com","39"
"https://www.midwayusa.com/bluing/br?cid=23793","Gunsmithing Supplies > Bluing","1","2","midwayusa.com","27"
"https://www.midwayusa.com/files-rasps-chisels-and-engraving-tools/br?cid=23799","Gunsmithing Supplies > Files, Rasps, Chisels & Engraving Tools","1","2","midwayusa.com","34"
"https://www.midwayusa.com/gauges-rulers-squares-and-levels/br?cid=23808","Gunsmithing Supplies > Gauges, Rulers, Squares & Levels","1","2","midwayusa.com","48"
"https://www.midwayusa.com/punches-and-stamps/br?cid=23806","Gunsmithing Supplies > Punches & Stamps","1","2","midwayusa.com","48"
"https://www.midwayusa.com/vises-and-clamps/br?cid=23815","Gunsmithing Supplies > Vises & Clamps","1","2","midwayusa.com","29"
"https://www.midwayusa.com/body-armor/br?cid=23849","Shooting Gear > Body Armor","1","2","midwayusa.com","31"
"https://www.midwayusa.com/duck-boats-and-motors/br?cid=23444","Hunting Gear > Duck Boats & Motors","1","2","midwayusa.com","38"
"https://www.midwayusa.com/taxidermy-supplies/br?cid=23707","Hunting Gear > Taxidermy Supplies","1","2","midwayusa.com","42"
"https://www.midwayusa.com/trapping/br?cid=21050","Hunting Gear > Trapping","1","2","midwayusa.com","35"
"https://www.midwayusa.com/replacement-blades-and-handles/br?cid=20637","Knives & Tools > Replacement Blades & Handles","1","2","midwayusa.com","39"
"https://www.midwayusa.com/binocular-cases-harnesses-and-covers/br?cid=8652","Optics > Binocular Cases, Harnesses & Covers","1","2","midwayusa.com","35"
"https://www.midwayusa.com/reloading-brass/br?cid=670","Reloading Supplies > Reloading Brass","1","2","midwayusa.com","38"
"https://www.midwayusa.com/comparators/br?cid=9506","Reloading Supplies > Comparators","1","2","midwayusa.com","28"
"https://www.midwayusa.com/reloading-benches-and-stands/br?cid=10458","Reloading Supplies > Reloading Benches & Stands","1","2","midwayusa.com","44"
"https://www.midwayusa.com/handcuffs-and-restraints/br?cid=20924","Shooting Gear > Handcuffs & Restraints","1","2","midwayusa.com","33"
"https://www.midwayusa.com/tactical-vests/br?cid=23105","Shooting Gear > Tactical Vests","1","2","midwayusa.com","27"
"https://www.midwayusa.com/range-bags/br?cid=19645","Shooting Gear > Range Bags","1","2","midwayusa.com","37"
"https://www.midwayusa.com/training-pistols/br?cid=23772","Shooting Gear > Training Pistols","1","2","midwayusa.com","48"
"https://www.midwayusa.com/rangefinders/br?cid=697","Optics > Rangefinders","1","2","midwayusa.com","46"
"https://www.midwayusa.com/arrow-components/br?cid=22745","Archery > Arrow Components","1","2","midwayusa.com","39"
"https://www.midwayusa.com/bullets-and-sabots/br?cid=23214","Black Powder > Bullets & Sabots","1","2","midwayusa.com","45"
"https://www.midwayusa.com/ramrods/br?cid=23210","Black Powder > Ramrods","1","2","midwayusa.com","40"
"https://www.midwayusa.com/reloading-manuals/br?cid=19845","Books, Videos & Software > Reloading Manuals","1","2","midwayusa.com","42"
"https://www.midwayusa.com/batteries/br?cid=21381","Camping & Survival > Batteries","1","2","midwayusa.com","43"
"https://www.midwayusa.com/camp-furniture/br?cid=19782","Camping & Survival > Camp Furniture","1","2","midwayusa.com","36"
"https://www.midwayusa.com/first-aid/br?cid=20174","Camping & Survival > First Aid","1","2","midwayusa.com","47"
"https://www.midwayusa.com/insect-repellent/br?cid=19597","Camping & Survival > Insect Repellent","1","2","midwayusa.com","31"
"https://www.midwayusa.com/rope-paracord-carabiners-and-tie-downs/br?cid=23742","Camping & Survival > Rope, Paracord, Carabiners & Tie-Downs","1","2","midwayusa.com","28"
"https://www.midwayusa.com/saws-and-shears/br?cid=19774","Knives & Tools > Saws & Shears","1","2","midwayusa.com","40"
"https://www.midwayusa.com/bibs/br?cid=23720","Clothing > Bibs","1","2","midwayusa.com","38"
"https://www.midwayusa.com/blowguns/br?cid=21443","Air Guns > Blowguns","1","1","midwayusa.com","17"
"https://www.midwayusa.com/slingshots/br?cid=20879","Air Guns > Slingshots","1","1","midwayusa.com","8"
"https://www.midwayusa.com/air-rifle-scopes/br?cid=11394","Optics > Rifle Scopes > Air Rifle Scopes","1","1","midwayusa.com","11"
"https://www.midwayusa.com/military-surplus-ammo/br?cid=23344","Military Surplus > Military Surplus Ammo","1","1","midwayusa.com","3"
"https://www.midwayusa.com/military-surplus-ammo-cans/br?cid=23390","Military Surplus > Military Surplus Ammo Cans","1","1","midwayusa.com","8"
"https://www.midwayusa.com/arrow-rests/br?cid=22752","Archery > Arrow Rests","1","1","midwayusa.com","23"
"https://www.midwayusa.com/quivers/br?cid=22754","Archery > Quivers","1","1","midwayusa.com","22"
"https://www.midwayusa.com/recurve-bows-and-longbows/br?cid=22778","Archery > Recurve Bows & Longbows","1","1","midwayusa.com","9"
"https://www.midwayusa.com/suspenders/br?cid=23719","Clothing > Suspenders","1","1","midwayusa.com","2"
"https://www.midwayusa.com/watches/br?cid=23153","Clothing > Watches","1","1","midwayusa.com","15"
"https://www.midwayusa.com/wallets/br?cid=23152","Clothing > Wallets","1","1","midwayusa.com","9"
"https://www.midwayusa.com/detergents-and-waterproofing/br?cid=23603","Clothing > Detergents & Waterproofing","1","1","midwayusa.com","3"
"https://www.midwayusa.com/patches/br?cid=23305","Clothing > Patches","1","1","midwayusa.com","22"
"https://www.midwayusa.com/gaiters/br?cid=21850","Footwear > Gaiters","1","1","midwayusa.com","7"
"https://www.midwayusa.com/military-surplus-footwear/br?cid=23392","Military Surplus > Military Surplus Footwear","1","1","midwayusa.com","11"
"https://www.midwayusa.com/waders/br?cid=22859","Footwear > Waders","1","1","midwayusa.com","22"
"https://www.midwayusa.com/boot-dryers-and-racks/br?cid=22862","Footwear > Boot Dryers & Racks","1","1","midwayusa.com","9"
"https://www.midwayusa.com/insoles-and-footwarmers/br?cid=22864","Footwear > Insoles & Footwarmers","1","1","midwayusa.com","5"
"https://www.midwayusa.com/military-surplus-magazines/br?cid=23391","Military Surplus > Military Surplus Magazines","1","1","midwayusa.com","10"
"https://www.midwayusa.com/bore-lapping-and-bore-conditioners/br?cid=23794","Gunsmithing Supplies > Bore Lapping & Bore Conditioners","1","1","midwayusa.com","13"
"https://www.midwayusa.com/bore-lights-and-bore-scopes/br?cid=23795","Gunsmithing Supplies > Bore Lights & Bore Scopes","1","1","midwayusa.com","11"
"https://www.midwayusa.com/calipers-micrometers-and-dial-indicators/br?cid=23796","Gunsmithing Supplies > Calipers, Micrometers & Dial Indicators","1","1","midwayusa.com","18"
"https://www.midwayusa.com/case-hardening-plating-and-parkerizing/br?cid=23797","Gunsmithing Supplies > Case Hardening, Plating & Parkerizing","1","1","midwayusa.com","13"
"https://www.midwayusa.com/drill-bits/br?cid=23798","Gunsmithing Supplies > Drill Bits","1","1","midwayusa.com","19"
"https://www.midwayusa.com/hammers/br?cid=23802","Gunsmithing Supplies > Hammers","1","1","midwayusa.com","13"
"https://www.midwayusa.com/magnifiers-and-visors/br?cid=23803","Gunsmithing Supplies > Magnifiers & Visors","1","1","midwayusa.com","18"
"https://www.midwayusa.com/pliers-tweezers-and-picks/br?cid=23805","Gunsmithing Supplies > Pliers, Tweezers & Picks","1","1","midwayusa.com","17"
"https://www.midwayusa.com/safety-equipment/br?cid=23809","Gunsmithing Supplies > Safety Equipment","1","1","midwayusa.com","5"
"https://www.midwayusa.com/springs/br?cid=23880","Gunsmithing Supplies > Springs","1","1","midwayusa.com","15"
"https://www.midwayusa.com/storage-bins-and-organizers/br?cid=23813","Gunsmithing Supplies > Storage Bins & Organizers","1","1","midwayusa.com","4"
"https://www.midwayusa.com/taps-and-dies/br?cid=23814","Gunsmithing Supplies > Taps & Dies","1","1","midwayusa.com","24"
"https://www.midwayusa.com/wrenches/br?cid=23816","Gunsmithing Supplies > Wrenches","1","1","midwayusa.com","20"
"https://www.midwayusa.com/adhesives-and-solder/br?cid=19821","Gunsmithing Supplies > Adhesives & Solder","1","1","midwayusa.com","18"
"https://www.midwayusa.com/snap-caps-action-dummies-and-dry-fire-blocks/br?cid=10558","Shooting Gear > Snap Caps, Action Dummies & Dry Fire Blocks","1","1","midwayusa.com","13"
"https://www.midwayusa.com/military-surplus-holsters/br?cid=23370","Military Surplus > Military Surplus Gear > Military Surplus Holsters","1","1","midwayusa.com","10"
"https://www.midwayusa.com/action-cameras/br?cid=21392","Hunting Gear > Action Cameras","1","1","midwayusa.com","12"
"https://www.midwayusa.com/face-paint/br?cid=23302","Hunting Gear > Face Paint","1","1","midwayusa.com","5"
"https://www.midwayusa.com/hunting-vests/br?cid=23114","Hunting Gear > Hunting Vests","1","1","midwayusa.com","22"
"https://www.midwayusa.com/outdoor-power-equipment/br?cid=23701","Hunting Gear > Outdoor Power Equipment","1","1","midwayusa.com","9"
"https://www.midwayusa.com/shovels/br?cid=23693","Knives & Tools > Shovels","1","1","midwayusa.com","12"
"https://www.midwayusa.com/knife-sheaths/br?cid=20635","Knives & Tools > Knife Sheaths","1","1","midwayusa.com","20"
"https://www.midwayusa.com/knife-care-and-storage/br?cid=20636","Knives & Tools > Knife Care & Storage","1","1","midwayusa.com","2"
"https://www.midwayusa.com/spears/br?cid=21107","Knives & Tools > Spears","1","1","midwayusa.com","16"
"https://www.midwayusa.com/tactical-pens/br?cid=20934","Knives & Tools > Tactical Pens","1","1","midwayusa.com","9"
"https://www.midwayusa.com/military-surplus-knives-and-tools/br?cid=23393","Military Surplus > Military Surplus Knives & Tools","1","1","midwayusa.com","19"
"https://www.midwayusa.com/crossbow-scopes/br?cid=15263","Optics > Crossbow Scopes","1","1","midwayusa.com","5"
"https://www.midwayusa.com/pistol-scopes/br?cid=11391","Optics > Pistol Scopes","1","1","midwayusa.com","19"
"https://www.midwayusa.com/shotgun-scopes/br?cid=11393","Optics > Shotgun Scopes","1","1","midwayusa.com","8"
"https://www.midwayusa.com/bullet-pullers/br?cid=8606","Reloading Supplies > Bullet Pullers","1","1","midwayusa.com","17"
"https://www.midwayusa.com/calipers-and-micrometers/br?cid=8866","Reloading Supplies > Calipers & Micrometers","1","1","midwayusa.com","17"
"https://www.midwayusa.com/meplat-uniformers-and-trimmers/br?cid=10486","Reloading Supplies > Meplat Uniformers & Trimmers","1","1","midwayusa.com","13"
"https://www.midwayusa.com/reloading-trays/br?cid=8938","Reloading Supplies > Reloading Trays","1","1","midwayusa.com","12"
"https://www.midwayusa.com/stun-guns-and-tasers/br?cid=20778","Shooting Gear > Stun Guns & Tasers","1","1","midwayusa.com","17"
"https://www.midwayusa.com/gun-vises/br?cid=23771","Shooting Gear > Gun Vises","1","1","midwayusa.com","17"
"https://www.midwayusa.com/range-boxes-and-carts/br?cid=23389","Shooting Gear > Range Boxes & Carts","1","1","midwayusa.com","3"
"https://www.midwayusa.com/recoil-shields/br?cid=688","Shooting Gear > Recoil Shields","1","1","midwayusa.com","12"
"https://www.midwayusa.com/shooting-benches/br?cid=15822","Shooting Gear > Shooting Benches","1","1","midwayusa.com","9"
"https://www.midwayusa.com/shooting-mats/br?cid=19764","Shooting Gear > Shooting Mats","1","1","midwayusa.com","9"
"https://www.midwayusa.com/shooting-vests/br?cid=23764","Shooting Gear > Shooting Vests","1","1","midwayusa.com","8"
"https://www.midwayusa.com/wind-meters/br?cid=19650","Shooting Gear > Wind Meters","1","1","midwayusa.com","17"
"https://www.midwayusa.com/arrow-building-and-repair/br?cid=23605","Archery > Arrow Building & Repair","1","1","midwayusa.com","15"
"https://www.midwayusa.com/bow-strings/br?cid=22786","Archery > Bow Strings","1","1","midwayusa.com","17"
"https://www.midwayusa.com/bow-presses-and-tools/br?cid=22785","Archery > Bow Presses & Tools","1","1","midwayusa.com","5"
"https://www.midwayusa.com/breech-plugs-and-wrenches/br?cid=23209","Black Powder > Breech Plugs & Wrenches","1","1","midwayusa.com","16"
"https://www.midwayusa.com/black-powder-cannons/br?cid=23401","Black Powder > Black Powder Cannons","1","1","midwayusa.com","7"
"https://www.midwayusa.com/cappers-and-loaders/br?cid=23211","Black Powder > Cappers & Loaders","1","1","midwayusa.com","22"
"https://www.midwayusa.com/black-powder-measures/br?cid=23205","Black Powder > Black Powder Measures","1","1","midwayusa.com","17"
"https://www.midwayusa.com/percussion-caps-and-primers/br?cid=23215","Black Powder > Percussion Caps & Primers","1","1","midwayusa.com","8"
"https://www.midwayusa.com/shooting-patches-and-wads/br?cid=23216","Black Powder > Shooting Patches & Wads","1","1","midwayusa.com","11"
"https://www.midwayusa.com/black-powder-shotguns/br?cid=23207","Black Powder > Black Powder Shotguns","1","1","midwayusa.com","4"
"https://www.midwayusa.com/black-powder-substitutes/br?cid=23208","Black Powder > Black Powder Substitutes","1","1","midwayusa.com","1"
"https://www.midwayusa.com/flintlock/br?cid=23212","Black Powder > Flintlock","1","1","midwayusa.com","14"
"https://www.midwayusa.com/software/br?cid=22491","Books, Videos & Software > Software","1","1","midwayusa.com","19"
"https://www.midwayusa.com/gift-certificates/br?cid=21427","Books, Videos & Software > Gift Certificates","1","1","midwayusa.com","1"
"https://www.midwayusa.com/memberships-and-subscriptions/br?cid=21362","Books, Videos & Software > Memberships & Subscriptions","1","1","midwayusa.com","2"
"https://www.midwayusa.com/auto/br?cid=23820","Camping & Survival > Auto","1","1","midwayusa.com","4"
"https://www.midwayusa.com/generators-and-solar-power/br?cid=23413","Camping & Survival > Generators & Solar Power","1","1","midwayusa.com","23"
"https://www.midwayusa.com/heaters/br?cid=23423","Camping & Survival > Heaters","1","1","midwayusa.com","12"
"https://www.midwayusa.com/lighters-and-fire-starters/br?cid=20175","Camping & Survival > Lighters & Fire Starters","1","1","midwayusa.com","22"
"https://www.midwayusa.com/metal-detectors/br?cid=21163","Camping & Survival > Metal Detectors","1","1","midwayusa.com","1"
"https://www.midwayusa.com/smokers-grills-and-fryers/br?cid=23234","Camping & Survival > Smokers, Grills & Fryers","1","1","midwayusa.com","4"
"https://www.midwayusa.com/trekking-poles/br?cid=23402","Camping & Survival > Trekking Poles","1","1","midwayusa.com","11"
"https://www.midwayusa.com/coveralls/br?cid=23721","Clothing > Coveralls","1","1","midwayusa.com","7"
"https://www.midwayusa.com/ghillie-suits-and-3-d-clothing/br?cid=23731","Clothing > Ghillie Suits & 3-D Clothing","1","1","midwayusa.com","6"
"https://www.midwayusa.com/hand-warmers/br?cid=23722","Clothing > Hand Warmers","1","1","midwayusa.com","17"
"https://www.midwayusa.com/knee-pads-and-chaps/br?cid=23723","Clothing > Knee Pads & Chaps","1","1","midwayusa.com","7"
"https://www.midwayusa.com/ponchos/br?cid=23726","Clothing > Ponchos","1","1","midwayusa.com","3"
